[2026-08-02 14:10:23,182][HYDRA] Hydra 1.3.4
[2026-08-02 14:10:23,182][HYDRA] ===========
[2026-08-02 14:10:23,182][HYDRA] Installed Hydra Plugins
[2026-08-02 14:10:23,182][HYDRA] ***********************
[2026-08-02 14:10:23,182][HYDRA] 	ConfigSource:
[2026-08-02 14:10:23,182][HYDRA] 	-------------
[2026-08-02 14:10:23,182][HYDRA] 		FileConfigSource
[2026-08-02 14:10:23,182][HYDRA] 		ImportlibResourcesConfigSource
[2026-08-02 14:10:23,182][HYDRA] 		StructuredConfigSource
[2026-08-02 14:10:23,182][HYDRA] 	CompletionPlugin:
[2026-08-02 14:10:23,182][HYDRA] 	-----------------
[2026-08-02 14:10:23,182][HYDRA] 		BashCompletion
[2026-08-02 14:10:23,182][HYDRA] 		FishCompletion
[2026-08-02 14:10:23,182][HYDRA] 		ZshCompletion
[2026-08-02 14:10:23,182][HYDRA] 	Launcher:
[2026-08-02 14:10:23,182][HYDRA] 	---------
[2026-08-02 14:10:23,182][HYDRA] 		BasicLauncher
[2026-08-02 14:10:23,182][HYDRA] 	Sweeper:
[2026-08-02 14:10:23,182][HYDRA] 	--------
[2026-08-02 14:10:23,182][HYDRA] 		BasicSweeper
[2026-08-02 14:10:23,182][HYDRA] 
[2026-08-02 14:10:23,182][HYDRA] Config search path
[2026-08-02 14:10:23,182][HYDRA] ******************
[2026-08-02 14:10:23,250][HYDRA] | Provider | Search path                                                                                    |
[2026-08-02 14:10:23,250][HYDRA] -------------------------------------------------------------------------------------------------------------
[2026-08-02 14:10:23,250][HYDRA] | hydra    | pkg://hydra.conf                                                                               |
[2026-08-02 14:10:23,250][HYDRA] | main     | file:///home/chenkejun/beauty/conceptgraphs/code/concept-graphs-ali/conceptgraph/hydra_configs |
[2026-08-02 14:10:23,250][HYDRA] | schema   | structured://                                                                                  |
[2026-08-02 14:10:23,250][HYDRA] -------------------------------------------------------------------------------------------------------------
[2026-08-02 14:10:23,288][HYDRA] 
[2026-08-02 14:10:23,288][HYDRA] Defaults Tree
[2026-08-02 14:10:23,288][HYDRA] *************
[2026-08-02 14:10:23,288][HYDRA] <root>:
[2026-08-02 14:10:23,288][HYDRA]   hydra/config:
[2026-08-02 14:10:23,288][HYDRA]     hydra/output: default
[2026-08-02 14:10:23,288][HYDRA]     hydra/launcher: basic
[2026-08-02 14:10:23,288][HYDRA]     hydra/sweeper: basic
[2026-08-02 14:10:23,288][HYDRA]     hydra/help: default
[2026-08-02 14:10:23,288][HYDRA]     hydra/hydra_help: default
[2026-08-02 14:10:23,288][HYDRA]     hydra/hydra_logging: default
[2026-08-02 14:10:23,288][HYDRA]     hydra/job_logging: custom_logging_format
[2026-08-02 14:10:23,288][HYDRA]     hydra/callbacks: null
[2026-08-02 14:10:23,288][HYDRA]     hydra/env: default
[2026-08-02 14:10:23,288][HYDRA]     _self_
[2026-08-02 14:10:23,288][HYDRA]   rerun_realtime_mapping:
[2026-08-02 14:10:23,288][HYDRA]     base
[2026-08-02 14:10:23,288][HYDRA]     base_mapping:
[2026-08-02 14:10:23,288][HYDRA]       base_paths
[2026-08-02 14:10:23,288][HYDRA]       _self_
[2026-08-02 14:10:23,288][HYDRA]     replica:
[2026-08-02 14:10:23,288][HYDRA]       base_paths
[2026-08-02 14:10:23,289][HYDRA]       _self_
[2026-08-02 14:10:23,289][HYDRA]     sam
[2026-08-02 14:10:23,289][HYDRA]     classes:
[2026-08-02 14:10:23,289][HYDRA]       base_paths
[2026-08-02 14:10:23,289][HYDRA]       _self_
[2026-08-02 14:10:23,289][HYDRA]     logging_level
[2026-08-02 14:10:23,289][HYDRA]     _self_
[2026-08-02 14:10:23,326][HYDRA] 
[2026-08-02 14:10:23,326][HYDRA] Defaults List
[2026-08-02 14:10:23,326][HYDRA] *************
[2026-08-02 14:10:23,326][HYDRA] | Config path                             | Package             | _self_ | Parent                 | 
[2026-08-02 14:10:23,326][HYDRA] ----------------------------------------------------------------------------------------------------
[2026-08-02 14:10:23,326][HYDRA] | hydra/output/default                    | hydra               | False  | hydra/config           |
[2026-08-02 14:10:23,326][HYDRA] | hydra/launcher/basic                    | hydra.launcher      | False  | hydra/config           |
[2026-08-02 14:10:23,327][HYDRA] | hydra/sweeper/basic                     | hydra.sweeper       | False  | hydra/config           |
[2026-08-02 14:10:23,327][HYDRA] | hydra/help/default                      | hydra.help          | False  | hydra/config           |
[2026-08-02 14:10:23,327][HYDRA] | hydra/hydra_help/default                | hydra.hydra_help    | False  | hydra/config           |
[2026-08-02 14:10:23,327][HYDRA] | hydra/hydra_logging/default             | hydra.hydra_logging | False  | hydra/config           |
[2026-08-02 14:10:23,327][HYDRA] | hydra/job_logging/custom_logging_format | hydra.job_logging   | False  | hydra/config           |
[2026-08-02 14:10:23,327][HYDRA] | hydra/env/default                       | hydra.env           | False  | hydra/config           |
[2026-08-02 14:10:23,327][HYDRA] | hydra/config                            | hydra               | True   | <root>                 |
[2026-08-02 14:10:23,327][HYDRA] | base                                    |                     | False  | rerun_realtime_mapping |
[2026-08-02 14:10:23,327][HYDRA] | base_paths                              |                     | False  | base_mapping           |
[2026-08-02 14:10:23,327][HYDRA] | base_mapping                            |                     | True   | rerun_realtime_mapping |
[2026-08-02 14:10:23,327][HYDRA] | base_paths                              |                     | False  | replica                |
[2026-08-02 14:10:23,327][HYDRA] | replica                                 |                     | True   | rerun_realtime_mapping |
[2026-08-02 14:10:23,327][HYDRA] | sam                                     |                     | False  | rerun_realtime_mapping |
[2026-08-02 14:10:23,327][HYDRA] | base_paths                              |                     | False  | classes                |
[2026-08-02 14:10:23,327][HYDRA] | classes                                 |                     | True   | rerun_realtime_mapping |
[2026-08-02 14:10:23,327][HYDRA] | logging_level                           |                     | False  | rerun_realtime_mapping |
[2026-08-02 14:10:23,327][HYDRA] | rerun_realtime_mapping                  |                     | True   | <root>                 |
[2026-08-02 14:10:23,327][HYDRA] ----------------------------------------------------------------------------------------------------
[2026-08-02 14:10:23,390][HYDRA] Config
[2026-08-02 14:10:23,390][HYDRA] ******
[2026-08-02 14:10:23,393][HYDRA] use_wandb: false
use_rerun: false
repo_root: /home/chenkejun/beauty/conceptgraphs/code/concept-graphs-ali
data_root: /home/chenkejun/beauty/conceptgraphs/data
dataset_root: ${data_root}/Replica
dataset_config: ${repo_root}/conceptgraph/dataset/dataconfigs/replica/replica.yaml
scene_id: room0
start: 0
end: 100
stride: 20
image_height: null
image_width: null
make_edges: false
periodically_save_pcd: false
periodically_save_pcd_interval: 10
detections_exp_suffix: smoke_detections_stride20
exit_early_file: ${repo_root}/conceptgraph/hydra_configs/early_exit.json
device: cuda
use_iou: true
spatial_sim_type: overlap
phys_bias: 0.0
match_method: sim_sum
semantic_threshold: 0.5
physical_threshold: 0.5
sim_threshold: 1.2
use_contain_number: false
contain_area_thresh: 0.95
contain_mismatch_penalty: 0.5
mask_area_threshold: 25
mask_conf_threshold: 0.25
max_bbox_area_ratio: 0.5
min_points_threshold: 16
obj_pcd_max_points: 5000
downsample_voxel_size: 0.01
dbscan_remove_noise: true
dbscan_eps: 0.1
dbscan_min_points: 10
obj_min_points: 0
obj_min_detections: 1
merge_overlap_thresh: 0.7
merge_visual_sim_thresh: 0.7
merge_text_sim_thresh: 0.7
denoise_interval: 5
filter_interval: 5
merge_interval: 5
run_denoise_final_frame: true
run_filter_final_frame: true
run_merge_final_frame: true
save_pcd: true
save_json: true
save_suffix: exp_streamlined_mapping_base_suffix
vis_render: false
debug_render: false
class_agnostic: false
save_objects_all_frames: false
save_rerun: true
latest_pcd_filepath: ${repo_root}/latest_pcd_save
render_camera_path: ${repo_root}/conceptgraph/dataset/dataconfigs/replica/replica_room0.json
sam_variant: sam
sam_encoder_version: vit_h
sam_checkpoint_path: /home/kuwajerw/repos/new_segment_anything/Grounded-Segment-Anything/sam_vit_h_4b8939.pth
mobile_sam_path: /home/kuwajerw/repos/new_segment_anything/Grounded-Segment-Anything/mobile_sam.pt
classes_file: ${repo_root}/conceptgraph/scannet200_classes.txt
bg_classes:
- wall
- floor
- ceiling
skip_bg: false
force_detection: true
save_detections: true
exp_suffix: smoke_mapping_stride20_gpu0
save_video: false

[2026-08-02 14:10:23,415][INFO][m:optional_rerun_wrapper][fn:set_use_rerun][ln:28] - rerun functionality is disabled in the config. Not using rerun for logging.
[2026-08-02 14:10:23,415][DEBUG][m:optional_rerun_wrapper][fn:method][ln:40] - Skipping optional rerun call to 'init' because rerun usage is disabled.
[2026-08-02 14:10:23,415][DEBUG][m:optional_rerun_wrapper][fn:method][ln:40] - Skipping optional rerun call to 'spawn' because rerun usage is disabled.
[2026-08-02 14:10:23,415][INFO][m:optional_wandb_wrapper][fn:set_use_wandb][ln:111] - wandb functionality is disabled in the config. Not using wandb for logging.
[2026-08-02 14:10:23,417][DEBUG][m:optional_wandb_wrapper][fn:method][ln:139] - Skipping optional wandb call to 'init' because wandb usage is disabled.
Setting image height and width to 680 x 1200
Done! Execution time of get_dataset function: 0.06 seconds
Running detections...
Running detections...
Running detections...
Running detections...
Running detections...
Running detections...
Running detections...
Running detections...
Running detections...
Running detections...
Done! Execution time of YOLO function: 0.11 seconds
[2026-08-02 14:10:25,625][INFO][m:factory][fn:create_model][ln:326] - Parsing model identifier. Schema: None, Identifier: ViT-H-14
[2026-08-02 14:10:25,625][INFO][m:factory][fn:create_model][ln:403] - Loaded built-in ViT-H-14 model config.
[2026-08-02 14:10:25,643][DEBUG][m:_trace][fn:trace][ln:47] - connect_tcp.started host='127.0.0.1' port=7890 local_address=None timeout=10 socket_options=None
[2026-08-02 14:10:25,644][DEBUG][m:_trace][fn:trace][ln:47] - connect_tcp.complete return_value=<httpcore._backends.sync.SyncStream object at 0x71fec93a1030>
[2026-08-02 14:10:25,644][DEBUG][m:_trace][fn:trace][ln:47] - send_request_headers.started request=<Request [b'CONNECT']>
[2026-08-02 14:10:25,644][DEBUG][m:_trace][fn:trace][ln:47] - send_request_headers.complete
[2026-08-02 14:10:25,644][DEBUG][m:_trace][fn:trace][ln:47] - send_request_body.started request=<Request [b'CONNECT']>
[2026-08-02 14:10:25,644][DEBUG][m:_trace][fn:trace][ln:47] - send_request_body.complete
[2026-08-02 14:10:25,644][DEBUG][m:_trace][fn:trace][ln:47] - receive_response_headers.started request=<Request [b'CONNECT']>
[2026-08-02 14:10:25,644][DEBUG][m:_trace][fn:trace][ln:47] - receive_response_headers.complete return_value=(b'HTTP/1.1', 200, b'Connection established', [])
[2026-08-02 14:10:25,645][DEBUG][m:_trace][fn:trace][ln:47] - start_tls.started ssl_context=<ssl.SSLContext object at 0x71fec8f179c0> server_hostname='huggingface.co' timeout=10
[2026-08-02 14:10:25,969][DEBUG][m:_trace][fn:trace][ln:47] - start_tls.complete return_value=<httpcore._backends.sync.SyncStream object at 0x71fec93a21a0>
[2026-08-02 14:10:25,969][DEBUG][m:_trace][fn:trace][ln:47] - send_request_headers.started request=<Request [b'HEAD']>
[2026-08-02 14:10:25,970][DEBUG][m:_trace][fn:trace][ln:47] - send_request_headers.complete
[2026-08-02 14:10:25,970][DEBUG][m:_trace][fn:trace][ln:47] - send_request_body.started request=<Request [b'HEAD']>
[2026-08-02 14:10:25,970][DEBUG][m:_trace][fn:trace][ln:47] - send_request_body.complete
[2026-08-02 14:10:25,970][DEBUG][m:_trace][fn:trace][ln:47] - receive_response_headers.started request=<Request [b'HEAD']>
[REDACTED_SIGNED_DOWNLOAD_URL]
[2026-08-02 14:10:26,303][INFO][m:_client][fn:_send_single_request][ln:1025] - HTTP Request: HEAD https://huggingface.co/laion/CLIP-ViT-H-14-laion2B-s32B-b79K/resolve/main/open_clip_model.safetensors "HTTP/1.1 302 Found"
[2026-08-02 14:10:26,303][DEBUG][m:_trace][fn:trace][ln:47] - receive_response_body.started request=<Request [b'HEAD']>
[2026-08-02 14:10:26,303][DEBUG][m:_trace][fn:trace][ln:47] - receive_response_body.complete
[2026-08-02 14:10:26,303][DEBUG][m:_trace][fn:trace][ln:47] - response_closed.started
[2026-08-02 14:10:26,304][DEBUG][m:_trace][fn:trace][ln:47] - response_closed.complete
Warning: You are sending unauthenticated requests to the HF Hub. Please set a HF_TOKEN to enable higher rate limits and faster downloads.
[2026-08-02 14:10:26,304][WARNING][m:_http][fn:_warn_on_warning_headers][ln:951] - Warning: You are sending unauthenticated requests to the HF Hub. Please set a HF_TOKEN to enable higher rate limits and faster downloads.
[2026-08-02 14:10:26,305][INFO][m:factory][fn:create_model][ln:500] - Instantiating model architecture: CLIP
[2026-08-02 14:10:31,708][INFO][m:factory][fn:create_model][ln:507] - Loading full pretrained weights from: /home/chenkejun/beauty/conceptgraphs/models/huggingface/hub/models--laion--CLIP-ViT-H-14-laion2B-s32B-b79K/snapshots/1c2b8495b28150b8a4922ee1c8edee224c284c0c/open_clip_model.safetensors
[2026-08-02 14:10:32,017][INFO][m:factory][fn:create_model][ln:621] - Final image preprocessing configuration set: {'size': (224, 224), 'mode': 'RGB', 'mean': (0.48145466, 0.4578275, 0.40821073), 'std': (0.26862954, 0.26130258, 0.27577711), 'interpolation': 'bicubic', 'resize_mode': 'shortest', 'fill_color': 0}
[2026-08-02 14:10:32,017][INFO][m:factory][fn:create_model][ln:624] - Model ViT-H-14 creation process complete.
[2026-08-02 14:10:32,719][INFO][m:factory][fn:get_tokenizer][ln:649] - Parsing tokenizer identifier. Schema: None, Identifier: ViT-H-14
[2026-08-02 14:10:32,719][INFO][m:factory][fn:get_tokenizer][ln:694] - Attempting to load config from built-in: ViT-H-14
[2026-08-02 14:10:32,720][INFO][m:factory][fn:get_tokenizer][ln:749] - Using default SimpleTokenizer.
  0%|          | 0/5 [00:00<?, ?it/s][2026-08-02 14:10:36,358][DEBUG][m:optional_rerun_wrapper][fn:method][ln:40] - Skipping optional rerun call to 'set_time_sequence' because rerun usage is disabled.
[2026-08-02 14:10:36,359][DEBUG][m:Image][fn:_import_plugin_for_extension][ln:421] - Importing JpegImagePlugin
[2026-08-02 14:10:36,385][DEBUG][m:PngImagePlugin][fn:call][ln:204] - STREAM b'IHDR' 16 13
[2026-08-02 14:10:36,386][DEBUG][m:PngImagePlugin][fn:call][ln:204] - STREAM b'IDAT' 41 8192
Removing couch because it has an IoU of 0.9999279798343537 with object sofa chair.
Removing coffee maker because it has an IoU of 0.9990909090909091 with object coffee kettle.
Removing cabinet because it has an IoU of 0.9995705784921171 with object shelf.
Removing end table because it has an IoU of 0.9860257126886529 with object coffee table.
Removing end table because it has an IoU of 0.9951765987241326 with object cabinet.
Removing lamp because it has an IoU of 0.9967208300704777 with object lamp.
Removing dresser because it has an IoU of 0.9995309568480301 with object cabinet.
Removing telephone because it has an IoU of 0.9989816700610998 with object light switch.
Removing shelf because it has an IoU of 0.9984382320787131 with object cabinet.
Removing wall because it is a background class, specifically ['wall', 'floor', 'ceiling'].
Removing wall because it is a background class, specifically ['wall', 'floor', 'ceiling'].
Removing power outlet because it has an IoU of 0.9979674796747967 with object light switch.
[2026-08-02 14:10:38,692][DEBUG][m:optional_rerun_wrapper][fn:method][ln:40] - Skipping optional rerun call to 'Pinhole' because rerun usage is disabled.
[2026-08-02 14:10:38,692][DEBUG][m:optional_rerun_wrapper][fn:method][ln:40] - Skipping optional rerun call to 'log' because rerun usage is disabled.
[2026-08-02 14:10:38,692][DEBUG][m:optional_rerun_wrapper][fn:method][ln:40] - Skipping optional rerun call to 'Transform3D' because rerun usage is disabled.
[2026-08-02 14:10:38,692][DEBUG][m:optional_rerun_wrapper][fn:method][ln:40] - Skipping optional rerun call to 'log' because rerun usage is disabled.
[2026-08-02 14:10:38,692][DEBUG][m:optional_rerun_wrapper][fn:method][ln:40] - Skipping optional rerun call to 'ImageEncoded' because rerun usage is disabled.
[2026-08-02 14:10:38,692][DEBUG][m:optional_rerun_wrapper][fn:method][ln:40] - Skipping optional rerun call to 'log' because rerun usage is disabled.
[2026-08-02 14:10:38,693][DEBUG][m:optional_rerun_wrapper][fn:method][ln:40] - Skipping optional rerun call to 'ImageEncoded' because rerun usage is disabled.
[2026-08-02 14:10:38,693][DEBUG][m:optional_rerun_wrapper][fn:method][ln:40] - Skipping optional rerun call to 'log' because rerun usage is disabled.
[2026-08-02 14:10:38,693][DEBUG][m:optional_rerun_wrapper][fn:method][ln:40] - Skipping optional rerun call to 'DepthImage' because rerun usage is disabled.
[2026-08-02 14:10:38,693][DEBUG][m:optional_rerun_wrapper][fn:method][ln:40] - Skipping optional rerun call to 'log' because rerun usage is disabled.
[2026-08-02 14:10:38,693][WARNING][m:optional_rerun_wrapper][fn:orr_log_vlm_image][ln:132] - VLM image not found at path: /home/chenkejun/beauty/conceptgraphs/data/Replica/room0/exps/smoke_detections_stride20/vis/frame000000annotated_for_vlm.jpg
[2026-08-02 14:10:38,693][WARNING][m:optional_rerun_wrapper][fn:orr_log_vlm_image][ln:132] - VLM image not found at path: /home/chenkejun/beauty/conceptgraphs/data/Replica/room0/exps/smoke_detections_stride20/vis/frame000000annotated_for_vlm_w_edges.jpg
Done! Execution time of detections_to_obj_pcd_and_bbox function: 0.13 seconds
[2026-08-02 14:10:39,190][DEBUG][m:optional_wandb_wrapper][fn:method][ln:139] - Skipping optional wandb call to 'log' because wandb usage is disabled.
 20%|██        | 1/5 [00:02<00:11,  2.83s/it][2026-08-02 14:10:39,190][DEBUG][m:optional_rerun_wrapper][fn:method][ln:40] - Skipping optional rerun call to 'set_time_sequence' because rerun usage is disabled.
[2026-08-02 14:10:39,208][DEBUG][m:PngImagePlugin][fn:call][ln:204] - STREAM b'IHDR' 16 13
[2026-08-02 14:10:39,208][DEBUG][m:PngImagePlugin][fn:call][ln:204] - STREAM b'IDAT' 41 8192
Removing couch because it has an IoU of 0.9999649258181053 with object sofa chair.
Removing tissue box because it has an IoU of 0.9879049676025918 with object potted plant.
Removing power outlet because it has an IoU of 0.9977528089887641 with object light switch.
Removing cabinet because it has an IoU of 0.9997128911857595 with object desk.
Removing coffee maker because it has an IoU of 0.9981203007518797 with object coffee kettle.
Removing light switch because it has an IoU of 1.0 with object power outlet.
Removing soap dispenser because it has an IoU of 0.9990592662276576 with object coffee kettle.
Removing door because it has an IoU of 0.9993767352257918 with object closet door.
Removing door because it has an IoU of 0.9980551233607469 with object closet door.
Removing lamp because it has an IoU of 0.9927605600095728 with object lamp.
Removing end table because it has an IoU of 0.9925997425997426 with object cabinet.
Removing dresser because it has an IoU of 0.99501287001287 with object cabinet.
Removing shelf because it has an IoU of 0.9752252252252253 with object cabinet.
Removing toaster because it has an IoU of 0.998766954377312 with object box.
[2026-08-02 14:10:40,763][DEBUG][m:optional_rerun_wrapper][fn:method][ln:40] - Skipping optional rerun call to 'Pinhole' because rerun usage is disabled.
[2026-08-02 14:10:40,763][DEBUG][m:optional_rerun_wrapper][fn:method][ln:40] - Skipping optional rerun call to 'log' because rerun usage is disabled.
[2026-08-02 14:10:40,763][DEBUG][m:optional_rerun_wrapper][fn:method][ln:40] - Skipping optional rerun call to 'Transform3D' because rerun usage is disabled.
[2026-08-02 14:10:40,763][DEBUG][m:optional_rerun_wrapper][fn:method][ln:40] - Skipping optional rerun call to 'log' because rerun usage is disabled.
[2026-08-02 14:10:40,763][DEBUG][m:optional_rerun_wrapper][fn:method][ln:40] - Skipping optional rerun call to 'LineStrips3D' because rerun usage is disabled.
[2026-08-02 14:10:40,763][DEBUG][m:optional_rerun_wrapper][fn:method][ln:40] - Skipping optional rerun call to 'log' because rerun usage is disabled.
[2026-08-02 14:10:40,763][DEBUG][m:optional_rerun_wrapper][fn:method][ln:40] - Skipping optional rerun call to 'ImageEncoded' because rerun usage is disabled.
[2026-08-02 14:10:40,763][DEBUG][m:optional_rerun_wrapper][fn:method][ln:40] - Skipping optional rerun call to 'log' because rerun usage is disabled.
[2026-08-02 14:10:40,763][DEBUG][m:optional_rerun_wrapper][fn:method][ln:40] - Skipping optional rerun call to 'ImageEncoded' because rerun usage is disabled.
[2026-08-02 14:10:40,763][DEBUG][m:optional_rerun_wrapper][fn:method][ln:40] - Skipping optional rerun call to 'log' because rerun usage is disabled.
[2026-08-02 14:10:40,764][DEBUG][m:optional_rerun_wrapper][fn:method][ln:40] - Skipping optional rerun call to 'DepthImage' because rerun usage is disabled.
[2026-08-02 14:10:40,764][DEBUG][m:optional_rerun_wrapper][fn:method][ln:40] - Skipping optional rerun call to 'log' because rerun usage is disabled.
[2026-08-02 14:10:40,764][WARNING][m:optional_rerun_wrapper][fn:orr_log_vlm_image][ln:132] - VLM image not found at path: /home/chenkejun/beauty/conceptgraphs/data/Replica/room0/exps/smoke_detections_stride20/vis/frame000020annotated_for_vlm.jpg
[2026-08-02 14:10:40,764][WARNING][m:optional_rerun_wrapper][fn:orr_log_vlm_image][ln:132] - VLM image not found at path: /home/chenkejun/beauty/conceptgraphs/data/Replica/room0/exps/smoke_detections_stride20/vis/frame000020annotated_for_vlm_w_edges.jpg
Done! Execution time of detections_to_obj_pcd_and_bbox function: 0.13 seconds
[2026-08-02 14:10:41,386][DEBUG][m:optional_wandb_wrapper][fn:method][ln:139] - Skipping optional wandb call to 'log' because wandb usage is disabled.
Line 624, curr_edges_3d_by_index: []
[2026-08-02 14:10:41,386][DEBUG][m:optional_rerun_wrapper][fn:method][ln:40] - Skipping optional rerun call to 'Points3D' because rerun usage is disabled.
[2026-08-02 14:10:41,387][DEBUG][m:optional_rerun_wrapper][fn:method][ln:40] - Skipping optional rerun call to 'AnyValues' because rerun usage is disabled.
[2026-08-02 14:10:41,387][DEBUG][m:optional_rerun_wrapper][fn:method][ln:40] - Skipping optional rerun call to 'log' because rerun usage is disabled.
[2026-08-02 14:10:41,387][DEBUG][m:optional_rerun_wrapper][fn:method][ln:40] - Skipping optional rerun call to 'Points3D' because rerun usage is disabled.
[2026-08-02 14:10:41,387][DEBUG][m:optional_rerun_wrapper][fn:method][ln:40] - Skipping optional rerun call to 'AnyValues' because rerun usage is disabled.
[2026-08-02 14:10:41,387][DEBUG][m:optional_rerun_wrapper][fn:method][ln:40] - Skipping optional rerun call to 'log' because rerun usage is disabled.
[2026-08-02 14:10:41,387][DEBUG][m:optional_rerun_wrapper][fn:method][ln:40] - Skipping optional rerun call to 'Points3D' because rerun usage is disabled.
[2026-08-02 14:10:41,387][DEBUG][m:optional_rerun_wrapper][fn:method][ln:40] - Skipping optional rerun call to 'AnyValues' because rerun usage is disabled.
[2026-08-02 14:10:41,387][DEBUG][m:optional_rerun_wrapper][fn:method][ln:40] - Skipping optional rerun call to 'log' because rerun usage is disabled.
[2026-08-02 14:10:41,387][DEBUG][m:optional_rerun_wrapper][fn:method][ln:40] - Skipping optional rerun call to 'Boxes3D' because rerun usage is disabled.
[2026-08-02 14:10:41,387][DEBUG][m:optional_rerun_wrapper][fn:method][ln:40] - Skipping optional rerun call to 'AnyValues' because rerun usage is disabled.
[2026-08-02 14:10:41,387][DEBUG][m:optional_rerun_wrapper][fn:method][ln:40] - Skipping optional rerun call to 'log' because rerun usage is disabled.
[2026-08-02 14:10:41,387][DEBUG][m:optional_rerun_wrapper][fn:method][ln:40] - Skipping optional rerun call to 'Boxes3D' because rerun usage is disabled.
[2026-08-02 14:10:41,387][DEBUG][m:optional_rerun_wrapper][fn:method][ln:40] - Skipping optional rerun call to 'AnyValues' because rerun usage is disabled.
[2026-08-02 14:10:41,387][DEBUG][m:optional_rerun_wrapper][fn:method][ln:40] - Skipping optional rerun call to 'log' because rerun usage is disabled.
[2026-08-02 14:10:41,387][DEBUG][m:optional_rerun_wrapper][fn:method][ln:40] - Skipping optional rerun call to 'Boxes3D' because rerun usage is disabled.
[2026-08-02 14:10:41,387][DEBUG][m:optional_rerun_wrapper][fn:method][ln:40] - Skipping optional rerun call to 'AnyValues' because rerun usage is disabled.
[2026-08-02 14:10:41,387][DEBUG][m:optional_rerun_wrapper][fn:method][ln:40] - Skipping optional rerun call to 'log' because rerun usage is disabled.
[2026-08-02 14:10:41,387][DEBUG][m:optional_rerun_wrapper][fn:method][ln:40] - Skipping optional rerun call to 'Points3D' because rerun usage is disabled.
[2026-08-02 14:10:41,387][DEBUG][m:optional_rerun_wrapper][fn:method][ln:40] - Skipping optional rerun call to 'AnyValues' because rerun usage is disabled.
[2026-08-02 14:10:41,387][DEBUG][m:optional_rerun_wrapper][fn:method][ln:40] - Skipping optional rerun call to 'log' because rerun usage is disabled.
[2026-08-02 14:10:41,387][DEBUG][m:optional_rerun_wrapper][fn:method][ln:40] - Skipping optional rerun call to 'Points3D' because rerun usage is disabled.
[2026-08-02 14:10:41,387][DEBUG][m:optional_rerun_wrapper][fn:method][ln:40] - Skipping optional rerun call to 'AnyValues' because rerun usage is disabled.
[2026-08-02 14:10:41,387][DEBUG][m:optional_rerun_wrapper][fn:method][ln:40] - Skipping optional rerun call to 'log' because rerun usage is disabled.
[2026-08-02 14:10:41,387][DEBUG][m:optional_rerun_wrapper][fn:method][ln:40] - Skipping optional rerun call to 'Points3D' because rerun usage is disabled.
[2026-08-02 14:10:41,387][DEBUG][m:optional_rerun_wrapper][fn:method][ln:40] - Skipping optional rerun call to 'AnyValues' because rerun usage is disabled.
[2026-08-02 14:10:41,387][DEBUG][m:optional_rerun_wrapper][fn:method][ln:40] - Skipping optional rerun call to 'log' because rerun usage is disabled.
[2026-08-02 14:10:41,387][DEBUG][m:optional_rerun_wrapper][fn:method][ln:40] - Skipping optional rerun call to 'Boxes3D' because rerun usage is disabled.
[2026-08-02 14:10:41,387][DEBUG][m:optional_rerun_wrapper][fn:method][ln:40] - Skipping optional rerun call to 'AnyValues' because rerun usage is disabled.
[2026-08-02 14:10:41,387][DEBUG][m:optional_rerun_wrapper][fn:method][ln:40] - Skipping optional rerun call to 'log' because rerun usage is disabled.
[2026-08-02 14:10:41,387][DEBUG][m:optional_rerun_wrapper][fn:method][ln:40] - Skipping optional rerun call to 'Boxes3D' because rerun usage is disabled.
[2026-08-02 14:10:41,388][DEBUG][m:optional_rerun_wrapper][fn:method][ln:40] - Skipping optional rerun call to 'AnyValues' because rerun usage is disabled.
[2026-08-02 14:10:41,388][DEBUG][m:optional_rerun_wrapper][fn:method][ln:40] - Skipping optional rerun call to 'log' because rerun usage is disabled.
[2026-08-02 14:10:41,388][DEBUG][m:optional_rerun_wrapper][fn:method][ln:40] - Skipping optional rerun call to 'Boxes3D' because rerun usage is disabled.
[2026-08-02 14:10:41,388][DEBUG][m:optional_rerun_wrapper][fn:method][ln:40] - Skipping optional rerun call to 'AnyValues' because rerun usage is disabled.
[2026-08-02 14:10:41,388][DEBUG][m:optional_rerun_wrapper][fn:method][ln:40] - Skipping optional rerun call to 'log' because rerun usage is disabled.
[2026-08-02 14:10:41,388][DEBUG][m:optional_rerun_wrapper][fn:method][ln:40] - Skipping optional rerun call to 'Points3D' because rerun usage is disabled.
[2026-08-02 14:10:41,388][DEBUG][m:optional_rerun_wrapper][fn:method][ln:40] - Skipping optional rerun call to 'AnyValues' because rerun usage is disabled.
[2026-08-02 14:10:41,388][DEBUG][m:optional_rerun_wrapper][fn:method][ln:40] - Skipping optional rerun call to 'log' because rerun usage is disabled.
[2026-08-02 14:10:41,388][DEBUG][m:optional_rerun_wrapper][fn:method][ln:40] - Skipping optional rerun call to 'Points3D' because rerun usage is disabled.
[2026-08-02 14:10:41,388][DEBUG][m:optional_rerun_wrapper][fn:method][ln:40] - Skipping optional rerun call to 'AnyValues' because rerun usage is disabled.
[2026-08-02 14:10:41,388][DEBUG][m:optional_rerun_wrapper][fn:method][ln:40] - Skipping optional rerun call to 'log' because rerun usage is disabled.
[2026-08-02 14:10:41,388][DEBUG][m:optional_rerun_wrapper][fn:method][ln:40] - Skipping optional rerun call to 'Points3D' because rerun usage is disabled.
[2026-08-02 14:10:41,388][DEBUG][m:optional_rerun_wrapper][fn:method][ln:40] - Skipping optional rerun call to 'AnyValues' because rerun usage is disabled.
[2026-08-02 14:10:41,388][DEBUG][m:optional_rerun_wrapper][fn:method][ln:40] - Skipping optional rerun call to 'log' because rerun usage is disabled.
[2026-08-02 14:10:41,388][DEBUG][m:optional_rerun_wrapper][fn:method][ln:40] - Skipping optional rerun call to 'Boxes3D' because rerun usage is disabled.
[2026-08-02 14:10:41,388][DEBUG][m:optional_rerun_wrapper][fn:method][ln:40] - Skipping optional rerun call to 'AnyValues' because rerun usage is disabled.
[2026-08-02 14:10:41,388][DEBUG][m:optional_rerun_wrapper][fn:method][ln:40] - Skipping optional rerun call to 'log' because rerun usage is disabled.
[2026-08-02 14:10:41,388][DEBUG][m:optional_rerun_wrapper][fn:method][ln:40] - Skipping optional rerun call to 'Boxes3D' because rerun usage is disabled.
[2026-08-02 14:10:41,388][DEBUG][m:optional_rerun_wrapper][fn:method][ln:40] - Skipping optional rerun call to 'AnyValues' because rerun usage is disabled.
[2026-08-02 14:10:41,388][DEBUG][m:optional_rerun_wrapper][fn:method][ln:40] - Skipping optional rerun call to 'log' because rerun usage is disabled.
[2026-08-02 14:10:41,388][DEBUG][m:optional_rerun_wrapper][fn:method][ln:40] - Skipping optional rerun call to 'Boxes3D' because rerun usage is disabled.
[2026-08-02 14:10:41,388][DEBUG][m:optional_rerun_wrapper][fn:method][ln:40] - Skipping optional rerun call to 'AnyValues' because rerun usage is disabled.
[2026-08-02 14:10:41,388][DEBUG][m:optional_rerun_wrapper][fn:method][ln:40] - Skipping optional rerun call to 'log' because rerun usage is disabled.
[2026-08-02 14:10:41,388][DEBUG][m:optional_rerun_wrapper][fn:method][ln:40] - Skipping optional rerun call to 'Points3D' because rerun usage is disabled.
[2026-08-02 14:10:41,388][DEBUG][m:optional_rerun_wrapper][fn:method][ln:40] - Skipping optional rerun call to 'AnyValues' because rerun usage is disabled.
[2026-08-02 14:10:41,388][DEBUG][m:optional_rerun_wrapper][fn:method][ln:40] - Skipping optional rerun call to 'log' because rerun usage is disabled.
[2026-08-02 14:10:41,388][DEBUG][m:optional_rerun_wrapper][fn:method][ln:40] - Skipping optional rerun call to 'Points3D' because rerun usage is disabled.
[2026-08-02 14:10:41,388][DEBUG][m:optional_rerun_wrapper][fn:method][ln:40] - Skipping optional rerun call to 'AnyValues' because rerun usage is disabled.
[2026-08-02 14:10:41,388][DEBUG][m:optional_rerun_wrapper][fn:method][ln:40] - Skipping optional rerun call to 'log' because rerun usage is disabled.
[2026-08-02 14:10:41,388][DEBUG][m:optional_rerun_wrapper][fn:method][ln:40] - Skipping optional rerun call to 'Points3D' because rerun usage is disabled.
[2026-08-02 14:10:41,388][DEBUG][m:optional_rerun_wrapper][fn:method][ln:40] - Skipping optional rerun call to 'AnyValues' because rerun usage is disabled.
[2026-08-02 14:10:41,388][DEBUG][m:optional_rerun_wrapper][fn:method][ln:40] - Skipping optional rerun call to 'log' because rerun usage is disabled.
[2026-08-02 14:10:41,388][DEBUG][m:optional_rerun_wrapper][fn:method][ln:40] - Skipping optional rerun call to 'Boxes3D' because rerun usage is disabled.
[2026-08-02 14:10:41,389][DEBUG][m:optional_rerun_wrapper][fn:method][ln:40] - Skipping optional rerun call to 'AnyValues' because rerun usage is disabled.
[2026-08-02 14:10:41,389][DEBUG][m:optional_rerun_wrapper][fn:method][ln:40] - Skipping optional rerun call to 'log' because rerun usage is disabled.
[2026-08-02 14:10:41,389][DEBUG][m:optional_rerun_wrapper][fn:method][ln:40] - Skipping optional rerun call to 'Boxes3D' because rerun usage is disabled.
[2026-08-02 14:10:41,389][DEBUG][m:optional_rerun_wrapper][fn:method][ln:40] - Skipping optional rerun call to 'AnyValues' because rerun usage is disabled.
[2026-08-02 14:10:41,389][DEBUG][m:optional_rerun_wrapper][fn:method][ln:40] - Skipping optional rerun call to 'log' because rerun usage is disabled.
[2026-08-02 14:10:41,389][DEBUG][m:optional_rerun_wrapper][fn:method][ln:40] - Skipping optional rerun call to 'Boxes3D' because rerun usage is disabled.
[2026-08-02 14:10:41,389][DEBUG][m:optional_rerun_wrapper][fn:method][ln:40] - Skipping optional rerun call to 'AnyValues' because rerun usage is disabled.
[2026-08-02 14:10:41,389][DEBUG][m:optional_rerun_wrapper][fn:method][ln:40] - Skipping optional rerun call to 'log' because rerun usage is disabled.
[2026-08-02 14:10:41,389][DEBUG][m:optional_rerun_wrapper][fn:method][ln:40] - Skipping optional rerun call to 'Points3D' because rerun usage is disabled.
[2026-08-02 14:10:41,389][DEBUG][m:optional_rerun_wrapper][fn:method][ln:40] - Skipping optional rerun call to 'AnyValues' because rerun usage is disabled.
[2026-08-02 14:10:41,389][DEBUG][m:optional_rerun_wrapper][fn:method][ln:40] - Skipping optional rerun call to 'log' because rerun usage is disabled.
[2026-08-02 14:10:41,389][DEBUG][m:optional_rerun_wrapper][fn:method][ln:40] - Skipping optional rerun call to 'Points3D' because rerun usage is disabled.
[2026-08-02 14:10:41,389][DEBUG][m:optional_rerun_wrapper][fn:method][ln:40] - Skipping optional rerun call to 'AnyValues' because rerun usage is disabled.
[2026-08-02 14:10:41,389][DEBUG][m:optional_rerun_wrapper][fn:method][ln:40] - Skipping optional rerun call to 'log' because rerun usage is disabled.
[2026-08-02 14:10:41,389][DEBUG][m:optional_rerun_wrapper][fn:method][ln:40] - Skipping optional rerun call to 'Points3D' because rerun usage is disabled.
[2026-08-02 14:10:41,389][DEBUG][m:optional_rerun_wrapper][fn:method][ln:40] - Skipping optional rerun call to 'AnyValues' because rerun usage is disabled.
[2026-08-02 14:10:41,389][DEBUG][m:optional_rerun_wrapper][fn:method][ln:40] - Skipping optional rerun call to 'log' because rerun usage is disabled.
[2026-08-02 14:10:41,389][DEBUG][m:optional_rerun_wrapper][fn:method][ln:40] - Skipping optional rerun call to 'Boxes3D' because rerun usage is disabled.
[2026-08-02 14:10:41,389][DEBUG][m:optional_rerun_wrapper][fn:method][ln:40] - Skipping optional rerun call to 'AnyValues' because rerun usage is disabled.
[2026-08-02 14:10:41,389][DEBUG][m:optional_rerun_wrapper][fn:method][ln:40] - Skipping optional rerun call to 'log' because rerun usage is disabled.
[2026-08-02 14:10:41,389][DEBUG][m:optional_rerun_wrapper][fn:method][ln:40] - Skipping optional rerun call to 'Boxes3D' because rerun usage is disabled.
[2026-08-02 14:10:41,389][DEBUG][m:optional_rerun_wrapper][fn:method][ln:40] - Skipping optional rerun call to 'AnyValues' because rerun usage is disabled.
[2026-08-02 14:10:41,389][DEBUG][m:optional_rerun_wrapper][fn:method][ln:40] - Skipping optional rerun call to 'log' because rerun usage is disabled.
[2026-08-02 14:10:41,389][DEBUG][m:optional_rerun_wrapper][fn:method][ln:40] - Skipping optional rerun call to 'Boxes3D' because rerun usage is disabled.
[2026-08-02 14:10:41,389][DEBUG][m:optional_rerun_wrapper][fn:method][ln:40] - Skipping optional rerun call to 'AnyValues' because rerun usage is disabled.
[2026-08-02 14:10:41,389][DEBUG][m:optional_rerun_wrapper][fn:method][ln:40] - Skipping optional rerun call to 'log' because rerun usage is disabled.
[2026-08-02 14:10:41,389][DEBUG][m:optional_rerun_wrapper][fn:method][ln:40] - Skipping optional rerun call to 'Points3D' because rerun usage is disabled.
[2026-08-02 14:10:41,389][DEBUG][m:optional_rerun_wrapper][fn:method][ln:40] - Skipping optional rerun call to 'AnyValues' because rerun usage is disabled.
[2026-08-02 14:10:41,389][DEBUG][m:optional_rerun_wrapper][fn:method][ln:40] - Skipping optional rerun call to 'log' because rerun usage is disabled.
[2026-08-02 14:10:41,389][DEBUG][m:optional_rerun_wrapper][fn:method][ln:40] - Skipping optional rerun call to 'Points3D' because rerun usage is disabled.
[2026-08-02 14:10:41,389][DEBUG][m:optional_rerun_wrapper][fn:method][ln:40] - Skipping optional rerun call to 'AnyValues' because rerun usage is disabled.
[2026-08-02 14:10:41,389][DEBUG][m:optional_rerun_wrapper][fn:method][ln:40] - Skipping optional rerun call to 'log' because rerun usage is disabled.
[2026-08-02 14:10:41,389][DEBUG][m:optional_rerun_wrapper][fn:method][ln:40] - Skipping optional rerun call to 'Points3D' because rerun usage is disabled.
[2026-08-02 14:10:41,390][DEBUG][m:optional_rerun_wrapper][fn:method][ln:40] - Skipping optional rerun call to 'AnyValues' because rerun usage is disabled.
[2026-08-02 14:10:41,390][DEBUG][m:optional_rerun_wrapper][fn:method][ln:40] - Skipping optional rerun call to 'log' because rerun usage is disabled.
[2026-08-02 14:10:41,390][DEBUG][m:optional_rerun_wrapper][fn:method][ln:40] - Skipping optional rerun call to 'Boxes3D' because rerun usage is disabled.
[2026-08-02 14:10:41,390][DEBUG][m:optional_rerun_wrapper][fn:method][ln:40] - Skipping optional rerun call to 'AnyValues' because rerun usage is disabled.
[2026-08-02 14:10:41,390][DEBUG][m:optional_rerun_wrapper][fn:method][ln:40] - Skipping optional rerun call to 'log' because rerun usage is disabled.
[2026-08-02 14:10:41,390][DEBUG][m:optional_rerun_wrapper][fn:method][ln:40] - Skipping optional rerun call to 'Boxes3D' because rerun usage is disabled.
[2026-08-02 14:10:41,390][DEBUG][m:optional_rerun_wrapper][fn:method][ln:40] - Skipping optional rerun call to 'AnyValues' because rerun usage is disabled.
[2026-08-02 14:10:41,390][DEBUG][m:optional_rerun_wrapper][fn:method][ln:40] - Skipping optional rerun call to 'log' because rerun usage is disabled.
[2026-08-02 14:10:41,390][DEBUG][m:optional_rerun_wrapper][fn:method][ln:40] - Skipping optional rerun call to 'Boxes3D' because rerun usage is disabled.
[2026-08-02 14:10:41,390][DEBUG][m:optional_rerun_wrapper][fn:method][ln:40] - Skipping optional rerun call to 'AnyValues' because rerun usage is disabled.
[2026-08-02 14:10:41,390][DEBUG][m:optional_rerun_wrapper][fn:method][ln:40] - Skipping optional rerun call to 'log' because rerun usage is disabled.
[2026-08-02 14:10:41,390][DEBUG][m:optional_rerun_wrapper][fn:method][ln:40] - Skipping optional rerun call to 'Points3D' because rerun usage is disabled.
[2026-08-02 14:10:41,390][DEBUG][m:optional_rerun_wrapper][fn:method][ln:40] - Skipping optional rerun call to 'AnyValues' because rerun usage is disabled.
[2026-08-02 14:10:41,390][DEBUG][m:optional_rerun_wrapper][fn:method][ln:40] - Skipping optional rerun call to 'log' because rerun usage is disabled.
[2026-08-02 14:10:41,390][DEBUG][m:optional_rerun_wrapper][fn:method][ln:40] - Skipping optional rerun call to 'Points3D' because rerun usage is disabled.
[2026-08-02 14:10:41,390][DEBUG][m:optional_rerun_wrapper][fn:method][ln:40] - Skipping optional rerun call to 'AnyValues' because rerun usage is disabled.
[2026-08-02 14:10:41,390][DEBUG][m:optional_rerun_wrapper][fn:method][ln:40] - Skipping optional rerun call to 'log' because rerun usage is disabled.
[2026-08-02 14:10:41,390][DEBUG][m:optional_rerun_wrapper][fn:method][ln:40] - Skipping optional rerun call to 'Points3D' because rerun usage is disabled.
[2026-08-02 14:10:41,390][DEBUG][m:optional_rerun_wrapper][fn:method][ln:40] - Skipping optional rerun call to 'AnyValues' because rerun usage is disabled.
[2026-08-02 14:10:41,390][DEBUG][m:optional_rerun_wrapper][fn:method][ln:40] - Skipping optional rerun call to 'log' because rerun usage is disabled.
[2026-08-02 14:10:41,390][DEBUG][m:optional_rerun_wrapper][fn:method][ln:40] - Skipping optional rerun call to 'Boxes3D' because rerun usage is disabled.
[2026-08-02 14:10:41,390][DEBUG][m:optional_rerun_wrapper][fn:method][ln:40] - Skipping optional rerun call to 'AnyValues' because rerun usage is disabled.
[2026-08-02 14:10:41,390][DEBUG][m:optional_rerun_wrapper][fn:method][ln:40] - Skipping optional rerun call to 'log' because rerun usage is disabled.
[2026-08-02 14:10:41,390][DEBUG][m:optional_rerun_wrapper][fn:method][ln:40] - Skipping optional rerun call to 'Boxes3D' because rerun usage is disabled.
[2026-08-02 14:10:41,390][DEBUG][m:optional_rerun_wrapper][fn:method][ln:40] - Skipping optional rerun call to 'AnyValues' because rerun usage is disabled.
[2026-08-02 14:10:41,390][DEBUG][m:optional_rerun_wrapper][fn:method][ln:40] - Skipping optional rerun call to 'log' because rerun usage is disabled.
[2026-08-02 14:10:41,390][DEBUG][m:optional_rerun_wrapper][fn:method][ln:40] - Skipping optional rerun call to 'Boxes3D' because rerun usage is disabled.
[2026-08-02 14:10:41,390][DEBUG][m:optional_rerun_wrapper][fn:method][ln:40] - Skipping optional rerun call to 'AnyValues' because rerun usage is disabled.
[2026-08-02 14:10:41,390][DEBUG][m:optional_rerun_wrapper][fn:method][ln:40] - Skipping optional rerun call to 'log' because rerun usage is disabled.
[2026-08-02 14:10:41,390][DEBUG][m:optional_rerun_wrapper][fn:method][ln:40] - Skipping optional rerun call to 'Points3D' because rerun usage is disabled.
[2026-08-02 14:10:41,390][DEBUG][m:optional_rerun_wrapper][fn:method][ln:40] - Skipping optional rerun call to 'AnyValues' because rerun usage is disabled.
[2026-08-02 14:10:41,390][DEBUG][m:optional_rerun_wrapper][fn:method][ln:40] - Skipping optional rerun call to 'log' because rerun usage is disabled.
[2026-08-02 14:10:41,390][DEBUG][m:optional_rerun_wrapper][fn:method][ln:40] - Skipping optional rerun call to 'Points3D' because rerun usage is disabled.
[2026-08-02 14:10:41,391][DEBUG][m:optional_rerun_wrapper][fn:method][ln:40] - Skipping optional rerun call to 'AnyValues' because rerun usage is disabled.
[2026-08-02 14:10:41,391][DEBUG][m:optional_rerun_wrapper][fn:method][ln:40] - Skipping optional rerun call to 'log' because rerun usage is disabled.
[2026-08-02 14:10:41,391][DEBUG][m:optional_rerun_wrapper][fn:method][ln:40] - Skipping optional rerun call to 'Points3D' because rerun usage is disabled.
[2026-08-02 14:10:41,391][DEBUG][m:optional_rerun_wrapper][fn:method][ln:40] - Skipping optional rerun call to 'AnyValues' because rerun usage is disabled.
[2026-08-02 14:10:41,391][DEBUG][m:optional_rerun_wrapper][fn:method][ln:40] - Skipping optional rerun call to 'log' because rerun usage is disabled.
[2026-08-02 14:10:41,391][DEBUG][m:optional_rerun_wrapper][fn:method][ln:40] - Skipping optional rerun call to 'Boxes3D' because rerun usage is disabled.
[2026-08-02 14:10:41,391][DEBUG][m:optional_rerun_wrapper][fn:method][ln:40] - Skipping optional rerun call to 'AnyValues' because rerun usage is disabled.
[2026-08-02 14:10:41,391][DEBUG][m:optional_rerun_wrapper][fn:method][ln:40] - Skipping optional rerun call to 'log' because rerun usage is disabled.
[2026-08-02 14:10:41,391][DEBUG][m:optional_rerun_wrapper][fn:method][ln:40] - Skipping optional rerun call to 'Boxes3D' because rerun usage is disabled.
[2026-08-02 14:10:41,391][DEBUG][m:optional_rerun_wrapper][fn:method][ln:40] - Skipping optional rerun call to 'AnyValues' because rerun usage is disabled.
[2026-08-02 14:10:41,391][DEBUG][m:optional_rerun_wrapper][fn:method][ln:40] - Skipping optional rerun call to 'log' because rerun usage is disabled.
[2026-08-02 14:10:41,391][DEBUG][m:optional_rerun_wrapper][fn:method][ln:40] - Skipping optional rerun call to 'Boxes3D' because rerun usage is disabled.
[2026-08-02 14:10:41,391][DEBUG][m:optional_rerun_wrapper][fn:method][ln:40] - Skipping optional rerun call to 'AnyValues' because rerun usage is disabled.
[2026-08-02 14:10:41,391][DEBUG][m:optional_rerun_wrapper][fn:method][ln:40] - Skipping optional rerun call to 'log' because rerun usage is disabled.
[2026-08-02 14:10:41,391][DEBUG][m:optional_rerun_wrapper][fn:method][ln:40] - Skipping optional rerun call to 'Points3D' because rerun usage is disabled.
[2026-08-02 14:10:41,391][DEBUG][m:optional_rerun_wrapper][fn:method][ln:40] - Skipping optional rerun call to 'AnyValues' because rerun usage is disabled.
[2026-08-02 14:10:41,391][DEBUG][m:optional_rerun_wrapper][fn:method][ln:40] - Skipping optional rerun call to 'log' because rerun usage is disabled.
[2026-08-02 14:10:41,391][DEBUG][m:optional_rerun_wrapper][fn:method][ln:40] - Skipping optional rerun call to 'Points3D' because rerun usage is disabled.
[2026-08-02 14:10:41,391][DEBUG][m:optional_rerun_wrapper][fn:method][ln:40] - Skipping optional rerun call to 'AnyValues' because rerun usage is disabled.
[2026-08-02 14:10:41,391][DEBUG][m:optional_rerun_wrapper][fn:method][ln:40] - Skipping optional rerun call to 'log' because rerun usage is disabled.
[2026-08-02 14:10:41,391][DEBUG][m:optional_rerun_wrapper][fn:method][ln:40] - Skipping optional rerun call to 'Points3D' because rerun usage is disabled.
[2026-08-02 14:10:41,391][DEBUG][m:optional_rerun_wrapper][fn:method][ln:40] - Skipping optional rerun call to 'AnyValues' because rerun usage is disabled.
[2026-08-02 14:10:41,391][DEBUG][m:optional_rerun_wrapper][fn:method][ln:40] - Skipping optional rerun call to 'log' because rerun usage is disabled.
[2026-08-02 14:10:41,391][DEBUG][m:optional_rerun_wrapper][fn:method][ln:40] - Skipping optional rerun call to 'Boxes3D' because rerun usage is disabled.
[2026-08-02 14:10:41,391][DEBUG][m:optional_rerun_wrapper][fn:method][ln:40] - Skipping optional rerun call to 'AnyValues' because rerun usage is disabled.
[2026-08-02 14:10:41,391][DEBUG][m:optional_rerun_wrapper][fn:method][ln:40] - Skipping optional rerun call to 'log' because rerun usage is disabled.
[2026-08-02 14:10:41,391][DEBUG][m:optional_rerun_wrapper][fn:method][ln:40] - Skipping optional rerun call to 'Boxes3D' because rerun usage is disabled.
[2026-08-02 14:10:41,391][DEBUG][m:optional_rerun_wrapper][fn:method][ln:40] - Skipping optional rerun call to 'AnyValues' because rerun usage is disabled.
[2026-08-02 14:10:41,391][DEBUG][m:optional_rerun_wrapper][fn:method][ln:40] - Skipping optional rerun call to 'log' because rerun usage is disabled.
[2026-08-02 14:10:41,391][DEBUG][m:optional_rerun_wrapper][fn:method][ln:40] - Skipping optional rerun call to 'Boxes3D' because rerun usage is disabled.
[2026-08-02 14:10:41,391][DEBUG][m:optional_rerun_wrapper][fn:method][ln:40] - Skipping optional rerun call to 'AnyValues' because rerun usage is disabled.
[2026-08-02 14:10:41,391][DEBUG][m:optional_rerun_wrapper][fn:method][ln:40] - Skipping optional rerun call to 'log' because rerun usage is disabled.
[2026-08-02 14:10:41,392][DEBUG][m:optional_rerun_wrapper][fn:method][ln:40] - Skipping optional rerun call to 'Points3D' because rerun usage is disabled.
[2026-08-02 14:10:41,392][DEBUG][m:optional_rerun_wrapper][fn:method][ln:40] - Skipping optional rerun call to 'AnyValues' because rerun usage is disabled.
[2026-08-02 14:10:41,392][DEBUG][m:optional_rerun_wrapper][fn:method][ln:40] - Skipping optional rerun call to 'log' because rerun usage is disabled.
[2026-08-02 14:10:41,392][DEBUG][m:optional_rerun_wrapper][fn:method][ln:40] - Skipping optional rerun call to 'Points3D' because rerun usage is disabled.
[2026-08-02 14:10:41,392][DEBUG][m:optional_rerun_wrapper][fn:method][ln:40] - Skipping optional rerun call to 'AnyValues' because rerun usage is disabled.
[2026-08-02 14:10:41,392][DEBUG][m:optional_rerun_wrapper][fn:method][ln:40] - Skipping optional rerun call to 'log' because rerun usage is disabled.
[2026-08-02 14:10:41,392][DEBUG][m:optional_rerun_wrapper][fn:method][ln:40] - Skipping optional rerun call to 'Points3D' because rerun usage is disabled.
[2026-08-02 14:10:41,392][DEBUG][m:optional_rerun_wrapper][fn:method][ln:40] - Skipping optional rerun call to 'AnyValues' because rerun usage is disabled.
[2026-08-02 14:10:41,392][DEBUG][m:optional_rerun_wrapper][fn:method][ln:40] - Skipping optional rerun call to 'log' because rerun usage is disabled.
[2026-08-02 14:10:41,392][DEBUG][m:optional_rerun_wrapper][fn:method][ln:40] - Skipping optional rerun call to 'Boxes3D' because rerun usage is disabled.
[2026-08-02 14:10:41,392][DEBUG][m:optional_rerun_wrapper][fn:method][ln:40] - Skipping optional rerun call to 'AnyValues' because rerun usage is disabled.
[2026-08-02 14:10:41,392][DEBUG][m:optional_rerun_wrapper][fn:method][ln:40] - Skipping optional rerun call to 'log' because rerun usage is disabled.
[2026-08-02 14:10:41,392][DEBUG][m:optional_rerun_wrapper][fn:method][ln:40] - Skipping optional rerun call to 'Boxes3D' because rerun usage is disabled.
[2026-08-02 14:10:41,392][DEBUG][m:optional_rerun_wrapper][fn:method][ln:40] - Skipping optional rerun call to 'AnyValues' because rerun usage is disabled.
[2026-08-02 14:10:41,392][DEBUG][m:optional_rerun_wrapper][fn:method][ln:40] - Skipping optional rerun call to 'log' because rerun usage is disabled.
[2026-08-02 14:10:41,392][DEBUG][m:optional_rerun_wrapper][fn:method][ln:40] - Skipping optional rerun call to 'Boxes3D' because rerun usage is disabled.
[2026-08-02 14:10:41,392][DEBUG][m:optional_rerun_wrapper][fn:method][ln:40] - Skipping optional rerun call to 'AnyValues' because rerun usage is disabled.
[2026-08-02 14:10:41,392][DEBUG][m:optional_rerun_wrapper][fn:method][ln:40] - Skipping optional rerun call to 'log' because rerun usage is disabled.
[2026-08-02 14:10:41,392][DEBUG][m:optional_rerun_wrapper][fn:method][ln:40] - Skipping optional rerun call to 'Points3D' because rerun usage is disabled.
[2026-08-02 14:10:41,392][DEBUG][m:optional_rerun_wrapper][fn:method][ln:40] - Skipping optional rerun call to 'AnyValues' because rerun usage is disabled.
[2026-08-02 14:10:41,392][DEBUG][m:optional_rerun_wrapper][fn:method][ln:40] - Skipping optional rerun call to 'log' because rerun usage is disabled.
[2026-08-02 14:10:41,392][DEBUG][m:optional_rerun_wrapper][fn:method][ln:40] - Skipping optional rerun call to 'Points3D' because rerun usage is disabled.
[2026-08-02 14:10:41,392][DEBUG][m:optional_rerun_wrapper][fn:method][ln:40] - Skipping optional rerun call to 'AnyValues' because rerun usage is disabled.
[2026-08-02 14:10:41,392][DEBUG][m:optional_rerun_wrapper][fn:method][ln:40] - Skipping optional rerun call to 'log' because rerun usage is disabled.
[2026-08-02 14:10:41,392][DEBUG][m:optional_rerun_wrapper][fn:method][ln:40] - Skipping optional rerun call to 'Points3D' because rerun usage is disabled.
[2026-08-02 14:10:41,392][DEBUG][m:optional_rerun_wrapper][fn:method][ln:40] - Skipping optional rerun call to 'AnyValues' because rerun usage is disabled.
[2026-08-02 14:10:41,392][DEBUG][m:optional_rerun_wrapper][fn:method][ln:40] - Skipping optional rerun call to 'log' because rerun usage is disabled.
[2026-08-02 14:10:41,392][DEBUG][m:optional_rerun_wrapper][fn:method][ln:40] - Skipping optional rerun call to 'Boxes3D' because rerun usage is disabled.
[2026-08-02 14:10:41,392][DEBUG][m:optional_rerun_wrapper][fn:method][ln:40] - Skipping optional rerun call to 'AnyValues' because rerun usage is disabled.
[2026-08-02 14:10:41,392][DEBUG][m:optional_rerun_wrapper][fn:method][ln:40] - Skipping optional rerun call to 'log' because rerun usage is disabled.
[2026-08-02 14:10:41,392][DEBUG][m:optional_rerun_wrapper][fn:method][ln:40] - Skipping optional rerun call to 'Boxes3D' because rerun usage is disabled.
[2026-08-02 14:10:41,392][DEBUG][m:optional_rerun_wrapper][fn:method][ln:40] - Skipping optional rerun call to 'AnyValues' because rerun usage is disabled.
[2026-08-02 14:10:41,392][DEBUG][m:optional_rerun_wrapper][fn:method][ln:40] - Skipping optional rerun call to 'log' because rerun usage is disabled.
[2026-08-02 14:10:41,393][DEBUG][m:optional_rerun_wrapper][fn:method][ln:40] - Skipping optional rerun call to 'Boxes3D' because rerun usage is disabled.
[2026-08-02 14:10:41,393][DEBUG][m:optional_rerun_wrapper][fn:method][ln:40] - Skipping optional rerun call to 'AnyValues' because rerun usage is disabled.
[2026-08-02 14:10:41,393][DEBUG][m:optional_rerun_wrapper][fn:method][ln:40] - Skipping optional rerun call to 'log' because rerun usage is disabled.
[2026-08-02 14:10:41,393][DEBUG][m:optional_rerun_wrapper][fn:method][ln:40] - Skipping optional rerun call to 'Points3D' because rerun usage is disabled.
[2026-08-02 14:10:41,393][DEBUG][m:optional_rerun_wrapper][fn:method][ln:40] - Skipping optional rerun call to 'AnyValues' because rerun usage is disabled.
[2026-08-02 14:10:41,393][DEBUG][m:optional_rerun_wrapper][fn:method][ln:40] - Skipping optional rerun call to 'log' because rerun usage is disabled.
[2026-08-02 14:10:41,393][DEBUG][m:optional_rerun_wrapper][fn:method][ln:40] - Skipping optional rerun call to 'Points3D' because rerun usage is disabled.
[2026-08-02 14:10:41,393][DEBUG][m:optional_rerun_wrapper][fn:method][ln:40] - Skipping optional rerun call to 'AnyValues' because rerun usage is disabled.
[2026-08-02 14:10:41,393][DEBUG][m:optional_rerun_wrapper][fn:method][ln:40] - Skipping optional rerun call to 'log' because rerun usage is disabled.
[2026-08-02 14:10:41,393][DEBUG][m:optional_rerun_wrapper][fn:method][ln:40] - Skipping optional rerun call to 'Points3D' because rerun usage is disabled.
[2026-08-02 14:10:41,393][DEBUG][m:optional_rerun_wrapper][fn:method][ln:40] - Skipping optional rerun call to 'AnyValues' because rerun usage is disabled.
[2026-08-02 14:10:41,393][DEBUG][m:optional_rerun_wrapper][fn:method][ln:40] - Skipping optional rerun call to 'log' because rerun usage is disabled.
[2026-08-02 14:10:41,393][DEBUG][m:optional_rerun_wrapper][fn:method][ln:40] - Skipping optional rerun call to 'Boxes3D' because rerun usage is disabled.
[2026-08-02 14:10:41,393][DEBUG][m:optional_rerun_wrapper][fn:method][ln:40] - Skipping optional rerun call to 'AnyValues' because rerun usage is disabled.
[2026-08-02 14:10:41,393][DEBUG][m:optional_rerun_wrapper][fn:method][ln:40] - Skipping optional rerun call to 'log' because rerun usage is disabled.
[2026-08-02 14:10:41,393][DEBUG][m:optional_rerun_wrapper][fn:method][ln:40] - Skipping optional rerun call to 'Boxes3D' because rerun usage is disabled.
[2026-08-02 14:10:41,393][DEBUG][m:optional_rerun_wrapper][fn:method][ln:40] - Skipping optional rerun call to 'AnyValues' because rerun usage is disabled.
[2026-08-02 14:10:41,393][DEBUG][m:optional_rerun_wrapper][fn:method][ln:40] - Skipping optional rerun call to 'log' because rerun usage is disabled.
[2026-08-02 14:10:41,393][DEBUG][m:optional_rerun_wrapper][fn:method][ln:40] - Skipping optional rerun call to 'Boxes3D' because rerun usage is disabled.
[2026-08-02 14:10:41,393][DEBUG][m:optional_rerun_wrapper][fn:method][ln:40] - Skipping optional rerun call to 'AnyValues' because rerun usage is disabled.
[2026-08-02 14:10:41,393][DEBUG][m:optional_rerun_wrapper][fn:method][ln:40] - Skipping optional rerun call to 'log' because rerun usage is disabled.
[2026-08-02 14:10:41,393][DEBUG][m:optional_rerun_wrapper][fn:method][ln:40] - Skipping optional rerun call to 'Points3D' because rerun usage is disabled.
[2026-08-02 14:10:41,393][DEBUG][m:optional_rerun_wrapper][fn:method][ln:40] - Skipping optional rerun call to 'AnyValues' because rerun usage is disabled.
[2026-08-02 14:10:41,393][DEBUG][m:optional_rerun_wrapper][fn:method][ln:40] - Skipping optional rerun call to 'log' because rerun usage is disabled.
[2026-08-02 14:10:41,393][DEBUG][m:optional_rerun_wrapper][fn:method][ln:40] - Skipping optional rerun call to 'Points3D' because rerun usage is disabled.
[2026-08-02 14:10:41,393][DEBUG][m:optional_rerun_wrapper][fn:method][ln:40] - Skipping optional rerun call to 'AnyValues' because rerun usage is disabled.
[2026-08-02 14:10:41,393][DEBUG][m:optional_rerun_wrapper][fn:method][ln:40] - Skipping optional rerun call to 'log' because rerun usage is disabled.
[2026-08-02 14:10:41,393][DEBUG][m:optional_rerun_wrapper][fn:method][ln:40] - Skipping optional rerun call to 'Points3D' because rerun usage is disabled.
[2026-08-02 14:10:41,393][DEBUG][m:optional_rerun_wrapper][fn:method][ln:40] - Skipping optional rerun call to 'AnyValues' because rerun usage is disabled.
[2026-08-02 14:10:41,393][DEBUG][m:optional_rerun_wrapper][fn:method][ln:40] - Skipping optional rerun call to 'log' because rerun usage is disabled.
[2026-08-02 14:10:41,393][DEBUG][m:optional_rerun_wrapper][fn:method][ln:40] - Skipping optional rerun call to 'Boxes3D' because rerun usage is disabled.
[2026-08-02 14:10:41,393][DEBUG][m:optional_rerun_wrapper][fn:method][ln:40] - Skipping optional rerun call to 'AnyValues' because rerun usage is disabled.
[2026-08-02 14:10:41,393][DEBUG][m:optional_rerun_wrapper][fn:method][ln:40] - Skipping optional rerun call to 'log' because rerun usage is disabled.
[2026-08-02 14:10:41,394][DEBUG][m:optional_rerun_wrapper][fn:method][ln:40] - Skipping optional rerun call to 'Boxes3D' because rerun usage is disabled.
[2026-08-02 14:10:41,394][DEBUG][m:optional_rerun_wrapper][fn:method][ln:40] - Skipping optional rerun call to 'AnyValues' because rerun usage is disabled.
[2026-08-02 14:10:41,394][DEBUG][m:optional_rerun_wrapper][fn:method][ln:40] - Skipping optional rerun call to 'log' because rerun usage is disabled.
[2026-08-02 14:10:41,394][DEBUG][m:optional_rerun_wrapper][fn:method][ln:40] - Skipping optional rerun call to 'Boxes3D' because rerun usage is disabled.
[2026-08-02 14:10:41,394][DEBUG][m:optional_rerun_wrapper][fn:method][ln:40] - Skipping optional rerun call to 'AnyValues' because rerun usage is disabled.
[2026-08-02 14:10:41,394][DEBUG][m:optional_rerun_wrapper][fn:method][ln:40] - Skipping optional rerun call to 'log' because rerun usage is disabled.
[2026-08-02 14:10:41,394][DEBUG][m:optional_rerun_wrapper][fn:method][ln:40] - Skipping optional rerun call to 'Points3D' because rerun usage is disabled.
[2026-08-02 14:10:41,394][DEBUG][m:optional_rerun_wrapper][fn:method][ln:40] - Skipping optional rerun call to 'AnyValues' because rerun usage is disabled.
[2026-08-02 14:10:41,394][DEBUG][m:optional_rerun_wrapper][fn:method][ln:40] - Skipping optional rerun call to 'log' because rerun usage is disabled.
[2026-08-02 14:10:41,394][DEBUG][m:optional_rerun_wrapper][fn:method][ln:40] - Skipping optional rerun call to 'Points3D' because rerun usage is disabled.
[2026-08-02 14:10:41,394][DEBUG][m:optional_rerun_wrapper][fn:method][ln:40] - Skipping optional rerun call to 'AnyValues' because rerun usage is disabled.
[2026-08-02 14:10:41,394][DEBUG][m:optional_rerun_wrapper][fn:method][ln:40] - Skipping optional rerun call to 'log' because rerun usage is disabled.
[2026-08-02 14:10:41,394][DEBUG][m:optional_rerun_wrapper][fn:method][ln:40] - Skipping optional rerun call to 'Points3D' because rerun usage is disabled.
[2026-08-02 14:10:41,394][DEBUG][m:optional_rerun_wrapper][fn:method][ln:40] - Skipping optional rerun call to 'AnyValues' because rerun usage is disabled.
[2026-08-02 14:10:41,394][DEBUG][m:optional_rerun_wrapper][fn:method][ln:40] - Skipping optional rerun call to 'log' because rerun usage is disabled.
[2026-08-02 14:10:41,394][DEBUG][m:optional_rerun_wrapper][fn:method][ln:40] - Skipping optional rerun call to 'Boxes3D' because rerun usage is disabled.
[2026-08-02 14:10:41,394][DEBUG][m:optional_rerun_wrapper][fn:method][ln:40] - Skipping optional rerun call to 'AnyValues' because rerun usage is disabled.
[2026-08-02 14:10:41,394][DEBUG][m:optional_rerun_wrapper][fn:method][ln:40] - Skipping optional rerun call to 'log' because rerun usage is disabled.
[2026-08-02 14:10:41,394][DEBUG][m:optional_rerun_wrapper][fn:method][ln:40] - Skipping optional rerun call to 'Boxes3D' because rerun usage is disabled.
[2026-08-02 14:10:41,394][DEBUG][m:optional_rerun_wrapper][fn:method][ln:40] - Skipping optional rerun call to 'AnyValues' because rerun usage is disabled.
[2026-08-02 14:10:41,394][DEBUG][m:optional_rerun_wrapper][fn:method][ln:40] - Skipping optional rerun call to 'log' because rerun usage is disabled.
[2026-08-02 14:10:41,394][DEBUG][m:optional_rerun_wrapper][fn:method][ln:40] - Skipping optional rerun call to 'Boxes3D' because rerun usage is disabled.
[2026-08-02 14:10:41,394][DEBUG][m:optional_rerun_wrapper][fn:method][ln:40] - Skipping optional rerun call to 'AnyValues' because rerun usage is disabled.
[2026-08-02 14:10:41,394][DEBUG][m:optional_rerun_wrapper][fn:method][ln:40] - Skipping optional rerun call to 'log' because rerun usage is disabled.
[2026-08-02 14:10:41,394][DEBUG][m:optional_rerun_wrapper][fn:method][ln:40] - Skipping optional rerun call to 'Points3D' because rerun usage is disabled.
[2026-08-02 14:10:41,394][DEBUG][m:optional_rerun_wrapper][fn:method][ln:40] - Skipping optional rerun call to 'AnyValues' because rerun usage is disabled.
[2026-08-02 14:10:41,394][DEBUG][m:optional_rerun_wrapper][fn:method][ln:40] - Skipping optional rerun call to 'log' because rerun usage is disabled.
[2026-08-02 14:10:41,394][DEBUG][m:optional_rerun_wrapper][fn:method][ln:40] - Skipping optional rerun call to 'Points3D' because rerun usage is disabled.
[2026-08-02 14:10:41,394][DEBUG][m:optional_rerun_wrapper][fn:method][ln:40] - Skipping optional rerun call to 'AnyValues' because rerun usage is disabled.
[2026-08-02 14:10:41,394][DEBUG][m:optional_rerun_wrapper][fn:method][ln:40] - Skipping optional rerun call to 'log' because rerun usage is disabled.
[2026-08-02 14:10:41,394][DEBUG][m:optional_rerun_wrapper][fn:method][ln:40] - Skipping optional rerun call to 'Points3D' because rerun usage is disabled.
[2026-08-02 14:10:41,394][DEBUG][m:optional_rerun_wrapper][fn:method][ln:40] - Skipping optional rerun call to 'AnyValues' because rerun usage is disabled.
[2026-08-02 14:10:41,394][DEBUG][m:optional_rerun_wrapper][fn:method][ln:40] - Skipping optional rerun call to 'log' because rerun usage is disabled.
[2026-08-02 14:10:41,395][DEBUG][m:optional_rerun_wrapper][fn:method][ln:40] - Skipping optional rerun call to 'Boxes3D' because rerun usage is disabled.
[2026-08-02 14:10:41,395][DEBUG][m:optional_rerun_wrapper][fn:method][ln:40] - Skipping optional rerun call to 'AnyValues' because rerun usage is disabled.
[2026-08-02 14:10:41,395][DEBUG][m:optional_rerun_wrapper][fn:method][ln:40] - Skipping optional rerun call to 'log' because rerun usage is disabled.
[2026-08-02 14:10:41,395][DEBUG][m:optional_rerun_wrapper][fn:method][ln:40] - Skipping optional rerun call to 'Boxes3D' because rerun usage is disabled.
[2026-08-02 14:10:41,395][DEBUG][m:optional_rerun_wrapper][fn:method][ln:40] - Skipping optional rerun call to 'AnyValues' because rerun usage is disabled.
[2026-08-02 14:10:41,395][DEBUG][m:optional_rerun_wrapper][fn:method][ln:40] - Skipping optional rerun call to 'log' because rerun usage is disabled.
[2026-08-02 14:10:41,395][DEBUG][m:optional_rerun_wrapper][fn:method][ln:40] - Skipping optional rerun call to 'Boxes3D' because rerun usage is disabled.
[2026-08-02 14:10:41,395][DEBUG][m:optional_rerun_wrapper][fn:method][ln:40] - Skipping optional rerun call to 'AnyValues' because rerun usage is disabled.
[2026-08-02 14:10:41,395][DEBUG][m:optional_rerun_wrapper][fn:method][ln:40] - Skipping optional rerun call to 'log' because rerun usage is disabled.
[2026-08-02 14:10:41,395][DEBUG][m:optional_rerun_wrapper][fn:method][ln:40] - Skipping optional rerun call to 'Points3D' because rerun usage is disabled.
[2026-08-02 14:10:41,395][DEBUG][m:optional_rerun_wrapper][fn:method][ln:40] - Skipping optional rerun call to 'AnyValues' because rerun usage is disabled.
[2026-08-02 14:10:41,395][DEBUG][m:optional_rerun_wrapper][fn:method][ln:40] - Skipping optional rerun call to 'log' because rerun usage is disabled.
[2026-08-02 14:10:41,395][DEBUG][m:optional_rerun_wrapper][fn:method][ln:40] - Skipping optional rerun call to 'Points3D' because rerun usage is disabled.
[2026-08-02 14:10:41,395][DEBUG][m:optional_rerun_wrapper][fn:method][ln:40] - Skipping optional rerun call to 'AnyValues' because rerun usage is disabled.
[2026-08-02 14:10:41,395][DEBUG][m:optional_rerun_wrapper][fn:method][ln:40] - Skipping optional rerun call to 'log' because rerun usage is disabled.
[2026-08-02 14:10:41,395][DEBUG][m:optional_rerun_wrapper][fn:method][ln:40] - Skipping optional rerun call to 'Points3D' because rerun usage is disabled.
[2026-08-02 14:10:41,395][DEBUG][m:optional_rerun_wrapper][fn:method][ln:40] - Skipping optional rerun call to 'AnyValues' because rerun usage is disabled.
[2026-08-02 14:10:41,395][DEBUG][m:optional_rerun_wrapper][fn:method][ln:40] - Skipping optional rerun call to 'log' because rerun usage is disabled.
[2026-08-02 14:10:41,395][DEBUG][m:optional_rerun_wrapper][fn:method][ln:40] - Skipping optional rerun call to 'Boxes3D' because rerun usage is disabled.
[2026-08-02 14:10:41,395][DEBUG][m:optional_rerun_wrapper][fn:method][ln:40] - Skipping optional rerun call to 'AnyValues' because rerun usage is disabled.
[2026-08-02 14:10:41,395][DEBUG][m:optional_rerun_wrapper][fn:method][ln:40] - Skipping optional rerun call to 'log' because rerun usage is disabled.
[2026-08-02 14:10:41,395][DEBUG][m:optional_rerun_wrapper][fn:method][ln:40] - Skipping optional rerun call to 'Boxes3D' because rerun usage is disabled.
[2026-08-02 14:10:41,395][DEBUG][m:optional_rerun_wrapper][fn:method][ln:40] - Skipping optional rerun call to 'AnyValues' because rerun usage is disabled.
[2026-08-02 14:10:41,395][DEBUG][m:optional_rerun_wrapper][fn:method][ln:40] - Skipping optional rerun call to 'log' because rerun usage is disabled.
[2026-08-02 14:10:41,395][DEBUG][m:optional_rerun_wrapper][fn:method][ln:40] - Skipping optional rerun call to 'Boxes3D' because rerun usage is disabled.
[2026-08-02 14:10:41,395][DEBUG][m:optional_rerun_wrapper][fn:method][ln:40] - Skipping optional rerun call to 'AnyValues' because rerun usage is disabled.
[2026-08-02 14:10:41,395][DEBUG][m:optional_rerun_wrapper][fn:method][ln:40] - Skipping optional rerun call to 'log' because rerun usage is disabled.
[2026-08-02 14:10:41,395][DEBUG][m:optional_rerun_wrapper][fn:method][ln:40] - Skipping optional rerun call to 'Points3D' because rerun usage is disabled.
[2026-08-02 14:10:41,395][DEBUG][m:optional_rerun_wrapper][fn:method][ln:40] - Skipping optional rerun call to 'AnyValues' because rerun usage is disabled.
[2026-08-02 14:10:41,395][DEBUG][m:optional_rerun_wrapper][fn:method][ln:40] - Skipping optional rerun call to 'log' because rerun usage is disabled.
[2026-08-02 14:10:41,395][DEBUG][m:optional_rerun_wrapper][fn:method][ln:40] - Skipping optional rerun call to 'Points3D' because rerun usage is disabled.
[2026-08-02 14:10:41,395][DEBUG][m:optional_rerun_wrapper][fn:method][ln:40] - Skipping optional rerun call to 'AnyValues' because rerun usage is disabled.
[2026-08-02 14:10:41,395][DEBUG][m:optional_rerun_wrapper][fn:method][ln:40] - Skipping optional rerun call to 'log' because rerun usage is disabled.
[2026-08-02 14:10:41,396][DEBUG][m:optional_rerun_wrapper][fn:method][ln:40] - Skipping optional rerun call to 'Points3D' because rerun usage is disabled.
[2026-08-02 14:10:41,396][DEBUG][m:optional_rerun_wrapper][fn:method][ln:40] - Skipping optional rerun call to 'AnyValues' because rerun usage is disabled.
[2026-08-02 14:10:41,396][DEBUG][m:optional_rerun_wrapper][fn:method][ln:40] - Skipping optional rerun call to 'log' because rerun usage is disabled.
[2026-08-02 14:10:41,396][DEBUG][m:optional_rerun_wrapper][fn:method][ln:40] - Skipping optional rerun call to 'Boxes3D' because rerun usage is disabled.
[2026-08-02 14:10:41,396][DEBUG][m:optional_rerun_wrapper][fn:method][ln:40] - Skipping optional rerun call to 'AnyValues' because rerun usage is disabled.
[2026-08-02 14:10:41,396][DEBUG][m:optional_rerun_wrapper][fn:method][ln:40] - Skipping optional rerun call to 'log' because rerun usage is disabled.
[2026-08-02 14:10:41,396][DEBUG][m:optional_rerun_wrapper][fn:method][ln:40] - Skipping optional rerun call to 'Boxes3D' because rerun usage is disabled.
[2026-08-02 14:10:41,396][DEBUG][m:optional_rerun_wrapper][fn:method][ln:40] - Skipping optional rerun call to 'AnyValues' because rerun usage is disabled.
[2026-08-02 14:10:41,396][DEBUG][m:optional_rerun_wrapper][fn:method][ln:40] - Skipping optional rerun call to 'log' because rerun usage is disabled.
[2026-08-02 14:10:41,396][DEBUG][m:optional_rerun_wrapper][fn:method][ln:40] - Skipping optional rerun call to 'Boxes3D' because rerun usage is disabled.
[2026-08-02 14:10:41,396][DEBUG][m:optional_rerun_wrapper][fn:method][ln:40] - Skipping optional rerun call to 'AnyValues' because rerun usage is disabled.
[2026-08-02 14:10:41,396][DEBUG][m:optional_rerun_wrapper][fn:method][ln:40] - Skipping optional rerun call to 'log' because rerun usage is disabled.
[2026-08-02 14:10:41,396][DEBUG][m:optional_rerun_wrapper][fn:method][ln:40] - Skipping optional rerun call to 'Points3D' because rerun usage is disabled.
[2026-08-02 14:10:41,396][DEBUG][m:optional_rerun_wrapper][fn:method][ln:40] - Skipping optional rerun call to 'AnyValues' because rerun usage is disabled.
[2026-08-02 14:10:41,396][DEBUG][m:optional_rerun_wrapper][fn:method][ln:40] - Skipping optional rerun call to 'log' because rerun usage is disabled.
[2026-08-02 14:10:41,396][DEBUG][m:optional_rerun_wrapper][fn:method][ln:40] - Skipping optional rerun call to 'Points3D' because rerun usage is disabled.
[2026-08-02 14:10:41,396][DEBUG][m:optional_rerun_wrapper][fn:method][ln:40] - Skipping optional rerun call to 'AnyValues' because rerun usage is disabled.
[2026-08-02 14:10:41,396][DEBUG][m:optional_rerun_wrapper][fn:method][ln:40] - Skipping optional rerun call to 'log' because rerun usage is disabled.
[2026-08-02 14:10:41,396][DEBUG][m:optional_rerun_wrapper][fn:method][ln:40] - Skipping optional rerun call to 'Points3D' because rerun usage is disabled.
[2026-08-02 14:10:41,396][DEBUG][m:optional_rerun_wrapper][fn:method][ln:40] - Skipping optional rerun call to 'AnyValues' because rerun usage is disabled.
[2026-08-02 14:10:41,396][DEBUG][m:optional_rerun_wrapper][fn:method][ln:40] - Skipping optional rerun call to 'log' because rerun usage is disabled.
[2026-08-02 14:10:41,396][DEBUG][m:optional_rerun_wrapper][fn:method][ln:40] - Skipping optional rerun call to 'Boxes3D' because rerun usage is disabled.
[2026-08-02 14:10:41,396][DEBUG][m:optional_rerun_wrapper][fn:method][ln:40] - Skipping optional rerun call to 'AnyValues' because rerun usage is disabled.
[2026-08-02 14:10:41,396][DEBUG][m:optional_rerun_wrapper][fn:method][ln:40] - Skipping optional rerun call to 'log' because rerun usage is disabled.
[2026-08-02 14:10:41,396][DEBUG][m:optional_rerun_wrapper][fn:method][ln:40] - Skipping optional rerun call to 'Boxes3D' because rerun usage is disabled.
[2026-08-02 14:10:41,396][DEBUG][m:optional_rerun_wrapper][fn:method][ln:40] - Skipping optional rerun call to 'AnyValues' because rerun usage is disabled.
[2026-08-02 14:10:41,396][DEBUG][m:optional_rerun_wrapper][fn:method][ln:40] - Skipping optional rerun call to 'log' because rerun usage is disabled.
[2026-08-02 14:10:41,396][DEBUG][m:optional_rerun_wrapper][fn:method][ln:40] - Skipping optional rerun call to 'Boxes3D' because rerun usage is disabled.
[2026-08-02 14:10:41,396][DEBUG][m:optional_rerun_wrapper][fn:method][ln:40] - Skipping optional rerun call to 'AnyValues' because rerun usage is disabled.
[2026-08-02 14:10:41,396][DEBUG][m:optional_rerun_wrapper][fn:method][ln:40] - Skipping optional rerun call to 'log' because rerun usage is disabled.
[2026-08-02 14:10:41,396][DEBUG][m:optional_rerun_wrapper][fn:method][ln:40] - Skipping optional rerun call to 'Points3D' because rerun usage is disabled.
[2026-08-02 14:10:41,396][DEBUG][m:optional_rerun_wrapper][fn:method][ln:40] - Skipping optional rerun call to 'AnyValues' because rerun usage is disabled.
[2026-08-02 14:10:41,397][DEBUG][m:optional_rerun_wrapper][fn:method][ln:40] - Skipping optional rerun call to 'log' because rerun usage is disabled.
[2026-08-02 14:10:41,397][DEBUG][m:optional_rerun_wrapper][fn:method][ln:40] - Skipping optional rerun call to 'Points3D' because rerun usage is disabled.
[2026-08-02 14:10:41,397][DEBUG][m:optional_rerun_wrapper][fn:method][ln:40] - Skipping optional rerun call to 'AnyValues' because rerun usage is disabled.
[2026-08-02 14:10:41,397][DEBUG][m:optional_rerun_wrapper][fn:method][ln:40] - Skipping optional rerun call to 'log' because rerun usage is disabled.
[2026-08-02 14:10:41,397][DEBUG][m:optional_rerun_wrapper][fn:method][ln:40] - Skipping optional rerun call to 'Points3D' because rerun usage is disabled.
[2026-08-02 14:10:41,397][DEBUG][m:optional_rerun_wrapper][fn:method][ln:40] - Skipping optional rerun call to 'AnyValues' because rerun usage is disabled.
[2026-08-02 14:10:41,397][DEBUG][m:optional_rerun_wrapper][fn:method][ln:40] - Skipping optional rerun call to 'log' because rerun usage is disabled.
[2026-08-02 14:10:41,397][DEBUG][m:optional_rerun_wrapper][fn:method][ln:40] - Skipping optional rerun call to 'Boxes3D' because rerun usage is disabled.
[2026-08-02 14:10:41,397][DEBUG][m:optional_rerun_wrapper][fn:method][ln:40] - Skipping optional rerun call to 'AnyValues' because rerun usage is disabled.
[2026-08-02 14:10:41,397][DEBUG][m:optional_rerun_wrapper][fn:method][ln:40] - Skipping optional rerun call to 'log' because rerun usage is disabled.
[2026-08-02 14:10:41,397][DEBUG][m:optional_rerun_wrapper][fn:method][ln:40] - Skipping optional rerun call to 'Boxes3D' because rerun usage is disabled.
[2026-08-02 14:10:41,397][DEBUG][m:optional_rerun_wrapper][fn:method][ln:40] - Skipping optional rerun call to 'AnyValues' because rerun usage is disabled.
[2026-08-02 14:10:41,397][DEBUG][m:optional_rerun_wrapper][fn:method][ln:40] - Skipping optional rerun call to 'log' because rerun usage is disabled.
[2026-08-02 14:10:41,397][DEBUG][m:optional_rerun_wrapper][fn:method][ln:40] - Skipping optional rerun call to 'Boxes3D' because rerun usage is disabled.
[2026-08-02 14:10:41,397][DEBUG][m:optional_rerun_wrapper][fn:method][ln:40] - Skipping optional rerun call to 'AnyValues' because rerun usage is disabled.
[2026-08-02 14:10:41,397][DEBUG][m:optional_rerun_wrapper][fn:method][ln:40] - Skipping optional rerun call to 'log' because rerun usage is disabled.
[2026-08-02 14:10:41,397][DEBUG][m:optional_rerun_wrapper][fn:method][ln:40] - Skipping optional rerun call to 'Points3D' because rerun usage is disabled.
[2026-08-02 14:10:41,397][DEBUG][m:optional_rerun_wrapper][fn:method][ln:40] - Skipping optional rerun call to 'AnyValues' because rerun usage is disabled.
[2026-08-02 14:10:41,397][DEBUG][m:optional_rerun_wrapper][fn:method][ln:40] - Skipping optional rerun call to 'log' because rerun usage is disabled.
[2026-08-02 14:10:41,397][DEBUG][m:optional_rerun_wrapper][fn:method][ln:40] - Skipping optional rerun call to 'Points3D' because rerun usage is disabled.
[2026-08-02 14:10:41,397][DEBUG][m:optional_rerun_wrapper][fn:method][ln:40] - Skipping optional rerun call to 'AnyValues' because rerun usage is disabled.
[2026-08-02 14:10:41,397][DEBUG][m:optional_rerun_wrapper][fn:method][ln:40] - Skipping optional rerun call to 'log' because rerun usage is disabled.
[2026-08-02 14:10:41,397][DEBUG][m:optional_rerun_wrapper][fn:method][ln:40] - Skipping optional rerun call to 'Points3D' because rerun usage is disabled.
[2026-08-02 14:10:41,397][DEBUG][m:optional_rerun_wrapper][fn:method][ln:40] - Skipping optional rerun call to 'AnyValues' because rerun usage is disabled.
[2026-08-02 14:10:41,397][DEBUG][m:optional_rerun_wrapper][fn:method][ln:40] - Skipping optional rerun call to 'log' because rerun usage is disabled.
[2026-08-02 14:10:41,397][DEBUG][m:optional_rerun_wrapper][fn:method][ln:40] - Skipping optional rerun call to 'Boxes3D' because rerun usage is disabled.
[2026-08-02 14:10:41,397][DEBUG][m:optional_rerun_wrapper][fn:method][ln:40] - Skipping optional rerun call to 'AnyValues' because rerun usage is disabled.
[2026-08-02 14:10:41,397][DEBUG][m:optional_rerun_wrapper][fn:method][ln:40] - Skipping optional rerun call to 'log' because rerun usage is disabled.
[2026-08-02 14:10:41,397][DEBUG][m:optional_rerun_wrapper][fn:method][ln:40] - Skipping optional rerun call to 'Boxes3D' because rerun usage is disabled.
[2026-08-02 14:10:41,397][DEBUG][m:optional_rerun_wrapper][fn:method][ln:40] - Skipping optional rerun call to 'AnyValues' because rerun usage is disabled.
[2026-08-02 14:10:41,397][DEBUG][m:optional_rerun_wrapper][fn:method][ln:40] - Skipping optional rerun call to 'log' because rerun usage is disabled.
[2026-08-02 14:10:41,397][DEBUG][m:optional_rerun_wrapper][fn:method][ln:40] - Skipping optional rerun call to 'Boxes3D' because rerun usage is disabled.
[2026-08-02 14:10:41,397][DEBUG][m:optional_rerun_wrapper][fn:method][ln:40] - Skipping optional rerun call to 'AnyValues' because rerun usage is disabled.
[2026-08-02 14:10:41,397][DEBUG][m:optional_rerun_wrapper][fn:method][ln:40] - Skipping optional rerun call to 'log' because rerun usage is disabled.
[2026-08-02 14:10:41,398][DEBUG][m:optional_rerun_wrapper][fn:method][ln:40] - Skipping optional rerun call to 'Points3D' because rerun usage is disabled.
[2026-08-02 14:10:41,398][DEBUG][m:optional_rerun_wrapper][fn:method][ln:40] - Skipping optional rerun call to 'AnyValues' because rerun usage is disabled.
[2026-08-02 14:10:41,398][DEBUG][m:optional_rerun_wrapper][fn:method][ln:40] - Skipping optional rerun call to 'log' because rerun usage is disabled.
[2026-08-02 14:10:41,398][DEBUG][m:optional_rerun_wrapper][fn:method][ln:40] - Skipping optional rerun call to 'Points3D' because rerun usage is disabled.
[2026-08-02 14:10:41,398][DEBUG][m:optional_rerun_wrapper][fn:method][ln:40] - Skipping optional rerun call to 'AnyValues' because rerun usage is disabled.
[2026-08-02 14:10:41,398][DEBUG][m:optional_rerun_wrapper][fn:method][ln:40] - Skipping optional rerun call to 'log' because rerun usage is disabled.
[2026-08-02 14:10:41,398][DEBUG][m:optional_rerun_wrapper][fn:method][ln:40] - Skipping optional rerun call to 'Points3D' because rerun usage is disabled.
[2026-08-02 14:10:41,398][DEBUG][m:optional_rerun_wrapper][fn:method][ln:40] - Skipping optional rerun call to 'AnyValues' because rerun usage is disabled.
[2026-08-02 14:10:41,398][DEBUG][m:optional_rerun_wrapper][fn:method][ln:40] - Skipping optional rerun call to 'log' because rerun usage is disabled.
[2026-08-02 14:10:41,398][DEBUG][m:optional_rerun_wrapper][fn:method][ln:40] - Skipping optional rerun call to 'Boxes3D' because rerun usage is disabled.
[2026-08-02 14:10:41,398][DEBUG][m:optional_rerun_wrapper][fn:method][ln:40] - Skipping optional rerun call to 'AnyValues' because rerun usage is disabled.
[2026-08-02 14:10:41,398][DEBUG][m:optional_rerun_wrapper][fn:method][ln:40] - Skipping optional rerun call to 'log' because rerun usage is disabled.
[2026-08-02 14:10:41,398][DEBUG][m:optional_rerun_wrapper][fn:method][ln:40] - Skipping optional rerun call to 'Boxes3D' because rerun usage is disabled.
[2026-08-02 14:10:41,398][DEBUG][m:optional_rerun_wrapper][fn:method][ln:40] - Skipping optional rerun call to 'AnyValues' because rerun usage is disabled.
[2026-08-02 14:10:41,398][DEBUG][m:optional_rerun_wrapper][fn:method][ln:40] - Skipping optional rerun call to 'log' because rerun usage is disabled.
[2026-08-02 14:10:41,398][DEBUG][m:optional_rerun_wrapper][fn:method][ln:40] - Skipping optional rerun call to 'Boxes3D' because rerun usage is disabled.
[2026-08-02 14:10:41,398][DEBUG][m:optional_rerun_wrapper][fn:method][ln:40] - Skipping optional rerun call to 'AnyValues' because rerun usage is disabled.
[2026-08-02 14:10:41,398][DEBUG][m:optional_rerun_wrapper][fn:method][ln:40] - Skipping optional rerun call to 'log' because rerun usage is disabled.
[2026-08-02 14:10:41,398][DEBUG][m:optional_rerun_wrapper][fn:method][ln:40] - Skipping optional rerun call to 'Points3D' because rerun usage is disabled.
[2026-08-02 14:10:41,398][DEBUG][m:optional_rerun_wrapper][fn:method][ln:40] - Skipping optional rerun call to 'AnyValues' because rerun usage is disabled.
[2026-08-02 14:10:41,398][DEBUG][m:optional_rerun_wrapper][fn:method][ln:40] - Skipping optional rerun call to 'log' because rerun usage is disabled.
[2026-08-02 14:10:41,398][DEBUG][m:optional_rerun_wrapper][fn:method][ln:40] - Skipping optional rerun call to 'Points3D' because rerun usage is disabled.
[2026-08-02 14:10:41,398][DEBUG][m:optional_rerun_wrapper][fn:method][ln:40] - Skipping optional rerun call to 'AnyValues' because rerun usage is disabled.
[2026-08-02 14:10:41,398][DEBUG][m:optional_rerun_wrapper][fn:method][ln:40] - Skipping optional rerun call to 'log' because rerun usage is disabled.
[2026-08-02 14:10:41,398][DEBUG][m:optional_rerun_wrapper][fn:method][ln:40] - Skipping optional rerun call to 'Points3D' because rerun usage is disabled.
[2026-08-02 14:10:41,398][DEBUG][m:optional_rerun_wrapper][fn:method][ln:40] - Skipping optional rerun call to 'AnyValues' because rerun usage is disabled.
[2026-08-02 14:10:41,398][DEBUG][m:optional_rerun_wrapper][fn:method][ln:40] - Skipping optional rerun call to 'log' because rerun usage is disabled.
[2026-08-02 14:10:41,398][DEBUG][m:optional_rerun_wrapper][fn:method][ln:40] - Skipping optional rerun call to 'Boxes3D' because rerun usage is disabled.
[2026-08-02 14:10:41,398][DEBUG][m:optional_rerun_wrapper][fn:method][ln:40] - Skipping optional rerun call to 'AnyValues' because rerun usage is disabled.
[2026-08-02 14:10:41,398][DEBUG][m:optional_rerun_wrapper][fn:method][ln:40] - Skipping optional rerun call to 'log' because rerun usage is disabled.
[2026-08-02 14:10:41,398][DEBUG][m:optional_rerun_wrapper][fn:method][ln:40] - Skipping optional rerun call to 'Boxes3D' because rerun usage is disabled.
[2026-08-02 14:10:41,398][DEBUG][m:optional_rerun_wrapper][fn:method][ln:40] - Skipping optional rerun call to 'AnyValues' because rerun usage is disabled.
[2026-08-02 14:10:41,399][DEBUG][m:optional_rerun_wrapper][fn:method][ln:40] - Skipping optional rerun call to 'log' because rerun usage is disabled.
[2026-08-02 14:10:41,399][DEBUG][m:optional_rerun_wrapper][fn:method][ln:40] - Skipping optional rerun call to 'Boxes3D' because rerun usage is disabled.
[2026-08-02 14:10:41,399][DEBUG][m:optional_rerun_wrapper][fn:method][ln:40] - Skipping optional rerun call to 'AnyValues' because rerun usage is disabled.
[2026-08-02 14:10:41,399][DEBUG][m:optional_rerun_wrapper][fn:method][ln:40] - Skipping optional rerun call to 'log' because rerun usage is disabled.
[2026-08-02 14:10:41,399][DEBUG][m:optional_rerun_wrapper][fn:method][ln:40] - Skipping optional rerun call to 'Points3D' because rerun usage is disabled.
[2026-08-02 14:10:41,399][DEBUG][m:optional_rerun_wrapper][fn:method][ln:40] - Skipping optional rerun call to 'AnyValues' because rerun usage is disabled.
[2026-08-02 14:10:41,399][DEBUG][m:optional_rerun_wrapper][fn:method][ln:40] - Skipping optional rerun call to 'log' because rerun usage is disabled.
[2026-08-02 14:10:41,399][DEBUG][m:optional_rerun_wrapper][fn:method][ln:40] - Skipping optional rerun call to 'Points3D' because rerun usage is disabled.
[2026-08-02 14:10:41,399][DEBUG][m:optional_rerun_wrapper][fn:method][ln:40] - Skipping optional rerun call to 'AnyValues' because rerun usage is disabled.
[2026-08-02 14:10:41,399][DEBUG][m:optional_rerun_wrapper][fn:method][ln:40] - Skipping optional rerun call to 'log' because rerun usage is disabled.
[2026-08-02 14:10:41,399][DEBUG][m:optional_rerun_wrapper][fn:method][ln:40] - Skipping optional rerun call to 'Points3D' because rerun usage is disabled.
[2026-08-02 14:10:41,399][DEBUG][m:optional_rerun_wrapper][fn:method][ln:40] - Skipping optional rerun call to 'AnyValues' because rerun usage is disabled.
[2026-08-02 14:10:41,399][DEBUG][m:optional_rerun_wrapper][fn:method][ln:40] - Skipping optional rerun call to 'log' because rerun usage is disabled.
[2026-08-02 14:10:41,399][DEBUG][m:optional_rerun_wrapper][fn:method][ln:40] - Skipping optional rerun call to 'Boxes3D' because rerun usage is disabled.
[2026-08-02 14:10:41,399][DEBUG][m:optional_rerun_wrapper][fn:method][ln:40] - Skipping optional rerun call to 'AnyValues' because rerun usage is disabled.
[2026-08-02 14:10:41,399][DEBUG][m:optional_rerun_wrapper][fn:method][ln:40] - Skipping optional rerun call to 'log' because rerun usage is disabled.
[2026-08-02 14:10:41,399][DEBUG][m:optional_rerun_wrapper][fn:method][ln:40] - Skipping optional rerun call to 'Boxes3D' because rerun usage is disabled.
[2026-08-02 14:10:41,399][DEBUG][m:optional_rerun_wrapper][fn:method][ln:40] - Skipping optional rerun call to 'AnyValues' because rerun usage is disabled.
[2026-08-02 14:10:41,399][DEBUG][m:optional_rerun_wrapper][fn:method][ln:40] - Skipping optional rerun call to 'log' because rerun usage is disabled.
[2026-08-02 14:10:41,399][DEBUG][m:optional_rerun_wrapper][fn:method][ln:40] - Skipping optional rerun call to 'Boxes3D' because rerun usage is disabled.
[2026-08-02 14:10:41,399][DEBUG][m:optional_rerun_wrapper][fn:method][ln:40] - Skipping optional rerun call to 'AnyValues' because rerun usage is disabled.
[2026-08-02 14:10:41,399][DEBUG][m:optional_rerun_wrapper][fn:method][ln:40] - Skipping optional rerun call to 'log' because rerun usage is disabled.
[2026-08-02 14:10:41,399][DEBUG][m:optional_rerun_wrapper][fn:method][ln:40] - Skipping optional rerun call to 'Points3D' because rerun usage is disabled.
[2026-08-02 14:10:41,399][DEBUG][m:optional_rerun_wrapper][fn:method][ln:40] - Skipping optional rerun call to 'AnyValues' because rerun usage is disabled.
[2026-08-02 14:10:41,399][DEBUG][m:optional_rerun_wrapper][fn:method][ln:40] - Skipping optional rerun call to 'log' because rerun usage is disabled.
[2026-08-02 14:10:41,399][DEBUG][m:optional_rerun_wrapper][fn:method][ln:40] - Skipping optional rerun call to 'Points3D' because rerun usage is disabled.
[2026-08-02 14:10:41,399][DEBUG][m:optional_rerun_wrapper][fn:method][ln:40] - Skipping optional rerun call to 'AnyValues' because rerun usage is disabled.
[2026-08-02 14:10:41,399][DEBUG][m:optional_rerun_wrapper][fn:method][ln:40] - Skipping optional rerun call to 'log' because rerun usage is disabled.
[2026-08-02 14:10:41,399][DEBUG][m:optional_rerun_wrapper][fn:method][ln:40] - Skipping optional rerun call to 'Points3D' because rerun usage is disabled.
[2026-08-02 14:10:41,399][DEBUG][m:optional_rerun_wrapper][fn:method][ln:40] - Skipping optional rerun call to 'AnyValues' because rerun usage is disabled.
[2026-08-02 14:10:41,399][DEBUG][m:optional_rerun_wrapper][fn:method][ln:40] - Skipping optional rerun call to 'log' because rerun usage is disabled.
[2026-08-02 14:10:41,399][DEBUG][m:optional_rerun_wrapper][fn:method][ln:40] - Skipping optional rerun call to 'Boxes3D' because rerun usage is disabled.
[2026-08-02 14:10:41,400][DEBUG][m:optional_rerun_wrapper][fn:method][ln:40] - Skipping optional rerun call to 'AnyValues' because rerun usage is disabled.
[2026-08-02 14:10:41,400][DEBUG][m:optional_rerun_wrapper][fn:method][ln:40] - Skipping optional rerun call to 'log' because rerun usage is disabled.
[2026-08-02 14:10:41,400][DEBUG][m:optional_rerun_wrapper][fn:method][ln:40] - Skipping optional rerun call to 'Boxes3D' because rerun usage is disabled.
[2026-08-02 14:10:41,400][DEBUG][m:optional_rerun_wrapper][fn:method][ln:40] - Skipping optional rerun call to 'AnyValues' because rerun usage is disabled.
[2026-08-02 14:10:41,400][DEBUG][m:optional_rerun_wrapper][fn:method][ln:40] - Skipping optional rerun call to 'log' because rerun usage is disabled.
[2026-08-02 14:10:41,400][DEBUG][m:optional_rerun_wrapper][fn:method][ln:40] - Skipping optional rerun call to 'Boxes3D' because rerun usage is disabled.
[2026-08-02 14:10:41,400][DEBUG][m:optional_rerun_wrapper][fn:method][ln:40] - Skipping optional rerun call to 'AnyValues' because rerun usage is disabled.
[2026-08-02 14:10:41,400][DEBUG][m:optional_rerun_wrapper][fn:method][ln:40] - Skipping optional rerun call to 'log' because rerun usage is disabled.
[2026-08-02 14:10:41,400][DEBUG][m:optional_rerun_wrapper][fn:method][ln:40] - Skipping optional rerun call to 'Points3D' because rerun usage is disabled.
[2026-08-02 14:10:41,400][DEBUG][m:optional_rerun_wrapper][fn:method][ln:40] - Skipping optional rerun call to 'AnyValues' because rerun usage is disabled.
[2026-08-02 14:10:41,400][DEBUG][m:optional_rerun_wrapper][fn:method][ln:40] - Skipping optional rerun call to 'log' because rerun usage is disabled.
[2026-08-02 14:10:41,400][DEBUG][m:optional_rerun_wrapper][fn:method][ln:40] - Skipping optional rerun call to 'Points3D' because rerun usage is disabled.
[2026-08-02 14:10:41,400][DEBUG][m:optional_rerun_wrapper][fn:method][ln:40] - Skipping optional rerun call to 'AnyValues' because rerun usage is disabled.
[2026-08-02 14:10:41,400][DEBUG][m:optional_rerun_wrapper][fn:method][ln:40] - Skipping optional rerun call to 'log' because rerun usage is disabled.
[2026-08-02 14:10:41,400][DEBUG][m:optional_rerun_wrapper][fn:method][ln:40] - Skipping optional rerun call to 'Points3D' because rerun usage is disabled.
[2026-08-02 14:10:41,400][DEBUG][m:optional_rerun_wrapper][fn:method][ln:40] - Skipping optional rerun call to 'AnyValues' because rerun usage is disabled.
[2026-08-02 14:10:41,400][DEBUG][m:optional_rerun_wrapper][fn:method][ln:40] - Skipping optional rerun call to 'log' because rerun usage is disabled.
[2026-08-02 14:10:41,400][DEBUG][m:optional_rerun_wrapper][fn:method][ln:40] - Skipping optional rerun call to 'Boxes3D' because rerun usage is disabled.
[2026-08-02 14:10:41,400][DEBUG][m:optional_rerun_wrapper][fn:method][ln:40] - Skipping optional rerun call to 'AnyValues' because rerun usage is disabled.
[2026-08-02 14:10:41,400][DEBUG][m:optional_rerun_wrapper][fn:method][ln:40] - Skipping optional rerun call to 'log' because rerun usage is disabled.
[2026-08-02 14:10:41,400][DEBUG][m:optional_rerun_wrapper][fn:method][ln:40] - Skipping optional rerun call to 'Boxes3D' because rerun usage is disabled.
[2026-08-02 14:10:41,400][DEBUG][m:optional_rerun_wrapper][fn:method][ln:40] - Skipping optional rerun call to 'AnyValues' because rerun usage is disabled.
[2026-08-02 14:10:41,400][DEBUG][m:optional_rerun_wrapper][fn:method][ln:40] - Skipping optional rerun call to 'log' because rerun usage is disabled.
[2026-08-02 14:10:41,400][DEBUG][m:optional_rerun_wrapper][fn:method][ln:40] - Skipping optional rerun call to 'Boxes3D' because rerun usage is disabled.
[2026-08-02 14:10:41,400][DEBUG][m:optional_rerun_wrapper][fn:method][ln:40] - Skipping optional rerun call to 'AnyValues' because rerun usage is disabled.
[2026-08-02 14:10:41,400][DEBUG][m:optional_rerun_wrapper][fn:method][ln:40] - Skipping optional rerun call to 'log' because rerun usage is disabled.
[2026-08-02 14:10:41,400][DEBUG][m:optional_rerun_wrapper][fn:method][ln:40] - Skipping optional rerun call to 'Clear' because rerun usage is disabled.
[2026-08-02 14:10:41,400][DEBUG][m:optional_rerun_wrapper][fn:method][ln:40] - Skipping optional rerun call to 'log' because rerun usage is disabled.
[2026-08-02 14:10:41,400][DEBUG][m:optional_wandb_wrapper][fn:method][ln:139] - Skipping optional wandb call to 'log' because wandb usage is disabled.
[2026-08-02 14:10:41,400][DEBUG][m:optional_wandb_wrapper][fn:method][ln:139] - Skipping optional wandb call to 'log' because wandb usage is disabled.
 40%|████      | 2/5 [00:05<00:07,  2.47s/it][2026-08-02 14:10:41,401][DEBUG][m:optional_rerun_wrapper][fn:method][ln:40] - Skipping optional rerun call to 'set_time_sequence' because rerun usage is disabled.
[2026-08-02 14:10:41,418][DEBUG][m:PngImagePlugin][fn:call][ln:204] - STREAM b'IHDR' 16 13
[2026-08-02 14:10:41,418][DEBUG][m:PngImagePlugin][fn:call][ln:204] - STREAM b'IDAT' 41 8192
Removing tissue box because it has an IoU of 0.9629482071713148 with object potted plant.
Removing coffee maker because it has an IoU of 0.9990740740740741 with object coffee kettle.
Removing picture because it has an IoU of 0.999893716520704 with object poster.
Removing stool because it has an IoU of 1.0 with object ottoman.
Removing couch because it has an IoU of 0.9996947683291618 with object sofa chair.
Removing coffee table because it has an IoU of 0.9997442782252909 with object end table.
Removing lamp because it has an IoU of 0.9926367461430575 with object lamp.
Removing desk because it has an IoU of 0.9996063988304422 with object cabinet.
Removing tissue box because it has an IoU of 0.9975550122249389 with object toaster.
Removing ceiling because it is a background class, specifically ['wall', 'floor', 'ceiling'].
Removing box because it has an IoU of 0.9951219512195122 with object toaster.
Removing sofa chair because it has an IoU of 0.9665002415847963 with object ottoman.
Removing wall because it is a background class, specifically ['wall', 'floor', 'ceiling'].
Removing wall because it is a background class, specifically ['wall', 'floor', 'ceiling'].
Removing shelf because it has an IoU of 0.9802726543704892 with object cabinet.
Removing light switch because it has an IoU of 0.9921156373193167 with object power outlet.
Removing end table because it has an IoU of 0.9995180142185806 with object coffee table.
[2026-08-02 14:10:43,335][DEBUG][m:optional_rerun_wrapper][fn:method][ln:40] - Skipping optional rerun call to 'Pinhole' because rerun usage is disabled.
[2026-08-02 14:10:43,335][DEBUG][m:optional_rerun_wrapper][fn:method][ln:40] - Skipping optional rerun call to 'log' because rerun usage is disabled.
[2026-08-02 14:10:43,335][DEBUG][m:optional_rerun_wrapper][fn:method][ln:40] - Skipping optional rerun call to 'Transform3D' because rerun usage is disabled.
[2026-08-02 14:10:43,335][DEBUG][m:optional_rerun_wrapper][fn:method][ln:40] - Skipping optional rerun call to 'log' because rerun usage is disabled.
[2026-08-02 14:10:43,335][DEBUG][m:optional_rerun_wrapper][fn:method][ln:40] - Skipping optional rerun call to 'LineStrips3D' because rerun usage is disabled.
[2026-08-02 14:10:43,336][DEBUG][m:optional_rerun_wrapper][fn:method][ln:40] - Skipping optional rerun call to 'log' because rerun usage is disabled.
[2026-08-02 14:10:43,336][DEBUG][m:optional_rerun_wrapper][fn:method][ln:40] - Skipping optional rerun call to 'ImageEncoded' because rerun usage is disabled.
[2026-08-02 14:10:43,336][DEBUG][m:optional_rerun_wrapper][fn:method][ln:40] - Skipping optional rerun call to 'log' because rerun usage is disabled.
[2026-08-02 14:10:43,336][DEBUG][m:optional_rerun_wrapper][fn:method][ln:40] - Skipping optional rerun call to 'ImageEncoded' because rerun usage is disabled.
[2026-08-02 14:10:43,336][DEBUG][m:optional_rerun_wrapper][fn:method][ln:40] - Skipping optional rerun call to 'log' because rerun usage is disabled.
[2026-08-02 14:10:43,336][DEBUG][m:optional_rerun_wrapper][fn:method][ln:40] - Skipping optional rerun call to 'DepthImage' because rerun usage is disabled.
[2026-08-02 14:10:43,336][DEBUG][m:optional_rerun_wrapper][fn:method][ln:40] - Skipping optional rerun call to 'log' because rerun usage is disabled.
[2026-08-02 14:10:43,336][WARNING][m:optional_rerun_wrapper][fn:orr_log_vlm_image][ln:132] - VLM image not found at path: /home/chenkejun/beauty/conceptgraphs/data/Replica/room0/exps/smoke_detections_stride20/vis/frame000040annotated_for_vlm.jpg
[2026-08-02 14:10:43,336][WARNING][m:optional_rerun_wrapper][fn:orr_log_vlm_image][ln:132] - VLM image not found at path: /home/chenkejun/beauty/conceptgraphs/data/Replica/room0/exps/smoke_detections_stride20/vis/frame000040annotated_for_vlm_w_edges.jpg
Done! Execution time of detections_to_obj_pcd_and_bbox function: 0.13 seconds
[2026-08-02 14:10:43,861][DEBUG][m:optional_wandb_wrapper][fn:method][ln:139] - Skipping optional wandb call to 'log' because wandb usage is disabled.
Line 624, curr_edges_3d_by_index: []
[2026-08-02 14:10:43,861][DEBUG][m:optional_rerun_wrapper][fn:method][ln:40] - Skipping optional rerun call to 'Points3D' because rerun usage is disabled.
[2026-08-02 14:10:43,861][DEBUG][m:optional_rerun_wrapper][fn:method][ln:40] - Skipping optional rerun call to 'AnyValues' because rerun usage is disabled.
[2026-08-02 14:10:43,861][DEBUG][m:optional_rerun_wrapper][fn:method][ln:40] - Skipping optional rerun call to 'log' because rerun usage is disabled.
[2026-08-02 14:10:43,861][DEBUG][m:optional_rerun_wrapper][fn:method][ln:40] - Skipping optional rerun call to 'Points3D' because rerun usage is disabled.
[2026-08-02 14:10:43,861][DEBUG][m:optional_rerun_wrapper][fn:method][ln:40] - Skipping optional rerun call to 'AnyValues' because rerun usage is disabled.
[2026-08-02 14:10:43,861][DEBUG][m:optional_rerun_wrapper][fn:method][ln:40] - Skipping optional rerun call to 'log' because rerun usage is disabled.
[2026-08-02 14:10:43,861][DEBUG][m:optional_rerun_wrapper][fn:method][ln:40] - Skipping optional rerun call to 'Points3D' because rerun usage is disabled.
[2026-08-02 14:10:43,861][DEBUG][m:optional_rerun_wrapper][fn:method][ln:40] - Skipping optional rerun call to 'AnyValues' because rerun usage is disabled.
[2026-08-02 14:10:43,861][DEBUG][m:optional_rerun_wrapper][fn:method][ln:40] - Skipping optional rerun call to 'log' because rerun usage is disabled.
[2026-08-02 14:10:43,862][DEBUG][m:optional_rerun_wrapper][fn:method][ln:40] - Skipping optional rerun call to 'Boxes3D' because rerun usage is disabled.
[2026-08-02 14:10:43,862][DEBUG][m:optional_rerun_wrapper][fn:method][ln:40] - Skipping optional rerun call to 'AnyValues' because rerun usage is disabled.
[2026-08-02 14:10:43,862][DEBUG][m:optional_rerun_wrapper][fn:method][ln:40] - Skipping optional rerun call to 'log' because rerun usage is disabled.
[2026-08-02 14:10:43,862][DEBUG][m:optional_rerun_wrapper][fn:method][ln:40] - Skipping optional rerun call to 'Boxes3D' because rerun usage is disabled.
[2026-08-02 14:10:43,862][DEBUG][m:optional_rerun_wrapper][fn:method][ln:40] - Skipping optional rerun call to 'AnyValues' because rerun usage is disabled.
[2026-08-02 14:10:43,862][DEBUG][m:optional_rerun_wrapper][fn:method][ln:40] - Skipping optional rerun call to 'log' because rerun usage is disabled.
[2026-08-02 14:10:43,862][DEBUG][m:optional_rerun_wrapper][fn:method][ln:40] - Skipping optional rerun call to 'Boxes3D' because rerun usage is disabled.
[2026-08-02 14:10:43,862][DEBUG][m:optional_rerun_wrapper][fn:method][ln:40] - Skipping optional rerun call to 'AnyValues' because rerun usage is disabled.
[2026-08-02 14:10:43,862][DEBUG][m:optional_rerun_wrapper][fn:method][ln:40] - Skipping optional rerun call to 'log' because rerun usage is disabled.
[2026-08-02 14:10:43,862][DEBUG][m:optional_rerun_wrapper][fn:method][ln:40] - Skipping optional rerun call to 'Points3D' because rerun usage is disabled.
[2026-08-02 14:10:43,862][DEBUG][m:optional_rerun_wrapper][fn:method][ln:40] - Skipping optional rerun call to 'AnyValues' because rerun usage is disabled.
[2026-08-02 14:10:43,862][DEBUG][m:optional_rerun_wrapper][fn:method][ln:40] - Skipping optional rerun call to 'log' because rerun usage is disabled.
[2026-08-02 14:10:43,862][DEBUG][m:optional_rerun_wrapper][fn:method][ln:40] - Skipping optional rerun call to 'Points3D' because rerun usage is disabled.
[2026-08-02 14:10:43,862][DEBUG][m:optional_rerun_wrapper][fn:method][ln:40] - Skipping optional rerun call to 'AnyValues' because rerun usage is disabled.
[2026-08-02 14:10:43,862][DEBUG][m:optional_rerun_wrapper][fn:method][ln:40] - Skipping optional rerun call to 'log' because rerun usage is disabled.
[2026-08-02 14:10:43,862][DEBUG][m:optional_rerun_wrapper][fn:method][ln:40] - Skipping optional rerun call to 'Points3D' because rerun usage is disabled.
[2026-08-02 14:10:43,862][DEBUG][m:optional_rerun_wrapper][fn:method][ln:40] - Skipping optional rerun call to 'AnyValues' because rerun usage is disabled.
[2026-08-02 14:10:43,862][DEBUG][m:optional_rerun_wrapper][fn:method][ln:40] - Skipping optional rerun call to 'log' because rerun usage is disabled.
[2026-08-02 14:10:43,862][DEBUG][m:optional_rerun_wrapper][fn:method][ln:40] - Skipping optional rerun call to 'Boxes3D' because rerun usage is disabled.
[2026-08-02 14:10:43,862][DEBUG][m:optional_rerun_wrapper][fn:method][ln:40] - Skipping optional rerun call to 'AnyValues' because rerun usage is disabled.
[2026-08-02 14:10:43,862][DEBUG][m:optional_rerun_wrapper][fn:method][ln:40] - Skipping optional rerun call to 'log' because rerun usage is disabled.
[2026-08-02 14:10:43,862][DEBUG][m:optional_rerun_wrapper][fn:method][ln:40] - Skipping optional rerun call to 'Boxes3D' because rerun usage is disabled.
[2026-08-02 14:10:43,862][DEBUG][m:optional_rerun_wrapper][fn:method][ln:40] - Skipping optional rerun call to 'AnyValues' because rerun usage is disabled.
[2026-08-02 14:10:43,862][DEBUG][m:optional_rerun_wrapper][fn:method][ln:40] - Skipping optional rerun call to 'log' because rerun usage is disabled.
[2026-08-02 14:10:43,862][DEBUG][m:optional_rerun_wrapper][fn:method][ln:40] - Skipping optional rerun call to 'Boxes3D' because rerun usage is disabled.
[2026-08-02 14:10:43,862][DEBUG][m:optional_rerun_wrapper][fn:method][ln:40] - Skipping optional rerun call to 'AnyValues' because rerun usage is disabled.
[2026-08-02 14:10:43,862][DEBUG][m:optional_rerun_wrapper][fn:method][ln:40] - Skipping optional rerun call to 'log' because rerun usage is disabled.
[2026-08-02 14:10:43,862][DEBUG][m:optional_rerun_wrapper][fn:method][ln:40] - Skipping optional rerun call to 'Points3D' because rerun usage is disabled.
[2026-08-02 14:10:43,862][DEBUG][m:optional_rerun_wrapper][fn:method][ln:40] - Skipping optional rerun call to 'AnyValues' because rerun usage is disabled.
[2026-08-02 14:10:43,862][DEBUG][m:optional_rerun_wrapper][fn:method][ln:40] - Skipping optional rerun call to 'log' because rerun usage is disabled.
[2026-08-02 14:10:43,862][DEBUG][m:optional_rerun_wrapper][fn:method][ln:40] - Skipping optional rerun call to 'Points3D' because rerun usage is disabled.
[2026-08-02 14:10:43,863][DEBUG][m:optional_rerun_wrapper][fn:method][ln:40] - Skipping optional rerun call to 'AnyValues' because rerun usage is disabled.
[2026-08-02 14:10:43,863][DEBUG][m:optional_rerun_wrapper][fn:method][ln:40] - Skipping optional rerun call to 'log' because rerun usage is disabled.
[2026-08-02 14:10:43,863][DEBUG][m:optional_rerun_wrapper][fn:method][ln:40] - Skipping optional rerun call to 'Points3D' because rerun usage is disabled.
[2026-08-02 14:10:43,863][DEBUG][m:optional_rerun_wrapper][fn:method][ln:40] - Skipping optional rerun call to 'AnyValues' because rerun usage is disabled.
[2026-08-02 14:10:43,863][DEBUG][m:optional_rerun_wrapper][fn:method][ln:40] - Skipping optional rerun call to 'log' because rerun usage is disabled.
[2026-08-02 14:10:43,863][DEBUG][m:optional_rerun_wrapper][fn:method][ln:40] - Skipping optional rerun call to 'Boxes3D' because rerun usage is disabled.
[2026-08-02 14:10:43,863][DEBUG][m:optional_rerun_wrapper][fn:method][ln:40] - Skipping optional rerun call to 'AnyValues' because rerun usage is disabled.
[2026-08-02 14:10:43,863][DEBUG][m:optional_rerun_wrapper][fn:method][ln:40] - Skipping optional rerun call to 'log' because rerun usage is disabled.
[2026-08-02 14:10:43,863][DEBUG][m:optional_rerun_wrapper][fn:method][ln:40] - Skipping optional rerun call to 'Boxes3D' because rerun usage is disabled.
[2026-08-02 14:10:43,863][DEBUG][m:optional_rerun_wrapper][fn:method][ln:40] - Skipping optional rerun call to 'AnyValues' because rerun usage is disabled.
[2026-08-02 14:10:43,863][DEBUG][m:optional_rerun_wrapper][fn:method][ln:40] - Skipping optional rerun call to 'log' because rerun usage is disabled.
[2026-08-02 14:10:43,863][DEBUG][m:optional_rerun_wrapper][fn:method][ln:40] - Skipping optional rerun call to 'Boxes3D' because rerun usage is disabled.
[2026-08-02 14:10:43,863][DEBUG][m:optional_rerun_wrapper][fn:method][ln:40] - Skipping optional rerun call to 'AnyValues' because rerun usage is disabled.
[2026-08-02 14:10:43,863][DEBUG][m:optional_rerun_wrapper][fn:method][ln:40] - Skipping optional rerun call to 'log' because rerun usage is disabled.
[2026-08-02 14:10:43,863][DEBUG][m:optional_rerun_wrapper][fn:method][ln:40] - Skipping optional rerun call to 'Points3D' because rerun usage is disabled.
[2026-08-02 14:10:43,863][DEBUG][m:optional_rerun_wrapper][fn:method][ln:40] - Skipping optional rerun call to 'AnyValues' because rerun usage is disabled.
[2026-08-02 14:10:43,863][DEBUG][m:optional_rerun_wrapper][fn:method][ln:40] - Skipping optional rerun call to 'log' because rerun usage is disabled.
[2026-08-02 14:10:43,863][DEBUG][m:optional_rerun_wrapper][fn:method][ln:40] - Skipping optional rerun call to 'Points3D' because rerun usage is disabled.
[2026-08-02 14:10:43,863][DEBUG][m:optional_rerun_wrapper][fn:method][ln:40] - Skipping optional rerun call to 'AnyValues' because rerun usage is disabled.
[2026-08-02 14:10:43,863][DEBUG][m:optional_rerun_wrapper][fn:method][ln:40] - Skipping optional rerun call to 'log' because rerun usage is disabled.
[2026-08-02 14:10:43,863][DEBUG][m:optional_rerun_wrapper][fn:method][ln:40] - Skipping optional rerun call to 'Points3D' because rerun usage is disabled.
[2026-08-02 14:10:43,863][DEBUG][m:optional_rerun_wrapper][fn:method][ln:40] - Skipping optional rerun call to 'AnyValues' because rerun usage is disabled.
[2026-08-02 14:10:43,863][DEBUG][m:optional_rerun_wrapper][fn:method][ln:40] - Skipping optional rerun call to 'log' because rerun usage is disabled.
[2026-08-02 14:10:43,863][DEBUG][m:optional_rerun_wrapper][fn:method][ln:40] - Skipping optional rerun call to 'Boxes3D' because rerun usage is disabled.
[2026-08-02 14:10:43,863][DEBUG][m:optional_rerun_wrapper][fn:method][ln:40] - Skipping optional rerun call to 'AnyValues' because rerun usage is disabled.
[2026-08-02 14:10:43,863][DEBUG][m:optional_rerun_wrapper][fn:method][ln:40] - Skipping optional rerun call to 'log' because rerun usage is disabled.
[2026-08-02 14:10:43,863][DEBUG][m:optional_rerun_wrapper][fn:method][ln:40] - Skipping optional rerun call to 'Boxes3D' because rerun usage is disabled.
[2026-08-02 14:10:43,863][DEBUG][m:optional_rerun_wrapper][fn:method][ln:40] - Skipping optional rerun call to 'AnyValues' because rerun usage is disabled.
[2026-08-02 14:10:43,863][DEBUG][m:optional_rerun_wrapper][fn:method][ln:40] - Skipping optional rerun call to 'log' because rerun usage is disabled.
[2026-08-02 14:10:43,864][DEBUG][m:optional_rerun_wrapper][fn:method][ln:40] - Skipping optional rerun call to 'Boxes3D' because rerun usage is disabled.
[2026-08-02 14:10:43,864][DEBUG][m:optional_rerun_wrapper][fn:method][ln:40] - Skipping optional rerun call to 'AnyValues' because rerun usage is disabled.
[2026-08-02 14:10:43,864][DEBUG][m:optional_rerun_wrapper][fn:method][ln:40] - Skipping optional rerun call to 'log' because rerun usage is disabled.
[2026-08-02 14:10:43,864][DEBUG][m:optional_rerun_wrapper][fn:method][ln:40] - Skipping optional rerun call to 'Points3D' because rerun usage is disabled.
[2026-08-02 14:10:43,864][DEBUG][m:optional_rerun_wrapper][fn:method][ln:40] - Skipping optional rerun call to 'AnyValues' because rerun usage is disabled.
[2026-08-02 14:10:43,864][DEBUG][m:optional_rerun_wrapper][fn:method][ln:40] - Skipping optional rerun call to 'log' because rerun usage is disabled.
[2026-08-02 14:10:43,864][DEBUG][m:optional_rerun_wrapper][fn:method][ln:40] - Skipping optional rerun call to 'Points3D' because rerun usage is disabled.
[2026-08-02 14:10:43,864][DEBUG][m:optional_rerun_wrapper][fn:method][ln:40] - Skipping optional rerun call to 'AnyValues' because rerun usage is disabled.
[2026-08-02 14:10:43,864][DEBUG][m:optional_rerun_wrapper][fn:method][ln:40] - Skipping optional rerun call to 'log' because rerun usage is disabled.
[2026-08-02 14:10:43,864][DEBUG][m:optional_rerun_wrapper][fn:method][ln:40] - Skipping optional rerun call to 'Points3D' because rerun usage is disabled.
[2026-08-02 14:10:43,864][DEBUG][m:optional_rerun_wrapper][fn:method][ln:40] - Skipping optional rerun call to 'AnyValues' because rerun usage is disabled.
[2026-08-02 14:10:43,864][DEBUG][m:optional_rerun_wrapper][fn:method][ln:40] - Skipping optional rerun call to 'log' because rerun usage is disabled.
[2026-08-02 14:10:43,864][DEBUG][m:optional_rerun_wrapper][fn:method][ln:40] - Skipping optional rerun call to 'Boxes3D' because rerun usage is disabled.
[2026-08-02 14:10:43,864][DEBUG][m:optional_rerun_wrapper][fn:method][ln:40] - Skipping optional rerun call to 'AnyValues' because rerun usage is disabled.
[2026-08-02 14:10:43,864][DEBUG][m:optional_rerun_wrapper][fn:method][ln:40] - Skipping optional rerun call to 'log' because rerun usage is disabled.
[2026-08-02 14:10:43,864][DEBUG][m:optional_rerun_wrapper][fn:method][ln:40] - Skipping optional rerun call to 'Boxes3D' because rerun usage is disabled.
[2026-08-02 14:10:43,864][DEBUG][m:optional_rerun_wrapper][fn:method][ln:40] - Skipping optional rerun call to 'AnyValues' because rerun usage is disabled.
[2026-08-02 14:10:43,864][DEBUG][m:optional_rerun_wrapper][fn:method][ln:40] - Skipping optional rerun call to 'log' because rerun usage is disabled.
[2026-08-02 14:10:43,864][DEBUG][m:optional_rerun_wrapper][fn:method][ln:40] - Skipping optional rerun call to 'Boxes3D' because rerun usage is disabled.
[2026-08-02 14:10:43,864][DEBUG][m:optional_rerun_wrapper][fn:method][ln:40] - Skipping optional rerun call to 'AnyValues' because rerun usage is disabled.
[2026-08-02 14:10:43,864][DEBUG][m:optional_rerun_wrapper][fn:method][ln:40] - Skipping optional rerun call to 'log' because rerun usage is disabled.
[2026-08-02 14:10:43,864][DEBUG][m:optional_rerun_wrapper][fn:method][ln:40] - Skipping optional rerun call to 'Points3D' because rerun usage is disabled.
[2026-08-02 14:10:43,864][DEBUG][m:optional_rerun_wrapper][fn:method][ln:40] - Skipping optional rerun call to 'AnyValues' because rerun usage is disabled.
[2026-08-02 14:10:43,864][DEBUG][m:optional_rerun_wrapper][fn:method][ln:40] - Skipping optional rerun call to 'log' because rerun usage is disabled.
[2026-08-02 14:10:43,864][DEBUG][m:optional_rerun_wrapper][fn:method][ln:40] - Skipping optional rerun call to 'Points3D' because rerun usage is disabled.
[2026-08-02 14:10:43,864][DEBUG][m:optional_rerun_wrapper][fn:method][ln:40] - Skipping optional rerun call to 'AnyValues' because rerun usage is disabled.
[2026-08-02 14:10:43,864][DEBUG][m:optional_rerun_wrapper][fn:method][ln:40] - Skipping optional rerun call to 'log' because rerun usage is disabled.
[2026-08-02 14:10:43,865][DEBUG][m:optional_rerun_wrapper][fn:method][ln:40] - Skipping optional rerun call to 'Points3D' because rerun usage is disabled.
[2026-08-02 14:10:43,865][DEBUG][m:optional_rerun_wrapper][fn:method][ln:40] - Skipping optional rerun call to 'AnyValues' because rerun usage is disabled.
[2026-08-02 14:10:43,865][DEBUG][m:optional_rerun_wrapper][fn:method][ln:40] - Skipping optional rerun call to 'log' because rerun usage is disabled.
[2026-08-02 14:10:43,865][DEBUG][m:optional_rerun_wrapper][fn:method][ln:40] - Skipping optional rerun call to 'Boxes3D' because rerun usage is disabled.
[2026-08-02 14:10:43,865][DEBUG][m:optional_rerun_wrapper][fn:method][ln:40] - Skipping optional rerun call to 'AnyValues' because rerun usage is disabled.
[2026-08-02 14:10:43,865][DEBUG][m:optional_rerun_wrapper][fn:method][ln:40] - Skipping optional rerun call to 'log' because rerun usage is disabled.
[2026-08-02 14:10:43,865][DEBUG][m:optional_rerun_wrapper][fn:method][ln:40] - Skipping optional rerun call to 'Boxes3D' because rerun usage is disabled.
[2026-08-02 14:10:43,865][DEBUG][m:optional_rerun_wrapper][fn:method][ln:40] - Skipping optional rerun call to 'AnyValues' because rerun usage is disabled.
[2026-08-02 14:10:43,865][DEBUG][m:optional_rerun_wrapper][fn:method][ln:40] - Skipping optional rerun call to 'log' because rerun usage is disabled.
[2026-08-02 14:10:43,865][DEBUG][m:optional_rerun_wrapper][fn:method][ln:40] - Skipping optional rerun call to 'Boxes3D' because rerun usage is disabled.
[2026-08-02 14:10:43,865][DEBUG][m:optional_rerun_wrapper][fn:method][ln:40] - Skipping optional rerun call to 'AnyValues' because rerun usage is disabled.
[2026-08-02 14:10:43,865][DEBUG][m:optional_rerun_wrapper][fn:method][ln:40] - Skipping optional rerun call to 'log' because rerun usage is disabled.
[2026-08-02 14:10:43,865][DEBUG][m:optional_rerun_wrapper][fn:method][ln:40] - Skipping optional rerun call to 'Points3D' because rerun usage is disabled.
[2026-08-02 14:10:43,865][DEBUG][m:optional_rerun_wrapper][fn:method][ln:40] - Skipping optional rerun call to 'AnyValues' because rerun usage is disabled.
[2026-08-02 14:10:43,865][DEBUG][m:optional_rerun_wrapper][fn:method][ln:40] - Skipping optional rerun call to 'log' because rerun usage is disabled.
[2026-08-02 14:10:43,865][DEBUG][m:optional_rerun_wrapper][fn:method][ln:40] - Skipping optional rerun call to 'Points3D' because rerun usage is disabled.
[2026-08-02 14:10:43,865][DEBUG][m:optional_rerun_wrapper][fn:method][ln:40] - Skipping optional rerun call to 'AnyValues' because rerun usage is disabled.
[2026-08-02 14:10:43,865][DEBUG][m:optional_rerun_wrapper][fn:method][ln:40] - Skipping optional rerun call to 'log' because rerun usage is disabled.
[2026-08-02 14:10:43,865][DEBUG][m:optional_rerun_wrapper][fn:method][ln:40] - Skipping optional rerun call to 'Points3D' because rerun usage is disabled.
[2026-08-02 14:10:43,865][DEBUG][m:optional_rerun_wrapper][fn:method][ln:40] - Skipping optional rerun call to 'AnyValues' because rerun usage is disabled.
[2026-08-02 14:10:43,865][DEBUG][m:optional_rerun_wrapper][fn:method][ln:40] - Skipping optional rerun call to 'log' because rerun usage is disabled.
[2026-08-02 14:10:43,865][DEBUG][m:optional_rerun_wrapper][fn:method][ln:40] - Skipping optional rerun call to 'Boxes3D' because rerun usage is disabled.
[2026-08-02 14:10:43,865][DEBUG][m:optional_rerun_wrapper][fn:method][ln:40] - Skipping optional rerun call to 'AnyValues' because rerun usage is disabled.
[2026-08-02 14:10:43,865][DEBUG][m:optional_rerun_wrapper][fn:method][ln:40] - Skipping optional rerun call to 'log' because rerun usage is disabled.
[2026-08-02 14:10:43,865][DEBUG][m:optional_rerun_wrapper][fn:method][ln:40] - Skipping optional rerun call to 'Boxes3D' because rerun usage is disabled.
[2026-08-02 14:10:43,865][DEBUG][m:optional_rerun_wrapper][fn:method][ln:40] - Skipping optional rerun call to 'AnyValues' because rerun usage is disabled.
[2026-08-02 14:10:43,865][DEBUG][m:optional_rerun_wrapper][fn:method][ln:40] - Skipping optional rerun call to 'log' because rerun usage is disabled.
[2026-08-02 14:10:43,865][DEBUG][m:optional_rerun_wrapper][fn:method][ln:40] - Skipping optional rerun call to 'Boxes3D' because rerun usage is disabled.
[2026-08-02 14:10:43,865][DEBUG][m:optional_rerun_wrapper][fn:method][ln:40] - Skipping optional rerun call to 'AnyValues' because rerun usage is disabled.
[2026-08-02 14:10:43,865][DEBUG][m:optional_rerun_wrapper][fn:method][ln:40] - Skipping optional rerun call to 'log' because rerun usage is disabled.
[2026-08-02 14:10:43,865][DEBUG][m:optional_rerun_wrapper][fn:method][ln:40] - Skipping optional rerun call to 'Points3D' because rerun usage is disabled.
[2026-08-02 14:10:43,866][DEBUG][m:optional_rerun_wrapper][fn:method][ln:40] - Skipping optional rerun call to 'AnyValues' because rerun usage is disabled.
[2026-08-02 14:10:43,866][DEBUG][m:optional_rerun_wrapper][fn:method][ln:40] - Skipping optional rerun call to 'log' because rerun usage is disabled.
[2026-08-02 14:10:43,866][DEBUG][m:optional_rerun_wrapper][fn:method][ln:40] - Skipping optional rerun call to 'Points3D' because rerun usage is disabled.
[2026-08-02 14:10:43,866][DEBUG][m:optional_rerun_wrapper][fn:method][ln:40] - Skipping optional rerun call to 'AnyValues' because rerun usage is disabled.
[2026-08-02 14:10:43,866][DEBUG][m:optional_rerun_wrapper][fn:method][ln:40] - Skipping optional rerun call to 'log' because rerun usage is disabled.
[2026-08-02 14:10:43,866][DEBUG][m:optional_rerun_wrapper][fn:method][ln:40] - Skipping optional rerun call to 'Points3D' because rerun usage is disabled.
[2026-08-02 14:10:43,866][DEBUG][m:optional_rerun_wrapper][fn:method][ln:40] - Skipping optional rerun call to 'AnyValues' because rerun usage is disabled.
[2026-08-02 14:10:43,866][DEBUG][m:optional_rerun_wrapper][fn:method][ln:40] - Skipping optional rerun call to 'log' because rerun usage is disabled.
[2026-08-02 14:10:43,866][DEBUG][m:optional_rerun_wrapper][fn:method][ln:40] - Skipping optional rerun call to 'Boxes3D' because rerun usage is disabled.
[2026-08-02 14:10:43,866][DEBUG][m:optional_rerun_wrapper][fn:method][ln:40] - Skipping optional rerun call to 'AnyValues' because rerun usage is disabled.
[2026-08-02 14:10:43,866][DEBUG][m:optional_rerun_wrapper][fn:method][ln:40] - Skipping optional rerun call to 'log' because rerun usage is disabled.
[2026-08-02 14:10:43,866][DEBUG][m:optional_rerun_wrapper][fn:method][ln:40] - Skipping optional rerun call to 'Boxes3D' because rerun usage is disabled.
[2026-08-02 14:10:43,866][DEBUG][m:optional_rerun_wrapper][fn:method][ln:40] - Skipping optional rerun call to 'AnyValues' because rerun usage is disabled.
[2026-08-02 14:10:43,866][DEBUG][m:optional_rerun_wrapper][fn:method][ln:40] - Skipping optional rerun call to 'log' because rerun usage is disabled.
[2026-08-02 14:10:43,866][DEBUG][m:optional_rerun_wrapper][fn:method][ln:40] - Skipping optional rerun call to 'Boxes3D' because rerun usage is disabled.
[2026-08-02 14:10:43,866][DEBUG][m:optional_rerun_wrapper][fn:method][ln:40] - Skipping optional rerun call to 'AnyValues' because rerun usage is disabled.
[2026-08-02 14:10:43,866][DEBUG][m:optional_rerun_wrapper][fn:method][ln:40] - Skipping optional rerun call to 'log' because rerun usage is disabled.
[2026-08-02 14:10:43,866][DEBUG][m:optional_rerun_wrapper][fn:method][ln:40] - Skipping optional rerun call to 'Points3D' because rerun usage is disabled.
[2026-08-02 14:10:43,866][DEBUG][m:optional_rerun_wrapper][fn:method][ln:40] - Skipping optional rerun call to 'AnyValues' because rerun usage is disabled.
[2026-08-02 14:10:43,866][DEBUG][m:optional_rerun_wrapper][fn:method][ln:40] - Skipping optional rerun call to 'log' because rerun usage is disabled.
[2026-08-02 14:10:43,866][DEBUG][m:optional_rerun_wrapper][fn:method][ln:40] - Skipping optional rerun call to 'Points3D' because rerun usage is disabled.
[2026-08-02 14:10:43,866][DEBUG][m:optional_rerun_wrapper][fn:method][ln:40] - Skipping optional rerun call to 'AnyValues' because rerun usage is disabled.
[2026-08-02 14:10:43,866][DEBUG][m:optional_rerun_wrapper][fn:method][ln:40] - Skipping optional rerun call to 'log' because rerun usage is disabled.
[2026-08-02 14:10:43,866][DEBUG][m:optional_rerun_wrapper][fn:method][ln:40] - Skipping optional rerun call to 'Points3D' because rerun usage is disabled.
[2026-08-02 14:10:43,866][DEBUG][m:optional_rerun_wrapper][fn:method][ln:40] - Skipping optional rerun call to 'AnyValues' because rerun usage is disabled.
[2026-08-02 14:10:43,866][DEBUG][m:optional_rerun_wrapper][fn:method][ln:40] - Skipping optional rerun call to 'log' because rerun usage is disabled.
[2026-08-02 14:10:43,867][DEBUG][m:optional_rerun_wrapper][fn:method][ln:40] - Skipping optional rerun call to 'Boxes3D' because rerun usage is disabled.
[2026-08-02 14:10:43,867][DEBUG][m:optional_rerun_wrapper][fn:method][ln:40] - Skipping optional rerun call to 'AnyValues' because rerun usage is disabled.
[2026-08-02 14:10:43,867][DEBUG][m:optional_rerun_wrapper][fn:method][ln:40] - Skipping optional rerun call to 'log' because rerun usage is disabled.
[2026-08-02 14:10:43,867][DEBUG][m:optional_rerun_wrapper][fn:method][ln:40] - Skipping optional rerun call to 'Boxes3D' because rerun usage is disabled.
[2026-08-02 14:10:43,867][DEBUG][m:optional_rerun_wrapper][fn:method][ln:40] - Skipping optional rerun call to 'AnyValues' because rerun usage is disabled.
[2026-08-02 14:10:43,867][DEBUG][m:optional_rerun_wrapper][fn:method][ln:40] - Skipping optional rerun call to 'log' because rerun usage is disabled.
[2026-08-02 14:10:43,867][DEBUG][m:optional_rerun_wrapper][fn:method][ln:40] - Skipping optional rerun call to 'Boxes3D' because rerun usage is disabled.
[2026-08-02 14:10:43,867][DEBUG][m:optional_rerun_wrapper][fn:method][ln:40] - Skipping optional rerun call to 'AnyValues' because rerun usage is disabled.
[2026-08-02 14:10:43,867][DEBUG][m:optional_rerun_wrapper][fn:method][ln:40] - Skipping optional rerun call to 'log' because rerun usage is disabled.
[2026-08-02 14:10:43,867][DEBUG][m:optional_rerun_wrapper][fn:method][ln:40] - Skipping optional rerun call to 'Points3D' because rerun usage is disabled.
[2026-08-02 14:10:43,867][DEBUG][m:optional_rerun_wrapper][fn:method][ln:40] - Skipping optional rerun call to 'AnyValues' because rerun usage is disabled.
[2026-08-02 14:10:43,867][DEBUG][m:optional_rerun_wrapper][fn:method][ln:40] - Skipping optional rerun call to 'log' because rerun usage is disabled.
[2026-08-02 14:10:43,867][DEBUG][m:optional_rerun_wrapper][fn:method][ln:40] - Skipping optional rerun call to 'Points3D' because rerun usage is disabled.
[2026-08-02 14:10:43,867][DEBUG][m:optional_rerun_wrapper][fn:method][ln:40] - Skipping optional rerun call to 'AnyValues' because rerun usage is disabled.
[2026-08-02 14:10:43,867][DEBUG][m:optional_rerun_wrapper][fn:method][ln:40] - Skipping optional rerun call to 'log' because rerun usage is disabled.
[2026-08-02 14:10:43,867][DEBUG][m:optional_rerun_wrapper][fn:method][ln:40] - Skipping optional rerun call to 'Points3D' because rerun usage is disabled.
[2026-08-02 14:10:43,867][DEBUG][m:optional_rerun_wrapper][fn:method][ln:40] - Skipping optional rerun call to 'AnyValues' because rerun usage is disabled.
[2026-08-02 14:10:43,867][DEBUG][m:optional_rerun_wrapper][fn:method][ln:40] - Skipping optional rerun call to 'log' because rerun usage is disabled.
[2026-08-02 14:10:43,867][DEBUG][m:optional_rerun_wrapper][fn:method][ln:40] - Skipping optional rerun call to 'Boxes3D' because rerun usage is disabled.
[2026-08-02 14:10:43,867][DEBUG][m:optional_rerun_wrapper][fn:method][ln:40] - Skipping optional rerun call to 'AnyValues' because rerun usage is disabled.
[2026-08-02 14:10:43,867][DEBUG][m:optional_rerun_wrapper][fn:method][ln:40] - Skipping optional rerun call to 'log' because rerun usage is disabled.
[2026-08-02 14:10:43,867][DEBUG][m:optional_rerun_wrapper][fn:method][ln:40] - Skipping optional rerun call to 'Boxes3D' because rerun usage is disabled.
[2026-08-02 14:10:43,867][DEBUG][m:optional_rerun_wrapper][fn:method][ln:40] - Skipping optional rerun call to 'AnyValues' because rerun usage is disabled.
[2026-08-02 14:10:43,867][DEBUG][m:optional_rerun_wrapper][fn:method][ln:40] - Skipping optional rerun call to 'log' because rerun usage is disabled.
[2026-08-02 14:10:43,867][DEBUG][m:optional_rerun_wrapper][fn:method][ln:40] - Skipping optional rerun call to 'Boxes3D' because rerun usage is disabled.
[2026-08-02 14:10:43,867][DEBUG][m:optional_rerun_wrapper][fn:method][ln:40] - Skipping optional rerun call to 'AnyValues' because rerun usage is disabled.
[2026-08-02 14:10:43,867][DEBUG][m:optional_rerun_wrapper][fn:method][ln:40] - Skipping optional rerun call to 'log' because rerun usage is disabled.
[2026-08-02 14:10:43,867][DEBUG][m:optional_rerun_wrapper][fn:method][ln:40] - Skipping optional rerun call to 'Points3D' because rerun usage is disabled.
[2026-08-02 14:10:43,867][DEBUG][m:optional_rerun_wrapper][fn:method][ln:40] - Skipping optional rerun call to 'AnyValues' because rerun usage is disabled.
[2026-08-02 14:10:43,868][DEBUG][m:optional_rerun_wrapper][fn:method][ln:40] - Skipping optional rerun call to 'log' because rerun usage is disabled.
[2026-08-02 14:10:43,868][DEBUG][m:optional_rerun_wrapper][fn:method][ln:40] - Skipping optional rerun call to 'Points3D' because rerun usage is disabled.
[2026-08-02 14:10:43,868][DEBUG][m:optional_rerun_wrapper][fn:method][ln:40] - Skipping optional rerun call to 'AnyValues' because rerun usage is disabled.
[2026-08-02 14:10:43,868][DEBUG][m:optional_rerun_wrapper][fn:method][ln:40] - Skipping optional rerun call to 'log' because rerun usage is disabled.
[2026-08-02 14:10:43,868][DEBUG][m:optional_rerun_wrapper][fn:method][ln:40] - Skipping optional rerun call to 'Points3D' because rerun usage is disabled.
[2026-08-02 14:10:43,868][DEBUG][m:optional_rerun_wrapper][fn:method][ln:40] - Skipping optional rerun call to 'AnyValues' because rerun usage is disabled.
[2026-08-02 14:10:43,868][DEBUG][m:optional_rerun_wrapper][fn:method][ln:40] - Skipping optional rerun call to 'log' because rerun usage is disabled.
[2026-08-02 14:10:43,868][DEBUG][m:optional_rerun_wrapper][fn:method][ln:40] - Skipping optional rerun call to 'Boxes3D' because rerun usage is disabled.
[2026-08-02 14:10:43,868][DEBUG][m:optional_rerun_wrapper][fn:method][ln:40] - Skipping optional rerun call to 'AnyValues' because rerun usage is disabled.
[2026-08-02 14:10:43,868][DEBUG][m:optional_rerun_wrapper][fn:method][ln:40] - Skipping optional rerun call to 'log' because rerun usage is disabled.
[2026-08-02 14:10:43,868][DEBUG][m:optional_rerun_wrapper][fn:method][ln:40] - Skipping optional rerun call to 'Boxes3D' because rerun usage is disabled.
[2026-08-02 14:10:43,868][DEBUG][m:optional_rerun_wrapper][fn:method][ln:40] - Skipping optional rerun call to 'AnyValues' because rerun usage is disabled.
[2026-08-02 14:10:43,868][DEBUG][m:optional_rerun_wrapper][fn:method][ln:40] - Skipping optional rerun call to 'log' because rerun usage is disabled.
[2026-08-02 14:10:43,868][DEBUG][m:optional_rerun_wrapper][fn:method][ln:40] - Skipping optional rerun call to 'Boxes3D' because rerun usage is disabled.
[2026-08-02 14:10:43,868][DEBUG][m:optional_rerun_wrapper][fn:method][ln:40] - Skipping optional rerun call to 'AnyValues' because rerun usage is disabled.
[2026-08-02 14:10:43,868][DEBUG][m:optional_rerun_wrapper][fn:method][ln:40] - Skipping optional rerun call to 'log' because rerun usage is disabled.
[2026-08-02 14:10:43,868][DEBUG][m:optional_rerun_wrapper][fn:method][ln:40] - Skipping optional rerun call to 'Points3D' because rerun usage is disabled.
[2026-08-02 14:10:43,868][DEBUG][m:optional_rerun_wrapper][fn:method][ln:40] - Skipping optional rerun call to 'AnyValues' because rerun usage is disabled.
[2026-08-02 14:10:43,868][DEBUG][m:optional_rerun_wrapper][fn:method][ln:40] - Skipping optional rerun call to 'log' because rerun usage is disabled.
[2026-08-02 14:10:43,868][DEBUG][m:optional_rerun_wrapper][fn:method][ln:40] - Skipping optional rerun call to 'Points3D' because rerun usage is disabled.
[2026-08-02 14:10:43,868][DEBUG][m:optional_rerun_wrapper][fn:method][ln:40] - Skipping optional rerun call to 'AnyValues' because rerun usage is disabled.
[2026-08-02 14:10:43,868][DEBUG][m:optional_rerun_wrapper][fn:method][ln:40] - Skipping optional rerun call to 'log' because rerun usage is disabled.
[2026-08-02 14:10:43,868][DEBUG][m:optional_rerun_wrapper][fn:method][ln:40] - Skipping optional rerun call to 'Points3D' because rerun usage is disabled.
[2026-08-02 14:10:43,868][DEBUG][m:optional_rerun_wrapper][fn:method][ln:40] - Skipping optional rerun call to 'AnyValues' because rerun usage is disabled.
[2026-08-02 14:10:43,868][DEBUG][m:optional_rerun_wrapper][fn:method][ln:40] - Skipping optional rerun call to 'log' because rerun usage is disabled.
[2026-08-02 14:10:43,868][DEBUG][m:optional_rerun_wrapper][fn:method][ln:40] - Skipping optional rerun call to 'Boxes3D' because rerun usage is disabled.
[2026-08-02 14:10:43,868][DEBUG][m:optional_rerun_wrapper][fn:method][ln:40] - Skipping optional rerun call to 'AnyValues' because rerun usage is disabled.
[2026-08-02 14:10:43,868][DEBUG][m:optional_rerun_wrapper][fn:method][ln:40] - Skipping optional rerun call to 'log' because rerun usage is disabled.
[2026-08-02 14:10:43,868][DEBUG][m:optional_rerun_wrapper][fn:method][ln:40] - Skipping optional rerun call to 'Boxes3D' because rerun usage is disabled.
[2026-08-02 14:10:43,868][DEBUG][m:optional_rerun_wrapper][fn:method][ln:40] - Skipping optional rerun call to 'AnyValues' because rerun usage is disabled.
[2026-08-02 14:10:43,869][DEBUG][m:optional_rerun_wrapper][fn:method][ln:40] - Skipping optional rerun call to 'log' because rerun usage is disabled.
[2026-08-02 14:10:43,869][DEBUG][m:optional_rerun_wrapper][fn:method][ln:40] - Skipping optional rerun call to 'Boxes3D' because rerun usage is disabled.
[2026-08-02 14:10:43,869][DEBUG][m:optional_rerun_wrapper][fn:method][ln:40] - Skipping optional rerun call to 'AnyValues' because rerun usage is disabled.
[2026-08-02 14:10:43,869][DEBUG][m:optional_rerun_wrapper][fn:method][ln:40] - Skipping optional rerun call to 'log' because rerun usage is disabled.
[2026-08-02 14:10:43,869][DEBUG][m:optional_rerun_wrapper][fn:method][ln:40] - Skipping optional rerun call to 'Points3D' because rerun usage is disabled.
[2026-08-02 14:10:43,869][DEBUG][m:optional_rerun_wrapper][fn:method][ln:40] - Skipping optional rerun call to 'AnyValues' because rerun usage is disabled.
[2026-08-02 14:10:43,869][DEBUG][m:optional_rerun_wrapper][fn:method][ln:40] - Skipping optional rerun call to 'log' because rerun usage is disabled.
[2026-08-02 14:10:43,869][DEBUG][m:optional_rerun_wrapper][fn:method][ln:40] - Skipping optional rerun call to 'Points3D' because rerun usage is disabled.
[2026-08-02 14:10:43,869][DEBUG][m:optional_rerun_wrapper][fn:method][ln:40] - Skipping optional rerun call to 'AnyValues' because rerun usage is disabled.
[2026-08-02 14:10:43,869][DEBUG][m:optional_rerun_wrapper][fn:method][ln:40] - Skipping optional rerun call to 'log' because rerun usage is disabled.
[2026-08-02 14:10:43,869][DEBUG][m:optional_rerun_wrapper][fn:method][ln:40] - Skipping optional rerun call to 'Points3D' because rerun usage is disabled.
[2026-08-02 14:10:43,869][DEBUG][m:optional_rerun_wrapper][fn:method][ln:40] - Skipping optional rerun call to 'AnyValues' because rerun usage is disabled.
[2026-08-02 14:10:43,869][DEBUG][m:optional_rerun_wrapper][fn:method][ln:40] - Skipping optional rerun call to 'log' because rerun usage is disabled.
[2026-08-02 14:10:43,869][DEBUG][m:optional_rerun_wrapper][fn:method][ln:40] - Skipping optional rerun call to 'Boxes3D' because rerun usage is disabled.
[2026-08-02 14:10:43,869][DEBUG][m:optional_rerun_wrapper][fn:method][ln:40] - Skipping optional rerun call to 'AnyValues' because rerun usage is disabled.
[2026-08-02 14:10:43,869][DEBUG][m:optional_rerun_wrapper][fn:method][ln:40] - Skipping optional rerun call to 'log' because rerun usage is disabled.
[2026-08-02 14:10:43,869][DEBUG][m:optional_rerun_wrapper][fn:method][ln:40] - Skipping optional rerun call to 'Boxes3D' because rerun usage is disabled.
[2026-08-02 14:10:43,869][DEBUG][m:optional_rerun_wrapper][fn:method][ln:40] - Skipping optional rerun call to 'AnyValues' because rerun usage is disabled.
[2026-08-02 14:10:43,869][DEBUG][m:optional_rerun_wrapper][fn:method][ln:40] - Skipping optional rerun call to 'log' because rerun usage is disabled.
[2026-08-02 14:10:43,869][DEBUG][m:optional_rerun_wrapper][fn:method][ln:40] - Skipping optional rerun call to 'Boxes3D' because rerun usage is disabled.
[2026-08-02 14:10:43,869][DEBUG][m:optional_rerun_wrapper][fn:method][ln:40] - Skipping optional rerun call to 'AnyValues' because rerun usage is disabled.
[2026-08-02 14:10:43,869][DEBUG][m:optional_rerun_wrapper][fn:method][ln:40] - Skipping optional rerun call to 'log' because rerun usage is disabled.
[2026-08-02 14:10:43,869][DEBUG][m:optional_rerun_wrapper][fn:method][ln:40] - Skipping optional rerun call to 'Points3D' because rerun usage is disabled.
[2026-08-02 14:10:43,869][DEBUG][m:optional_rerun_wrapper][fn:method][ln:40] - Skipping optional rerun call to 'AnyValues' because rerun usage is disabled.
[2026-08-02 14:10:43,869][DEBUG][m:optional_rerun_wrapper][fn:method][ln:40] - Skipping optional rerun call to 'log' because rerun usage is disabled.
[2026-08-02 14:10:43,869][DEBUG][m:optional_rerun_wrapper][fn:method][ln:40] - Skipping optional rerun call to 'Points3D' because rerun usage is disabled.
[2026-08-02 14:10:43,869][DEBUG][m:optional_rerun_wrapper][fn:method][ln:40] - Skipping optional rerun call to 'AnyValues' because rerun usage is disabled.
[2026-08-02 14:10:43,869][DEBUG][m:optional_rerun_wrapper][fn:method][ln:40] - Skipping optional rerun call to 'log' because rerun usage is disabled.
[2026-08-02 14:10:43,869][DEBUG][m:optional_rerun_wrapper][fn:method][ln:40] - Skipping optional rerun call to 'Points3D' because rerun usage is disabled.
[2026-08-02 14:10:43,869][DEBUG][m:optional_rerun_wrapper][fn:method][ln:40] - Skipping optional rerun call to 'AnyValues' because rerun usage is disabled.
[2026-08-02 14:10:43,869][DEBUG][m:optional_rerun_wrapper][fn:method][ln:40] - Skipping optional rerun call to 'log' because rerun usage is disabled.
[2026-08-02 14:10:43,870][DEBUG][m:optional_rerun_wrapper][fn:method][ln:40] - Skipping optional rerun call to 'Boxes3D' because rerun usage is disabled.
[2026-08-02 14:10:43,870][DEBUG][m:optional_rerun_wrapper][fn:method][ln:40] - Skipping optional rerun call to 'AnyValues' because rerun usage is disabled.
[2026-08-02 14:10:43,870][DEBUG][m:optional_rerun_wrapper][fn:method][ln:40] - Skipping optional rerun call to 'log' because rerun usage is disabled.
[2026-08-02 14:10:43,870][DEBUG][m:optional_rerun_wrapper][fn:method][ln:40] - Skipping optional rerun call to 'Boxes3D' because rerun usage is disabled.
[2026-08-02 14:10:43,870][DEBUG][m:optional_rerun_wrapper][fn:method][ln:40] - Skipping optional rerun call to 'AnyValues' because rerun usage is disabled.
[2026-08-02 14:10:43,870][DEBUG][m:optional_rerun_wrapper][fn:method][ln:40] - Skipping optional rerun call to 'log' because rerun usage is disabled.
[2026-08-02 14:10:43,870][DEBUG][m:optional_rerun_wrapper][fn:method][ln:40] - Skipping optional rerun call to 'Boxes3D' because rerun usage is disabled.
[2026-08-02 14:10:43,870][DEBUG][m:optional_rerun_wrapper][fn:method][ln:40] - Skipping optional rerun call to 'AnyValues' because rerun usage is disabled.
[2026-08-02 14:10:43,870][DEBUG][m:optional_rerun_wrapper][fn:method][ln:40] - Skipping optional rerun call to 'log' because rerun usage is disabled.
[2026-08-02 14:10:43,870][DEBUG][m:optional_rerun_wrapper][fn:method][ln:40] - Skipping optional rerun call to 'Points3D' because rerun usage is disabled.
[2026-08-02 14:10:43,870][DEBUG][m:optional_rerun_wrapper][fn:method][ln:40] - Skipping optional rerun call to 'AnyValues' because rerun usage is disabled.
[2026-08-02 14:10:43,870][DEBUG][m:optional_rerun_wrapper][fn:method][ln:40] - Skipping optional rerun call to 'log' because rerun usage is disabled.
[2026-08-02 14:10:43,870][DEBUG][m:optional_rerun_wrapper][fn:method][ln:40] - Skipping optional rerun call to 'Points3D' because rerun usage is disabled.
[2026-08-02 14:10:43,870][DEBUG][m:optional_rerun_wrapper][fn:method][ln:40] - Skipping optional rerun call to 'AnyValues' because rerun usage is disabled.
[2026-08-02 14:10:43,870][DEBUG][m:optional_rerun_wrapper][fn:method][ln:40] - Skipping optional rerun call to 'log' because rerun usage is disabled.
[2026-08-02 14:10:43,870][DEBUG][m:optional_rerun_wrapper][fn:method][ln:40] - Skipping optional rerun call to 'Points3D' because rerun usage is disabled.
[2026-08-02 14:10:43,870][DEBUG][m:optional_rerun_wrapper][fn:method][ln:40] - Skipping optional rerun call to 'AnyValues' because rerun usage is disabled.
[2026-08-02 14:10:43,870][DEBUG][m:optional_rerun_wrapper][fn:method][ln:40] - Skipping optional rerun call to 'log' because rerun usage is disabled.
[2026-08-02 14:10:43,870][DEBUG][m:optional_rerun_wrapper][fn:method][ln:40] - Skipping optional rerun call to 'Boxes3D' because rerun usage is disabled.
[2026-08-02 14:10:43,870][DEBUG][m:optional_rerun_wrapper][fn:method][ln:40] - Skipping optional rerun call to 'AnyValues' because rerun usage is disabled.
[2026-08-02 14:10:43,870][DEBUG][m:optional_rerun_wrapper][fn:method][ln:40] - Skipping optional rerun call to 'log' because rerun usage is disabled.
[2026-08-02 14:10:43,870][DEBUG][m:optional_rerun_wrapper][fn:method][ln:40] - Skipping optional rerun call to 'Boxes3D' because rerun usage is disabled.
[2026-08-02 14:10:43,870][DEBUG][m:optional_rerun_wrapper][fn:method][ln:40] - Skipping optional rerun call to 'AnyValues' because rerun usage is disabled.
[2026-08-02 14:10:43,870][DEBUG][m:optional_rerun_wrapper][fn:method][ln:40] - Skipping optional rerun call to 'log' because rerun usage is disabled.
[2026-08-02 14:10:43,870][DEBUG][m:optional_rerun_wrapper][fn:method][ln:40] - Skipping optional rerun call to 'Boxes3D' because rerun usage is disabled.
[2026-08-02 14:10:43,870][DEBUG][m:optional_rerun_wrapper][fn:method][ln:40] - Skipping optional rerun call to 'AnyValues' because rerun usage is disabled.
[2026-08-02 14:10:43,870][DEBUG][m:optional_rerun_wrapper][fn:method][ln:40] - Skipping optional rerun call to 'log' because rerun usage is disabled.
[2026-08-02 14:10:43,870][DEBUG][m:optional_rerun_wrapper][fn:method][ln:40] - Skipping optional rerun call to 'Points3D' because rerun usage is disabled.
[2026-08-02 14:10:43,870][DEBUG][m:optional_rerun_wrapper][fn:method][ln:40] - Skipping optional rerun call to 'AnyValues' because rerun usage is disabled.
[2026-08-02 14:10:43,870][DEBUG][m:optional_rerun_wrapper][fn:method][ln:40] - Skipping optional rerun call to 'log' because rerun usage is disabled.
[2026-08-02 14:10:43,870][DEBUG][m:optional_rerun_wrapper][fn:method][ln:40] - Skipping optional rerun call to 'Points3D' because rerun usage is disabled.
[2026-08-02 14:10:43,870][DEBUG][m:optional_rerun_wrapper][fn:method][ln:40] - Skipping optional rerun call to 'AnyValues' because rerun usage is disabled.
[2026-08-02 14:10:43,870][DEBUG][m:optional_rerun_wrapper][fn:method][ln:40] - Skipping optional rerun call to 'log' because rerun usage is disabled.
[2026-08-02 14:10:43,871][DEBUG][m:optional_rerun_wrapper][fn:method][ln:40] - Skipping optional rerun call to 'Points3D' because rerun usage is disabled.
[2026-08-02 14:10:43,871][DEBUG][m:optional_rerun_wrapper][fn:method][ln:40] - Skipping optional rerun call to 'AnyValues' because rerun usage is disabled.
[2026-08-02 14:10:43,871][DEBUG][m:optional_rerun_wrapper][fn:method][ln:40] - Skipping optional rerun call to 'log' because rerun usage is disabled.
[2026-08-02 14:10:43,871][DEBUG][m:optional_rerun_wrapper][fn:method][ln:40] - Skipping optional rerun call to 'Boxes3D' because rerun usage is disabled.
[2026-08-02 14:10:43,871][DEBUG][m:optional_rerun_wrapper][fn:method][ln:40] - Skipping optional rerun call to 'AnyValues' because rerun usage is disabled.
[2026-08-02 14:10:43,871][DEBUG][m:optional_rerun_wrapper][fn:method][ln:40] - Skipping optional rerun call to 'log' because rerun usage is disabled.
[2026-08-02 14:10:43,871][DEBUG][m:optional_rerun_wrapper][fn:method][ln:40] - Skipping optional rerun call to 'Boxes3D' because rerun usage is disabled.
[2026-08-02 14:10:43,871][DEBUG][m:optional_rerun_wrapper][fn:method][ln:40] - Skipping optional rerun call to 'AnyValues' because rerun usage is disabled.
[2026-08-02 14:10:43,871][DEBUG][m:optional_rerun_wrapper][fn:method][ln:40] - Skipping optional rerun call to 'log' because rerun usage is disabled.
[2026-08-02 14:10:43,871][DEBUG][m:optional_rerun_wrapper][fn:method][ln:40] - Skipping optional rerun call to 'Boxes3D' because rerun usage is disabled.
[2026-08-02 14:10:43,871][DEBUG][m:optional_rerun_wrapper][fn:method][ln:40] - Skipping optional rerun call to 'AnyValues' because rerun usage is disabled.
[2026-08-02 14:10:43,871][DEBUG][m:optional_rerun_wrapper][fn:method][ln:40] - Skipping optional rerun call to 'log' because rerun usage is disabled.
[2026-08-02 14:10:43,871][DEBUG][m:optional_rerun_wrapper][fn:method][ln:40] - Skipping optional rerun call to 'Points3D' because rerun usage is disabled.
[2026-08-02 14:10:43,871][DEBUG][m:optional_rerun_wrapper][fn:method][ln:40] - Skipping optional rerun call to 'AnyValues' because rerun usage is disabled.
[2026-08-02 14:10:43,871][DEBUG][m:optional_rerun_wrapper][fn:method][ln:40] - Skipping optional rerun call to 'log' because rerun usage is disabled.
[2026-08-02 14:10:43,871][DEBUG][m:optional_rerun_wrapper][fn:method][ln:40] - Skipping optional rerun call to 'Points3D' because rerun usage is disabled.
[2026-08-02 14:10:43,871][DEBUG][m:optional_rerun_wrapper][fn:method][ln:40] - Skipping optional rerun call to 'AnyValues' because rerun usage is disabled.
[2026-08-02 14:10:43,871][DEBUG][m:optional_rerun_wrapper][fn:method][ln:40] - Skipping optional rerun call to 'log' because rerun usage is disabled.
[2026-08-02 14:10:43,871][DEBUG][m:optional_rerun_wrapper][fn:method][ln:40] - Skipping optional rerun call to 'Points3D' because rerun usage is disabled.
[2026-08-02 14:10:43,871][DEBUG][m:optional_rerun_wrapper][fn:method][ln:40] - Skipping optional rerun call to 'AnyValues' because rerun usage is disabled.
[2026-08-02 14:10:43,871][DEBUG][m:optional_rerun_wrapper][fn:method][ln:40] - Skipping optional rerun call to 'log' because rerun usage is disabled.
[2026-08-02 14:10:43,871][DEBUG][m:optional_rerun_wrapper][fn:method][ln:40] - Skipping optional rerun call to 'Boxes3D' because rerun usage is disabled.
[2026-08-02 14:10:43,871][DEBUG][m:optional_rerun_wrapper][fn:method][ln:40] - Skipping optional rerun call to 'AnyValues' because rerun usage is disabled.
[2026-08-02 14:10:43,871][DEBUG][m:optional_rerun_wrapper][fn:method][ln:40] - Skipping optional rerun call to 'log' because rerun usage is disabled.
[2026-08-02 14:10:43,871][DEBUG][m:optional_rerun_wrapper][fn:method][ln:40] - Skipping optional rerun call to 'Boxes3D' because rerun usage is disabled.
[2026-08-02 14:10:43,871][DEBUG][m:optional_rerun_wrapper][fn:method][ln:40] - Skipping optional rerun call to 'AnyValues' because rerun usage is disabled.
[2026-08-02 14:10:43,871][DEBUG][m:optional_rerun_wrapper][fn:method][ln:40] - Skipping optional rerun call to 'log' because rerun usage is disabled.
[2026-08-02 14:10:43,871][DEBUG][m:optional_rerun_wrapper][fn:method][ln:40] - Skipping optional rerun call to 'Boxes3D' because rerun usage is disabled.
[2026-08-02 14:10:43,871][DEBUG][m:optional_rerun_wrapper][fn:method][ln:40] - Skipping optional rerun call to 'AnyValues' because rerun usage is disabled.
[2026-08-02 14:10:43,871][DEBUG][m:optional_rerun_wrapper][fn:method][ln:40] - Skipping optional rerun call to 'log' because rerun usage is disabled.
[2026-08-02 14:10:43,871][DEBUG][m:optional_rerun_wrapper][fn:method][ln:40] - Skipping optional rerun call to 'Points3D' because rerun usage is disabled.
[2026-08-02 14:10:43,871][DEBUG][m:optional_rerun_wrapper][fn:method][ln:40] - Skipping optional rerun call to 'AnyValues' because rerun usage is disabled.
[2026-08-02 14:10:43,871][DEBUG][m:optional_rerun_wrapper][fn:method][ln:40] - Skipping optional rerun call to 'log' because rerun usage is disabled.
[2026-08-02 14:10:43,872][DEBUG][m:optional_rerun_wrapper][fn:method][ln:40] - Skipping optional rerun call to 'Points3D' because rerun usage is disabled.
[2026-08-02 14:10:43,872][DEBUG][m:optional_rerun_wrapper][fn:method][ln:40] - Skipping optional rerun call to 'AnyValues' because rerun usage is disabled.
[2026-08-02 14:10:43,872][DEBUG][m:optional_rerun_wrapper][fn:method][ln:40] - Skipping optional rerun call to 'log' because rerun usage is disabled.
[2026-08-02 14:10:43,872][DEBUG][m:optional_rerun_wrapper][fn:method][ln:40] - Skipping optional rerun call to 'Points3D' because rerun usage is disabled.
[2026-08-02 14:10:43,872][DEBUG][m:optional_rerun_wrapper][fn:method][ln:40] - Skipping optional rerun call to 'AnyValues' because rerun usage is disabled.
[2026-08-02 14:10:43,872][DEBUG][m:optional_rerun_wrapper][fn:method][ln:40] - Skipping optional rerun call to 'log' because rerun usage is disabled.
[2026-08-02 14:10:43,872][DEBUG][m:optional_rerun_wrapper][fn:method][ln:40] - Skipping optional rerun call to 'Boxes3D' because rerun usage is disabled.
[2026-08-02 14:10:43,872][DEBUG][m:optional_rerun_wrapper][fn:method][ln:40] - Skipping optional rerun call to 'AnyValues' because rerun usage is disabled.
[2026-08-02 14:10:43,872][DEBUG][m:optional_rerun_wrapper][fn:method][ln:40] - Skipping optional rerun call to 'log' because rerun usage is disabled.
[2026-08-02 14:10:43,872][DEBUG][m:optional_rerun_wrapper][fn:method][ln:40] - Skipping optional rerun call to 'Boxes3D' because rerun usage is disabled.
[2026-08-02 14:10:43,872][DEBUG][m:optional_rerun_wrapper][fn:method][ln:40] - Skipping optional rerun call to 'AnyValues' because rerun usage is disabled.
[2026-08-02 14:10:43,872][DEBUG][m:optional_rerun_wrapper][fn:method][ln:40] - Skipping optional rerun call to 'log' because rerun usage is disabled.
[2026-08-02 14:10:43,872][DEBUG][m:optional_rerun_wrapper][fn:method][ln:40] - Skipping optional rerun call to 'Boxes3D' because rerun usage is disabled.
[2026-08-02 14:10:43,872][DEBUG][m:optional_rerun_wrapper][fn:method][ln:40] - Skipping optional rerun call to 'AnyValues' because rerun usage is disabled.
[2026-08-02 14:10:43,872][DEBUG][m:optional_rerun_wrapper][fn:method][ln:40] - Skipping optional rerun call to 'log' because rerun usage is disabled.
[2026-08-02 14:10:43,872][DEBUG][m:optional_rerun_wrapper][fn:method][ln:40] - Skipping optional rerun call to 'Points3D' because rerun usage is disabled.
[2026-08-02 14:10:43,872][DEBUG][m:optional_rerun_wrapper][fn:method][ln:40] - Skipping optional rerun call to 'AnyValues' because rerun usage is disabled.
[2026-08-02 14:10:43,872][DEBUG][m:optional_rerun_wrapper][fn:method][ln:40] - Skipping optional rerun call to 'log' because rerun usage is disabled.
[2026-08-02 14:10:43,872][DEBUG][m:optional_rerun_wrapper][fn:method][ln:40] - Skipping optional rerun call to 'Points3D' because rerun usage is disabled.
[2026-08-02 14:10:43,872][DEBUG][m:optional_rerun_wrapper][fn:method][ln:40] - Skipping optional rerun call to 'AnyValues' because rerun usage is disabled.
[2026-08-02 14:10:43,872][DEBUG][m:optional_rerun_wrapper][fn:method][ln:40] - Skipping optional rerun call to 'log' because rerun usage is disabled.
[2026-08-02 14:10:43,872][DEBUG][m:optional_rerun_wrapper][fn:method][ln:40] - Skipping optional rerun call to 'Points3D' because rerun usage is disabled.
[2026-08-02 14:10:43,872][DEBUG][m:optional_rerun_wrapper][fn:method][ln:40] - Skipping optional rerun call to 'AnyValues' because rerun usage is disabled.
[2026-08-02 14:10:43,872][DEBUG][m:optional_rerun_wrapper][fn:method][ln:40] - Skipping optional rerun call to 'log' because rerun usage is disabled.
[2026-08-02 14:10:43,872][DEBUG][m:optional_rerun_wrapper][fn:method][ln:40] - Skipping optional rerun call to 'Boxes3D' because rerun usage is disabled.
[2026-08-02 14:10:43,872][DEBUG][m:optional_rerun_wrapper][fn:method][ln:40] - Skipping optional rerun call to 'AnyValues' because rerun usage is disabled.
[2026-08-02 14:10:43,872][DEBUG][m:optional_rerun_wrapper][fn:method][ln:40] - Skipping optional rerun call to 'log' because rerun usage is disabled.
[2026-08-02 14:10:43,872][DEBUG][m:optional_rerun_wrapper][fn:method][ln:40] - Skipping optional rerun call to 'Boxes3D' because rerun usage is disabled.
[2026-08-02 14:10:43,872][DEBUG][m:optional_rerun_wrapper][fn:method][ln:40] - Skipping optional rerun call to 'AnyValues' because rerun usage is disabled.
[2026-08-02 14:10:43,872][DEBUG][m:optional_rerun_wrapper][fn:method][ln:40] - Skipping optional rerun call to 'log' because rerun usage is disabled.
[2026-08-02 14:10:43,872][DEBUG][m:optional_rerun_wrapper][fn:method][ln:40] - Skipping optional rerun call to 'Boxes3D' because rerun usage is disabled.
[2026-08-02 14:10:43,872][DEBUG][m:optional_rerun_wrapper][fn:method][ln:40] - Skipping optional rerun call to 'AnyValues' because rerun usage is disabled.
[2026-08-02 14:10:43,872][DEBUG][m:optional_rerun_wrapper][fn:method][ln:40] - Skipping optional rerun call to 'log' because rerun usage is disabled.
[2026-08-02 14:10:43,873][DEBUG][m:optional_rerun_wrapper][fn:method][ln:40] - Skipping optional rerun call to 'Points3D' because rerun usage is disabled.
[2026-08-02 14:10:43,873][DEBUG][m:optional_rerun_wrapper][fn:method][ln:40] - Skipping optional rerun call to 'AnyValues' because rerun usage is disabled.
[2026-08-02 14:10:43,873][DEBUG][m:optional_rerun_wrapper][fn:method][ln:40] - Skipping optional rerun call to 'log' because rerun usage is disabled.
[2026-08-02 14:10:43,873][DEBUG][m:optional_rerun_wrapper][fn:method][ln:40] - Skipping optional rerun call to 'Points3D' because rerun usage is disabled.
[2026-08-02 14:10:43,873][DEBUG][m:optional_rerun_wrapper][fn:method][ln:40] - Skipping optional rerun call to 'AnyValues' because rerun usage is disabled.
[2026-08-02 14:10:43,873][DEBUG][m:optional_rerun_wrapper][fn:method][ln:40] - Skipping optional rerun call to 'log' because rerun usage is disabled.
[2026-08-02 14:10:43,873][DEBUG][m:optional_rerun_wrapper][fn:method][ln:40] - Skipping optional rerun call to 'Points3D' because rerun usage is disabled.
[2026-08-02 14:10:43,873][DEBUG][m:optional_rerun_wrapper][fn:method][ln:40] - Skipping optional rerun call to 'AnyValues' because rerun usage is disabled.
[2026-08-02 14:10:43,873][DEBUG][m:optional_rerun_wrapper][fn:method][ln:40] - Skipping optional rerun call to 'log' because rerun usage is disabled.
[2026-08-02 14:10:43,873][DEBUG][m:optional_rerun_wrapper][fn:method][ln:40] - Skipping optional rerun call to 'Boxes3D' because rerun usage is disabled.
[2026-08-02 14:10:43,873][DEBUG][m:optional_rerun_wrapper][fn:method][ln:40] - Skipping optional rerun call to 'AnyValues' because rerun usage is disabled.
[2026-08-02 14:10:43,873][DEBUG][m:optional_rerun_wrapper][fn:method][ln:40] - Skipping optional rerun call to 'log' because rerun usage is disabled.
[2026-08-02 14:10:43,873][DEBUG][m:optional_rerun_wrapper][fn:method][ln:40] - Skipping optional rerun call to 'Boxes3D' because rerun usage is disabled.
[2026-08-02 14:10:43,873][DEBUG][m:optional_rerun_wrapper][fn:method][ln:40] - Skipping optional rerun call to 'AnyValues' because rerun usage is disabled.
[2026-08-02 14:10:43,873][DEBUG][m:optional_rerun_wrapper][fn:method][ln:40] - Skipping optional rerun call to 'log' because rerun usage is disabled.
[2026-08-02 14:10:43,873][DEBUG][m:optional_rerun_wrapper][fn:method][ln:40] - Skipping optional rerun call to 'Boxes3D' because rerun usage is disabled.
[2026-08-02 14:10:43,873][DEBUG][m:optional_rerun_wrapper][fn:method][ln:40] - Skipping optional rerun call to 'AnyValues' because rerun usage is disabled.
[2026-08-02 14:10:43,873][DEBUG][m:optional_rerun_wrapper][fn:method][ln:40] - Skipping optional rerun call to 'log' because rerun usage is disabled.
[2026-08-02 14:10:43,873][DEBUG][m:optional_rerun_wrapper][fn:method][ln:40] - Skipping optional rerun call to 'Points3D' because rerun usage is disabled.
[2026-08-02 14:10:43,873][DEBUG][m:optional_rerun_wrapper][fn:method][ln:40] - Skipping optional rerun call to 'AnyValues' because rerun usage is disabled.
[2026-08-02 14:10:43,873][DEBUG][m:optional_rerun_wrapper][fn:method][ln:40] - Skipping optional rerun call to 'log' because rerun usage is disabled.
[2026-08-02 14:10:43,873][DEBUG][m:optional_rerun_wrapper][fn:method][ln:40] - Skipping optional rerun call to 'Points3D' because rerun usage is disabled.
[2026-08-02 14:10:43,873][DEBUG][m:optional_rerun_wrapper][fn:method][ln:40] - Skipping optional rerun call to 'AnyValues' because rerun usage is disabled.
[2026-08-02 14:10:43,873][DEBUG][m:optional_rerun_wrapper][fn:method][ln:40] - Skipping optional rerun call to 'log' because rerun usage is disabled.
[2026-08-02 14:10:43,873][DEBUG][m:optional_rerun_wrapper][fn:method][ln:40] - Skipping optional rerun call to 'Points3D' because rerun usage is disabled.
[2026-08-02 14:10:43,873][DEBUG][m:optional_rerun_wrapper][fn:method][ln:40] - Skipping optional rerun call to 'AnyValues' because rerun usage is disabled.
[2026-08-02 14:10:43,873][DEBUG][m:optional_rerun_wrapper][fn:method][ln:40] - Skipping optional rerun call to 'log' because rerun usage is disabled.
[2026-08-02 14:10:43,873][DEBUG][m:optional_rerun_wrapper][fn:method][ln:40] - Skipping optional rerun call to 'Boxes3D' because rerun usage is disabled.
[2026-08-02 14:10:43,873][DEBUG][m:optional_rerun_wrapper][fn:method][ln:40] - Skipping optional rerun call to 'AnyValues' because rerun usage is disabled.
[2026-08-02 14:10:43,873][DEBUG][m:optional_rerun_wrapper][fn:method][ln:40] - Skipping optional rerun call to 'log' because rerun usage is disabled.
[2026-08-02 14:10:43,873][DEBUG][m:optional_rerun_wrapper][fn:method][ln:40] - Skipping optional rerun call to 'Boxes3D' because rerun usage is disabled.
[2026-08-02 14:10:43,873][DEBUG][m:optional_rerun_wrapper][fn:method][ln:40] - Skipping optional rerun call to 'AnyValues' because rerun usage is disabled.
[2026-08-02 14:10:43,874][DEBUG][m:optional_rerun_wrapper][fn:method][ln:40] - Skipping optional rerun call to 'log' because rerun usage is disabled.
[2026-08-02 14:10:43,874][DEBUG][m:optional_rerun_wrapper][fn:method][ln:40] - Skipping optional rerun call to 'Boxes3D' because rerun usage is disabled.
[2026-08-02 14:10:43,874][DEBUG][m:optional_rerun_wrapper][fn:method][ln:40] - Skipping optional rerun call to 'AnyValues' because rerun usage is disabled.
[2026-08-02 14:10:43,874][DEBUG][m:optional_rerun_wrapper][fn:method][ln:40] - Skipping optional rerun call to 'log' because rerun usage is disabled.
[2026-08-02 14:10:43,874][DEBUG][m:optional_rerun_wrapper][fn:method][ln:40] - Skipping optional rerun call to 'Points3D' because rerun usage is disabled.
[2026-08-02 14:10:43,874][DEBUG][m:optional_rerun_wrapper][fn:method][ln:40] - Skipping optional rerun call to 'AnyValues' because rerun usage is disabled.
[2026-08-02 14:10:43,874][DEBUG][m:optional_rerun_wrapper][fn:method][ln:40] - Skipping optional rerun call to 'log' because rerun usage is disabled.
[2026-08-02 14:10:43,874][DEBUG][m:optional_rerun_wrapper][fn:method][ln:40] - Skipping optional rerun call to 'Points3D' because rerun usage is disabled.
[2026-08-02 14:10:43,874][DEBUG][m:optional_rerun_wrapper][fn:method][ln:40] - Skipping optional rerun call to 'AnyValues' because rerun usage is disabled.
[2026-08-02 14:10:43,874][DEBUG][m:optional_rerun_wrapper][fn:method][ln:40] - Skipping optional rerun call to 'log' because rerun usage is disabled.
[2026-08-02 14:10:43,874][DEBUG][m:optional_rerun_wrapper][fn:method][ln:40] - Skipping optional rerun call to 'Points3D' because rerun usage is disabled.
[2026-08-02 14:10:43,874][DEBUG][m:optional_rerun_wrapper][fn:method][ln:40] - Skipping optional rerun call to 'AnyValues' because rerun usage is disabled.
[2026-08-02 14:10:43,874][DEBUG][m:optional_rerun_wrapper][fn:method][ln:40] - Skipping optional rerun call to 'log' because rerun usage is disabled.
[2026-08-02 14:10:43,874][DEBUG][m:optional_rerun_wrapper][fn:method][ln:40] - Skipping optional rerun call to 'Boxes3D' because rerun usage is disabled.
[2026-08-02 14:10:43,874][DEBUG][m:optional_rerun_wrapper][fn:method][ln:40] - Skipping optional rerun call to 'AnyValues' because rerun usage is disabled.
[2026-08-02 14:10:43,874][DEBUG][m:optional_rerun_wrapper][fn:method][ln:40] - Skipping optional rerun call to 'log' because rerun usage is disabled.
[2026-08-02 14:10:43,874][DEBUG][m:optional_rerun_wrapper][fn:method][ln:40] - Skipping optional rerun call to 'Boxes3D' because rerun usage is disabled.
[2026-08-02 14:10:43,874][DEBUG][m:optional_rerun_wrapper][fn:method][ln:40] - Skipping optional rerun call to 'AnyValues' because rerun usage is disabled.
[2026-08-02 14:10:43,874][DEBUG][m:optional_rerun_wrapper][fn:method][ln:40] - Skipping optional rerun call to 'log' because rerun usage is disabled.
[2026-08-02 14:10:43,874][DEBUG][m:optional_rerun_wrapper][fn:method][ln:40] - Skipping optional rerun call to 'Boxes3D' because rerun usage is disabled.
[2026-08-02 14:10:43,874][DEBUG][m:optional_rerun_wrapper][fn:method][ln:40] - Skipping optional rerun call to 'AnyValues' because rerun usage is disabled.
[2026-08-02 14:10:43,874][DEBUG][m:optional_rerun_wrapper][fn:method][ln:40] - Skipping optional rerun call to 'log' because rerun usage is disabled.
[2026-08-02 14:10:43,874][DEBUG][m:optional_rerun_wrapper][fn:method][ln:40] - Skipping optional rerun call to 'Points3D' because rerun usage is disabled.
[2026-08-02 14:10:43,874][DEBUG][m:optional_rerun_wrapper][fn:method][ln:40] - Skipping optional rerun call to 'AnyValues' because rerun usage is disabled.
[2026-08-02 14:10:43,874][DEBUG][m:optional_rerun_wrapper][fn:method][ln:40] - Skipping optional rerun call to 'log' because rerun usage is disabled.
[2026-08-02 14:10:43,874][DEBUG][m:optional_rerun_wrapper][fn:method][ln:40] - Skipping optional rerun call to 'Points3D' because rerun usage is disabled.
[2026-08-02 14:10:43,874][DEBUG][m:optional_rerun_wrapper][fn:method][ln:40] - Skipping optional rerun call to 'AnyValues' because rerun usage is disabled.
[2026-08-02 14:10:43,874][DEBUG][m:optional_rerun_wrapper][fn:method][ln:40] - Skipping optional rerun call to 'log' because rerun usage is disabled.
[2026-08-02 14:10:43,874][DEBUG][m:optional_rerun_wrapper][fn:method][ln:40] - Skipping optional rerun call to 'Points3D' because rerun usage is disabled.
[2026-08-02 14:10:43,874][DEBUG][m:optional_rerun_wrapper][fn:method][ln:40] - Skipping optional rerun call to 'AnyValues' because rerun usage is disabled.
[2026-08-02 14:10:43,874][DEBUG][m:optional_rerun_wrapper][fn:method][ln:40] - Skipping optional rerun call to 'log' because rerun usage is disabled.
[2026-08-02 14:10:43,874][DEBUG][m:optional_rerun_wrapper][fn:method][ln:40] - Skipping optional rerun call to 'Boxes3D' because rerun usage is disabled.
[2026-08-02 14:10:43,874][DEBUG][m:optional_rerun_wrapper][fn:method][ln:40] - Skipping optional rerun call to 'AnyValues' because rerun usage is disabled.
[2026-08-02 14:10:43,875][DEBUG][m:optional_rerun_wrapper][fn:method][ln:40] - Skipping optional rerun call to 'log' because rerun usage is disabled.
[2026-08-02 14:10:43,875][DEBUG][m:optional_rerun_wrapper][fn:method][ln:40] - Skipping optional rerun call to 'Boxes3D' because rerun usage is disabled.
[2026-08-02 14:10:43,875][DEBUG][m:optional_rerun_wrapper][fn:method][ln:40] - Skipping optional rerun call to 'AnyValues' because rerun usage is disabled.
[2026-08-02 14:10:43,875][DEBUG][m:optional_rerun_wrapper][fn:method][ln:40] - Skipping optional rerun call to 'log' because rerun usage is disabled.
[2026-08-02 14:10:43,875][DEBUG][m:optional_rerun_wrapper][fn:method][ln:40] - Skipping optional rerun call to 'Boxes3D' because rerun usage is disabled.
[2026-08-02 14:10:43,875][DEBUG][m:optional_rerun_wrapper][fn:method][ln:40] - Skipping optional rerun call to 'AnyValues' because rerun usage is disabled.
[2026-08-02 14:10:43,875][DEBUG][m:optional_rerun_wrapper][fn:method][ln:40] - Skipping optional rerun call to 'log' because rerun usage is disabled.
[2026-08-02 14:10:43,875][DEBUG][m:optional_rerun_wrapper][fn:method][ln:40] - Skipping optional rerun call to 'Points3D' because rerun usage is disabled.
[2026-08-02 14:10:43,875][DEBUG][m:optional_rerun_wrapper][fn:method][ln:40] - Skipping optional rerun call to 'AnyValues' because rerun usage is disabled.
[2026-08-02 14:10:43,875][DEBUG][m:optional_rerun_wrapper][fn:method][ln:40] - Skipping optional rerun call to 'log' because rerun usage is disabled.
[2026-08-02 14:10:43,875][DEBUG][m:optional_rerun_wrapper][fn:method][ln:40] - Skipping optional rerun call to 'Points3D' because rerun usage is disabled.
[2026-08-02 14:10:43,875][DEBUG][m:optional_rerun_wrapper][fn:method][ln:40] - Skipping optional rerun call to 'AnyValues' because rerun usage is disabled.
[2026-08-02 14:10:43,875][DEBUG][m:optional_rerun_wrapper][fn:method][ln:40] - Skipping optional rerun call to 'log' because rerun usage is disabled.
[2026-08-02 14:10:43,875][DEBUG][m:optional_rerun_wrapper][fn:method][ln:40] - Skipping optional rerun call to 'Points3D' because rerun usage is disabled.
[2026-08-02 14:10:43,875][DEBUG][m:optional_rerun_wrapper][fn:method][ln:40] - Skipping optional rerun call to 'AnyValues' because rerun usage is disabled.
[2026-08-02 14:10:43,875][DEBUG][m:optional_rerun_wrapper][fn:method][ln:40] - Skipping optional rerun call to 'log' because rerun usage is disabled.
[2026-08-02 14:10:43,875][DEBUG][m:optional_rerun_wrapper][fn:method][ln:40] - Skipping optional rerun call to 'Boxes3D' because rerun usage is disabled.
[2026-08-02 14:10:43,875][DEBUG][m:optional_rerun_wrapper][fn:method][ln:40] - Skipping optional rerun call to 'AnyValues' because rerun usage is disabled.
[2026-08-02 14:10:43,875][DEBUG][m:optional_rerun_wrapper][fn:method][ln:40] - Skipping optional rerun call to 'log' because rerun usage is disabled.
[2026-08-02 14:10:43,875][DEBUG][m:optional_rerun_wrapper][fn:method][ln:40] - Skipping optional rerun call to 'Boxes3D' because rerun usage is disabled.
[2026-08-02 14:10:43,875][DEBUG][m:optional_rerun_wrapper][fn:method][ln:40] - Skipping optional rerun call to 'AnyValues' because rerun usage is disabled.
[2026-08-02 14:10:43,875][DEBUG][m:optional_rerun_wrapper][fn:method][ln:40] - Skipping optional rerun call to 'log' because rerun usage is disabled.
[2026-08-02 14:10:43,875][DEBUG][m:optional_rerun_wrapper][fn:method][ln:40] - Skipping optional rerun call to 'Boxes3D' because rerun usage is disabled.
[2026-08-02 14:10:43,875][DEBUG][m:optional_rerun_wrapper][fn:method][ln:40] - Skipping optional rerun call to 'AnyValues' because rerun usage is disabled.
[2026-08-02 14:10:43,875][DEBUG][m:optional_rerun_wrapper][fn:method][ln:40] - Skipping optional rerun call to 'log' because rerun usage is disabled.
[2026-08-02 14:10:43,875][DEBUG][m:optional_rerun_wrapper][fn:method][ln:40] - Skipping optional rerun call to 'Points3D' because rerun usage is disabled.
[2026-08-02 14:10:43,875][DEBUG][m:optional_rerun_wrapper][fn:method][ln:40] - Skipping optional rerun call to 'AnyValues' because rerun usage is disabled.
[2026-08-02 14:10:43,875][DEBUG][m:optional_rerun_wrapper][fn:method][ln:40] - Skipping optional rerun call to 'log' because rerun usage is disabled.
[2026-08-02 14:10:43,875][DEBUG][m:optional_rerun_wrapper][fn:method][ln:40] - Skipping optional rerun call to 'Points3D' because rerun usage is disabled.
[2026-08-02 14:10:43,875][DEBUG][m:optional_rerun_wrapper][fn:method][ln:40] - Skipping optional rerun call to 'AnyValues' because rerun usage is disabled.
[2026-08-02 14:10:43,875][DEBUG][m:optional_rerun_wrapper][fn:method][ln:40] - Skipping optional rerun call to 'log' because rerun usage is disabled.
[2026-08-02 14:10:43,875][DEBUG][m:optional_rerun_wrapper][fn:method][ln:40] - Skipping optional rerun call to 'Points3D' because rerun usage is disabled.
[2026-08-02 14:10:43,875][DEBUG][m:optional_rerun_wrapper][fn:method][ln:40] - Skipping optional rerun call to 'AnyValues' because rerun usage is disabled.
[2026-08-02 14:10:43,875][DEBUG][m:optional_rerun_wrapper][fn:method][ln:40] - Skipping optional rerun call to 'log' because rerun usage is disabled.
[2026-08-02 14:10:43,876][DEBUG][m:optional_rerun_wrapper][fn:method][ln:40] - Skipping optional rerun call to 'Boxes3D' because rerun usage is disabled.
[2026-08-02 14:10:43,876][DEBUG][m:optional_rerun_wrapper][fn:method][ln:40] - Skipping optional rerun call to 'AnyValues' because rerun usage is disabled.
[2026-08-02 14:10:43,876][DEBUG][m:optional_rerun_wrapper][fn:method][ln:40] - Skipping optional rerun call to 'log' because rerun usage is disabled.
[2026-08-02 14:10:43,876][DEBUG][m:optional_rerun_wrapper][fn:method][ln:40] - Skipping optional rerun call to 'Boxes3D' because rerun usage is disabled.
[2026-08-02 14:10:43,876][DEBUG][m:optional_rerun_wrapper][fn:method][ln:40] - Skipping optional rerun call to 'AnyValues' because rerun usage is disabled.
[2026-08-02 14:10:43,876][DEBUG][m:optional_rerun_wrapper][fn:method][ln:40] - Skipping optional rerun call to 'log' because rerun usage is disabled.
[2026-08-02 14:10:43,876][DEBUG][m:optional_rerun_wrapper][fn:method][ln:40] - Skipping optional rerun call to 'Boxes3D' because rerun usage is disabled.
[2026-08-02 14:10:43,876][DEBUG][m:optional_rerun_wrapper][fn:method][ln:40] - Skipping optional rerun call to 'AnyValues' because rerun usage is disabled.
[2026-08-02 14:10:43,876][DEBUG][m:optional_rerun_wrapper][fn:method][ln:40] - Skipping optional rerun call to 'log' because rerun usage is disabled.
[2026-08-02 14:10:43,876][DEBUG][m:optional_rerun_wrapper][fn:method][ln:40] - Skipping optional rerun call to 'Points3D' because rerun usage is disabled.
[2026-08-02 14:10:43,876][DEBUG][m:optional_rerun_wrapper][fn:method][ln:40] - Skipping optional rerun call to 'AnyValues' because rerun usage is disabled.
[2026-08-02 14:10:43,876][DEBUG][m:optional_rerun_wrapper][fn:method][ln:40] - Skipping optional rerun call to 'log' because rerun usage is disabled.
[2026-08-02 14:10:43,876][DEBUG][m:optional_rerun_wrapper][fn:method][ln:40] - Skipping optional rerun call to 'Points3D' because rerun usage is disabled.
[2026-08-02 14:10:43,876][DEBUG][m:optional_rerun_wrapper][fn:method][ln:40] - Skipping optional rerun call to 'AnyValues' because rerun usage is disabled.
[2026-08-02 14:10:43,876][DEBUG][m:optional_rerun_wrapper][fn:method][ln:40] - Skipping optional rerun call to 'log' because rerun usage is disabled.
[2026-08-02 14:10:43,876][DEBUG][m:optional_rerun_wrapper][fn:method][ln:40] - Skipping optional rerun call to 'Points3D' because rerun usage is disabled.
[2026-08-02 14:10:43,876][DEBUG][m:optional_rerun_wrapper][fn:method][ln:40] - Skipping optional rerun call to 'AnyValues' because rerun usage is disabled.
[2026-08-02 14:10:43,876][DEBUG][m:optional_rerun_wrapper][fn:method][ln:40] - Skipping optional rerun call to 'log' because rerun usage is disabled.
[2026-08-02 14:10:43,876][DEBUG][m:optional_rerun_wrapper][fn:method][ln:40] - Skipping optional rerun call to 'Boxes3D' because rerun usage is disabled.
[2026-08-02 14:10:43,876][DEBUG][m:optional_rerun_wrapper][fn:method][ln:40] - Skipping optional rerun call to 'AnyValues' because rerun usage is disabled.
[2026-08-02 14:10:43,876][DEBUG][m:optional_rerun_wrapper][fn:method][ln:40] - Skipping optional rerun call to 'log' because rerun usage is disabled.
[2026-08-02 14:10:43,876][DEBUG][m:optional_rerun_wrapper][fn:method][ln:40] - Skipping optional rerun call to 'Boxes3D' because rerun usage is disabled.
[2026-08-02 14:10:43,876][DEBUG][m:optional_rerun_wrapper][fn:method][ln:40] - Skipping optional rerun call to 'AnyValues' because rerun usage is disabled.
[2026-08-02 14:10:43,876][DEBUG][m:optional_rerun_wrapper][fn:method][ln:40] - Skipping optional rerun call to 'log' because rerun usage is disabled.
[2026-08-02 14:10:43,876][DEBUG][m:optional_rerun_wrapper][fn:method][ln:40] - Skipping optional rerun call to 'Boxes3D' because rerun usage is disabled.
[2026-08-02 14:10:43,876][DEBUG][m:optional_rerun_wrapper][fn:method][ln:40] - Skipping optional rerun call to 'AnyValues' because rerun usage is disabled.
[2026-08-02 14:10:43,876][DEBUG][m:optional_rerun_wrapper][fn:method][ln:40] - Skipping optional rerun call to 'log' because rerun usage is disabled.
[2026-08-02 14:10:43,876][DEBUG][m:optional_rerun_wrapper][fn:method][ln:40] - Skipping optional rerun call to 'Clear' because rerun usage is disabled.
[2026-08-02 14:10:43,876][DEBUG][m:optional_rerun_wrapper][fn:method][ln:40] - Skipping optional rerun call to 'log' because rerun usage is disabled.
[2026-08-02 14:10:43,876][DEBUG][m:optional_rerun_wrapper][fn:method][ln:40] - Skipping optional rerun call to 'Clear' because rerun usage is disabled.
[2026-08-02 14:10:43,876][DEBUG][m:optional_rerun_wrapper][fn:method][ln:40] - Skipping optional rerun call to 'log' because rerun usage is disabled.
[2026-08-02 14:10:43,876][DEBUG][m:optional_rerun_wrapper][fn:method][ln:40] - Skipping optional rerun call to 'Clear' because rerun usage is disabled.
[2026-08-02 14:10:43,876][DEBUG][m:optional_rerun_wrapper][fn:method][ln:40] - Skipping optional rerun call to 'log' because rerun usage is disabled.
[2026-08-02 14:10:43,876][DEBUG][m:optional_rerun_wrapper][fn:method][ln:40] - Skipping optional rerun call to 'Clear' because rerun usage is disabled.
[2026-08-02 14:10:43,877][DEBUG][m:optional_rerun_wrapper][fn:method][ln:40] - Skipping optional rerun call to 'log' because rerun usage is disabled.
[2026-08-02 14:10:43,877][DEBUG][m:optional_rerun_wrapper][fn:method][ln:40] - Skipping optional rerun call to 'Clear' because rerun usage is disabled.
[2026-08-02 14:10:43,877][DEBUG][m:optional_rerun_wrapper][fn:method][ln:40] - Skipping optional rerun call to 'log' because rerun usage is disabled.
[2026-08-02 14:10:43,877][DEBUG][m:optional_rerun_wrapper][fn:method][ln:40] - Skipping optional rerun call to 'Clear' because rerun usage is disabled.
[2026-08-02 14:10:43,877][DEBUG][m:optional_rerun_wrapper][fn:method][ln:40] - Skipping optional rerun call to 'log' because rerun usage is disabled.
[2026-08-02 14:10:43,877][DEBUG][m:optional_rerun_wrapper][fn:method][ln:40] - Skipping optional rerun call to 'Clear' because rerun usage is disabled.
[2026-08-02 14:10:43,877][DEBUG][m:optional_rerun_wrapper][fn:method][ln:40] - Skipping optional rerun call to 'log' because rerun usage is disabled.
[2026-08-02 14:10:43,877][DEBUG][m:optional_wandb_wrapper][fn:method][ln:139] - Skipping optional wandb call to 'log' because wandb usage is disabled.
[2026-08-02 14:10:43,877][DEBUG][m:optional_wandb_wrapper][fn:method][ln:139] - Skipping optional wandb call to 'log' because wandb usage is disabled.
 60%|██████    | 3/5 [00:07<00:04,  2.47s/it][2026-08-02 14:10:43,877][DEBUG][m:optional_rerun_wrapper][fn:method][ln:40] - Skipping optional rerun call to 'set_time_sequence' because rerun usage is disabled.
[2026-08-02 14:10:43,894][DEBUG][m:PngImagePlugin][fn:call][ln:204] - STREAM b'IHDR' 16 13
[2026-08-02 14:10:43,894][DEBUG][m:PngImagePlugin][fn:call][ln:204] - STREAM b'IDAT' 41 8192
Removing potted plant because it has an IoU of 0.997171590194846 with object tissue box.
Removing coffee table because it has an IoU of 0.9996197718631179 with object end table.
Removing lamp because it has an IoU of 0.9930988558629457 with object lamp.
Removing door because it has an IoU of 1.0 with object closet door.
Removing shelf because it has an IoU of 0.9992334099923341 with object cabinet.
Removing pillow because it has an IoU of 0.9356848088452854 with object sofa chair.
Removing shelf because it has an IoU of 0.9635933806146572 with object cabinet.
Removing ceiling because it is a background class, specifically ['wall', 'floor', 'ceiling'].
Removing wall because it is a background class, specifically ['wall', 'floor', 'ceiling'].
Removing wall because it is a background class, specifically ['wall', 'floor', 'ceiling'].
Removing end table because it has an IoU of 0.9866366763694099 with object cabinet.
Removing coffee kettle because it has an IoU of 0.9988998899889989 with object coffee maker.
Removing end table because it has an IoU of 1.0 with object coffee table.
Removing toaster because it has an IoU of 0.995575221238938 with object box.
[2026-08-02 14:10:45,584][DEBUG][m:optional_rerun_wrapper][fn:method][ln:40] - Skipping optional rerun call to 'Pinhole' because rerun usage is disabled.
[2026-08-02 14:10:45,584][DEBUG][m:optional_rerun_wrapper][fn:method][ln:40] - Skipping optional rerun call to 'log' because rerun usage is disabled.
[2026-08-02 14:10:45,585][DEBUG][m:optional_rerun_wrapper][fn:method][ln:40] - Skipping optional rerun call to 'Transform3D' because rerun usage is disabled.
[2026-08-02 14:10:45,585][DEBUG][m:optional_rerun_wrapper][fn:method][ln:40] - Skipping optional rerun call to 'log' because rerun usage is disabled.
[2026-08-02 14:10:45,585][DEBUG][m:optional_rerun_wrapper][fn:method][ln:40] - Skipping optional rerun call to 'LineStrips3D' because rerun usage is disabled.
[2026-08-02 14:10:45,585][DEBUG][m:optional_rerun_wrapper][fn:method][ln:40] - Skipping optional rerun call to 'log' because rerun usage is disabled.
[2026-08-02 14:10:45,585][DEBUG][m:optional_rerun_wrapper][fn:method][ln:40] - Skipping optional rerun call to 'ImageEncoded' because rerun usage is disabled.
[2026-08-02 14:10:45,585][DEBUG][m:optional_rerun_wrapper][fn:method][ln:40] - Skipping optional rerun call to 'log' because rerun usage is disabled.
[2026-08-02 14:10:45,585][DEBUG][m:optional_rerun_wrapper][fn:method][ln:40] - Skipping optional rerun call to 'ImageEncoded' because rerun usage is disabled.
[2026-08-02 14:10:45,585][DEBUG][m:optional_rerun_wrapper][fn:method][ln:40] - Skipping optional rerun call to 'log' because rerun usage is disabled.
[2026-08-02 14:10:45,585][DEBUG][m:optional_rerun_wrapper][fn:method][ln:40] - Skipping optional rerun call to 'DepthImage' because rerun usage is disabled.
[2026-08-02 14:10:45,585][DEBUG][m:optional_rerun_wrapper][fn:method][ln:40] - Skipping optional rerun call to 'log' because rerun usage is disabled.
[2026-08-02 14:10:45,585][WARNING][m:optional_rerun_wrapper][fn:orr_log_vlm_image][ln:132] - VLM image not found at path: /home/chenkejun/beauty/conceptgraphs/data/Replica/room0/exps/smoke_detections_stride20/vis/frame000060annotated_for_vlm.jpg
[2026-08-02 14:10:45,585][WARNING][m:optional_rerun_wrapper][fn:orr_log_vlm_image][ln:132] - VLM image not found at path: /home/chenkejun/beauty/conceptgraphs/data/Replica/room0/exps/smoke_detections_stride20/vis/frame000060annotated_for_vlm_w_edges.jpg
Done! Execution time of detections_to_obj_pcd_and_bbox function: 0.11 seconds
[2026-08-02 14:10:46,102][DEBUG][m:optional_wandb_wrapper][fn:method][ln:139] - Skipping optional wandb call to 'log' because wandb usage is disabled.
Line 624, curr_edges_3d_by_index: []
[2026-08-02 14:10:46,102][DEBUG][m:optional_rerun_wrapper][fn:method][ln:40] - Skipping optional rerun call to 'Points3D' because rerun usage is disabled.
[2026-08-02 14:10:46,102][DEBUG][m:optional_rerun_wrapper][fn:method][ln:40] - Skipping optional rerun call to 'AnyValues' because rerun usage is disabled.
[2026-08-02 14:10:46,102][DEBUG][m:optional_rerun_wrapper][fn:method][ln:40] - Skipping optional rerun call to 'log' because rerun usage is disabled.
[2026-08-02 14:10:46,102][DEBUG][m:optional_rerun_wrapper][fn:method][ln:40] - Skipping optional rerun call to 'Points3D' because rerun usage is disabled.
[2026-08-02 14:10:46,102][DEBUG][m:optional_rerun_wrapper][fn:method][ln:40] - Skipping optional rerun call to 'AnyValues' because rerun usage is disabled.
[2026-08-02 14:10:46,102][DEBUG][m:optional_rerun_wrapper][fn:method][ln:40] - Skipping optional rerun call to 'log' because rerun usage is disabled.
[2026-08-02 14:10:46,102][DEBUG][m:optional_rerun_wrapper][fn:method][ln:40] - Skipping optional rerun call to 'Points3D' because rerun usage is disabled.
[2026-08-02 14:10:46,102][DEBUG][m:optional_rerun_wrapper][fn:method][ln:40] - Skipping optional rerun call to 'AnyValues' because rerun usage is disabled.
[2026-08-02 14:10:46,102][DEBUG][m:optional_rerun_wrapper][fn:method][ln:40] - Skipping optional rerun call to 'log' because rerun usage is disabled.
[2026-08-02 14:10:46,102][DEBUG][m:optional_rerun_wrapper][fn:method][ln:40] - Skipping optional rerun call to 'Boxes3D' because rerun usage is disabled.
[2026-08-02 14:10:46,102][DEBUG][m:optional_rerun_wrapper][fn:method][ln:40] - Skipping optional rerun call to 'AnyValues' because rerun usage is disabled.
[2026-08-02 14:10:46,102][DEBUG][m:optional_rerun_wrapper][fn:method][ln:40] - Skipping optional rerun call to 'log' because rerun usage is disabled.
[2026-08-02 14:10:46,102][DEBUG][m:optional_rerun_wrapper][fn:method][ln:40] - Skipping optional rerun call to 'Boxes3D' because rerun usage is disabled.
[2026-08-02 14:10:46,103][DEBUG][m:optional_rerun_wrapper][fn:method][ln:40] - Skipping optional rerun call to 'AnyValues' because rerun usage is disabled.
[2026-08-02 14:10:46,103][DEBUG][m:optional_rerun_wrapper][fn:method][ln:40] - Skipping optional rerun call to 'log' because rerun usage is disabled.
[2026-08-02 14:10:46,103][DEBUG][m:optional_rerun_wrapper][fn:method][ln:40] - Skipping optional rerun call to 'Boxes3D' because rerun usage is disabled.
[2026-08-02 14:10:46,103][DEBUG][m:optional_rerun_wrapper][fn:method][ln:40] - Skipping optional rerun call to 'AnyValues' because rerun usage is disabled.
[2026-08-02 14:10:46,103][DEBUG][m:optional_rerun_wrapper][fn:method][ln:40] - Skipping optional rerun call to 'log' because rerun usage is disabled.
[2026-08-02 14:10:46,103][DEBUG][m:optional_rerun_wrapper][fn:method][ln:40] - Skipping optional rerun call to 'Points3D' because rerun usage is disabled.
[2026-08-02 14:10:46,103][DEBUG][m:optional_rerun_wrapper][fn:method][ln:40] - Skipping optional rerun call to 'AnyValues' because rerun usage is disabled.
[2026-08-02 14:10:46,103][DEBUG][m:optional_rerun_wrapper][fn:method][ln:40] - Skipping optional rerun call to 'log' because rerun usage is disabled.
[2026-08-02 14:10:46,103][DEBUG][m:optional_rerun_wrapper][fn:method][ln:40] - Skipping optional rerun call to 'Points3D' because rerun usage is disabled.
[2026-08-02 14:10:46,103][DEBUG][m:optional_rerun_wrapper][fn:method][ln:40] - Skipping optional rerun call to 'AnyValues' because rerun usage is disabled.
[2026-08-02 14:10:46,103][DEBUG][m:optional_rerun_wrapper][fn:method][ln:40] - Skipping optional rerun call to 'log' because rerun usage is disabled.
[2026-08-02 14:10:46,103][DEBUG][m:optional_rerun_wrapper][fn:method][ln:40] - Skipping optional rerun call to 'Points3D' because rerun usage is disabled.
[2026-08-02 14:10:46,103][DEBUG][m:optional_rerun_wrapper][fn:method][ln:40] - Skipping optional rerun call to 'AnyValues' because rerun usage is disabled.
[2026-08-02 14:10:46,103][DEBUG][m:optional_rerun_wrapper][fn:method][ln:40] - Skipping optional rerun call to 'log' because rerun usage is disabled.
[2026-08-02 14:10:46,103][DEBUG][m:optional_rerun_wrapper][fn:method][ln:40] - Skipping optional rerun call to 'Boxes3D' because rerun usage is disabled.
[2026-08-02 14:10:46,103][DEBUG][m:optional_rerun_wrapper][fn:method][ln:40] - Skipping optional rerun call to 'AnyValues' because rerun usage is disabled.
[2026-08-02 14:10:46,103][DEBUG][m:optional_rerun_wrapper][fn:method][ln:40] - Skipping optional rerun call to 'log' because rerun usage is disabled.
[2026-08-02 14:10:46,103][DEBUG][m:optional_rerun_wrapper][fn:method][ln:40] - Skipping optional rerun call to 'Boxes3D' because rerun usage is disabled.
[2026-08-02 14:10:46,103][DEBUG][m:optional_rerun_wrapper][fn:method][ln:40] - Skipping optional rerun call to 'AnyValues' because rerun usage is disabled.
[2026-08-02 14:10:46,103][DEBUG][m:optional_rerun_wrapper][fn:method][ln:40] - Skipping optional rerun call to 'log' because rerun usage is disabled.
[2026-08-02 14:10:46,103][DEBUG][m:optional_rerun_wrapper][fn:method][ln:40] - Skipping optional rerun call to 'Boxes3D' because rerun usage is disabled.
[2026-08-02 14:10:46,103][DEBUG][m:optional_rerun_wrapper][fn:method][ln:40] - Skipping optional rerun call to 'AnyValues' because rerun usage is disabled.
[2026-08-02 14:10:46,103][DEBUG][m:optional_rerun_wrapper][fn:method][ln:40] - Skipping optional rerun call to 'log' because rerun usage is disabled.
[2026-08-02 14:10:46,103][DEBUG][m:optional_rerun_wrapper][fn:method][ln:40] - Skipping optional rerun call to 'Points3D' because rerun usage is disabled.
[2026-08-02 14:10:46,103][DEBUG][m:optional_rerun_wrapper][fn:method][ln:40] - Skipping optional rerun call to 'AnyValues' because rerun usage is disabled.
[2026-08-02 14:10:46,103][DEBUG][m:optional_rerun_wrapper][fn:method][ln:40] - Skipping optional rerun call to 'log' because rerun usage is disabled.
[2026-08-02 14:10:46,103][DEBUG][m:optional_rerun_wrapper][fn:method][ln:40] - Skipping optional rerun call to 'Points3D' because rerun usage is disabled.
[2026-08-02 14:10:46,103][DEBUG][m:optional_rerun_wrapper][fn:method][ln:40] - Skipping optional rerun call to 'AnyValues' because rerun usage is disabled.
[2026-08-02 14:10:46,103][DEBUG][m:optional_rerun_wrapper][fn:method][ln:40] - Skipping optional rerun call to 'log' because rerun usage is disabled.
[2026-08-02 14:10:46,103][DEBUG][m:optional_rerun_wrapper][fn:method][ln:40] - Skipping optional rerun call to 'Points3D' because rerun usage is disabled.
[2026-08-02 14:10:46,103][DEBUG][m:optional_rerun_wrapper][fn:method][ln:40] - Skipping optional rerun call to 'AnyValues' because rerun usage is disabled.
[2026-08-02 14:10:46,103][DEBUG][m:optional_rerun_wrapper][fn:method][ln:40] - Skipping optional rerun call to 'log' because rerun usage is disabled.
[2026-08-02 14:10:46,104][DEBUG][m:optional_rerun_wrapper][fn:method][ln:40] - Skipping optional rerun call to 'Boxes3D' because rerun usage is disabled.
[2026-08-02 14:10:46,104][DEBUG][m:optional_rerun_wrapper][fn:method][ln:40] - Skipping optional rerun call to 'AnyValues' because rerun usage is disabled.
[2026-08-02 14:10:46,104][DEBUG][m:optional_rerun_wrapper][fn:method][ln:40] - Skipping optional rerun call to 'log' because rerun usage is disabled.
[2026-08-02 14:10:46,104][DEBUG][m:optional_rerun_wrapper][fn:method][ln:40] - Skipping optional rerun call to 'Boxes3D' because rerun usage is disabled.
[2026-08-02 14:10:46,104][DEBUG][m:optional_rerun_wrapper][fn:method][ln:40] - Skipping optional rerun call to 'AnyValues' because rerun usage is disabled.
[2026-08-02 14:10:46,104][DEBUG][m:optional_rerun_wrapper][fn:method][ln:40] - Skipping optional rerun call to 'log' because rerun usage is disabled.
[2026-08-02 14:10:46,104][DEBUG][m:optional_rerun_wrapper][fn:method][ln:40] - Skipping optional rerun call to 'Boxes3D' because rerun usage is disabled.
[2026-08-02 14:10:46,104][DEBUG][m:optional_rerun_wrapper][fn:method][ln:40] - Skipping optional rerun call to 'AnyValues' because rerun usage is disabled.
[2026-08-02 14:10:46,104][DEBUG][m:optional_rerun_wrapper][fn:method][ln:40] - Skipping optional rerun call to 'log' because rerun usage is disabled.
[2026-08-02 14:10:46,104][DEBUG][m:optional_rerun_wrapper][fn:method][ln:40] - Skipping optional rerun call to 'Points3D' because rerun usage is disabled.
[2026-08-02 14:10:46,104][DEBUG][m:optional_rerun_wrapper][fn:method][ln:40] - Skipping optional rerun call to 'AnyValues' because rerun usage is disabled.
[2026-08-02 14:10:46,104][DEBUG][m:optional_rerun_wrapper][fn:method][ln:40] - Skipping optional rerun call to 'log' because rerun usage is disabled.
[2026-08-02 14:10:46,104][DEBUG][m:optional_rerun_wrapper][fn:method][ln:40] - Skipping optional rerun call to 'Points3D' because rerun usage is disabled.
[2026-08-02 14:10:46,104][DEBUG][m:optional_rerun_wrapper][fn:method][ln:40] - Skipping optional rerun call to 'AnyValues' because rerun usage is disabled.
[2026-08-02 14:10:46,104][DEBUG][m:optional_rerun_wrapper][fn:method][ln:40] - Skipping optional rerun call to 'log' because rerun usage is disabled.
[2026-08-02 14:10:46,104][DEBUG][m:optional_rerun_wrapper][fn:method][ln:40] - Skipping optional rerun call to 'Points3D' because rerun usage is disabled.
[2026-08-02 14:10:46,104][DEBUG][m:optional_rerun_wrapper][fn:method][ln:40] - Skipping optional rerun call to 'AnyValues' because rerun usage is disabled.
[2026-08-02 14:10:46,104][DEBUG][m:optional_rerun_wrapper][fn:method][ln:40] - Skipping optional rerun call to 'log' because rerun usage is disabled.
[2026-08-02 14:10:46,104][DEBUG][m:optional_rerun_wrapper][fn:method][ln:40] - Skipping optional rerun call to 'Boxes3D' because rerun usage is disabled.
[2026-08-02 14:10:46,104][DEBUG][m:optional_rerun_wrapper][fn:method][ln:40] - Skipping optional rerun call to 'AnyValues' because rerun usage is disabled.
[2026-08-02 14:10:46,104][DEBUG][m:optional_rerun_wrapper][fn:method][ln:40] - Skipping optional rerun call to 'log' because rerun usage is disabled.
[2026-08-02 14:10:46,104][DEBUG][m:optional_rerun_wrapper][fn:method][ln:40] - Skipping optional rerun call to 'Boxes3D' because rerun usage is disabled.
[2026-08-02 14:10:46,104][DEBUG][m:optional_rerun_wrapper][fn:method][ln:40] - Skipping optional rerun call to 'AnyValues' because rerun usage is disabled.
[2026-08-02 14:10:46,104][DEBUG][m:optional_rerun_wrapper][fn:method][ln:40] - Skipping optional rerun call to 'log' because rerun usage is disabled.
[2026-08-02 14:10:46,104][DEBUG][m:optional_rerun_wrapper][fn:method][ln:40] - Skipping optional rerun call to 'Boxes3D' because rerun usage is disabled.
[2026-08-02 14:10:46,104][DEBUG][m:optional_rerun_wrapper][fn:method][ln:40] - Skipping optional rerun call to 'AnyValues' because rerun usage is disabled.
[2026-08-02 14:10:46,104][DEBUG][m:optional_rerun_wrapper][fn:method][ln:40] - Skipping optional rerun call to 'log' because rerun usage is disabled.
[2026-08-02 14:10:46,104][DEBUG][m:optional_rerun_wrapper][fn:method][ln:40] - Skipping optional rerun call to 'Points3D' because rerun usage is disabled.
[2026-08-02 14:10:46,104][DEBUG][m:optional_rerun_wrapper][fn:method][ln:40] - Skipping optional rerun call to 'AnyValues' because rerun usage is disabled.
[2026-08-02 14:10:46,104][DEBUG][m:optional_rerun_wrapper][fn:method][ln:40] - Skipping optional rerun call to 'log' because rerun usage is disabled.
[2026-08-02 14:10:46,104][DEBUG][m:optional_rerun_wrapper][fn:method][ln:40] - Skipping optional rerun call to 'Points3D' because rerun usage is disabled.
[2026-08-02 14:10:46,104][DEBUG][m:optional_rerun_wrapper][fn:method][ln:40] - Skipping optional rerun call to 'AnyValues' because rerun usage is disabled.
[2026-08-02 14:10:46,104][DEBUG][m:optional_rerun_wrapper][fn:method][ln:40] - Skipping optional rerun call to 'log' because rerun usage is disabled.
[2026-08-02 14:10:46,104][DEBUG][m:optional_rerun_wrapper][fn:method][ln:40] - Skipping optional rerun call to 'Points3D' because rerun usage is disabled.
[2026-08-02 14:10:46,105][DEBUG][m:optional_rerun_wrapper][fn:method][ln:40] - Skipping optional rerun call to 'AnyValues' because rerun usage is disabled.
[2026-08-02 14:10:46,105][DEBUG][m:optional_rerun_wrapper][fn:method][ln:40] - Skipping optional rerun call to 'log' because rerun usage is disabled.
[2026-08-02 14:10:46,105][DEBUG][m:optional_rerun_wrapper][fn:method][ln:40] - Skipping optional rerun call to 'Boxes3D' because rerun usage is disabled.
[2026-08-02 14:10:46,105][DEBUG][m:optional_rerun_wrapper][fn:method][ln:40] - Skipping optional rerun call to 'AnyValues' because rerun usage is disabled.
[2026-08-02 14:10:46,105][DEBUG][m:optional_rerun_wrapper][fn:method][ln:40] - Skipping optional rerun call to 'log' because rerun usage is disabled.
[2026-08-02 14:10:46,105][DEBUG][m:optional_rerun_wrapper][fn:method][ln:40] - Skipping optional rerun call to 'Boxes3D' because rerun usage is disabled.
[2026-08-02 14:10:46,105][DEBUG][m:optional_rerun_wrapper][fn:method][ln:40] - Skipping optional rerun call to 'AnyValues' because rerun usage is disabled.
[2026-08-02 14:10:46,105][DEBUG][m:optional_rerun_wrapper][fn:method][ln:40] - Skipping optional rerun call to 'log' because rerun usage is disabled.
[2026-08-02 14:10:46,105][DEBUG][m:optional_rerun_wrapper][fn:method][ln:40] - Skipping optional rerun call to 'Boxes3D' because rerun usage is disabled.
[2026-08-02 14:10:46,105][DEBUG][m:optional_rerun_wrapper][fn:method][ln:40] - Skipping optional rerun call to 'AnyValues' because rerun usage is disabled.
[2026-08-02 14:10:46,105][DEBUG][m:optional_rerun_wrapper][fn:method][ln:40] - Skipping optional rerun call to 'log' because rerun usage is disabled.
[2026-08-02 14:10:46,105][DEBUG][m:optional_rerun_wrapper][fn:method][ln:40] - Skipping optional rerun call to 'Points3D' because rerun usage is disabled.
[2026-08-02 14:10:46,105][DEBUG][m:optional_rerun_wrapper][fn:method][ln:40] - Skipping optional rerun call to 'AnyValues' because rerun usage is disabled.
[2026-08-02 14:10:46,105][DEBUG][m:optional_rerun_wrapper][fn:method][ln:40] - Skipping optional rerun call to 'log' because rerun usage is disabled.
[2026-08-02 14:10:46,105][DEBUG][m:optional_rerun_wrapper][fn:method][ln:40] - Skipping optional rerun call to 'Points3D' because rerun usage is disabled.
[2026-08-02 14:10:46,105][DEBUG][m:optional_rerun_wrapper][fn:method][ln:40] - Skipping optional rerun call to 'AnyValues' because rerun usage is disabled.
[2026-08-02 14:10:46,105][DEBUG][m:optional_rerun_wrapper][fn:method][ln:40] - Skipping optional rerun call to 'log' because rerun usage is disabled.
[2026-08-02 14:10:46,105][DEBUG][m:optional_rerun_wrapper][fn:method][ln:40] - Skipping optional rerun call to 'Points3D' because rerun usage is disabled.
[2026-08-02 14:10:46,105][DEBUG][m:optional_rerun_wrapper][fn:method][ln:40] - Skipping optional rerun call to 'AnyValues' because rerun usage is disabled.
[2026-08-02 14:10:46,105][DEBUG][m:optional_rerun_wrapper][fn:method][ln:40] - Skipping optional rerun call to 'log' because rerun usage is disabled.
[2026-08-02 14:10:46,105][DEBUG][m:optional_rerun_wrapper][fn:method][ln:40] - Skipping optional rerun call to 'Boxes3D' because rerun usage is disabled.
[2026-08-02 14:10:46,105][DEBUG][m:optional_rerun_wrapper][fn:method][ln:40] - Skipping optional rerun call to 'AnyValues' because rerun usage is disabled.
[2026-08-02 14:10:46,105][DEBUG][m:optional_rerun_wrapper][fn:method][ln:40] - Skipping optional rerun call to 'log' because rerun usage is disabled.
[2026-08-02 14:10:46,105][DEBUG][m:optional_rerun_wrapper][fn:method][ln:40] - Skipping optional rerun call to 'Boxes3D' because rerun usage is disabled.
[2026-08-02 14:10:46,105][DEBUG][m:optional_rerun_wrapper][fn:method][ln:40] - Skipping optional rerun call to 'AnyValues' because rerun usage is disabled.
[2026-08-02 14:10:46,105][DEBUG][m:optional_rerun_wrapper][fn:method][ln:40] - Skipping optional rerun call to 'log' because rerun usage is disabled.
[2026-08-02 14:10:46,105][DEBUG][m:optional_rerun_wrapper][fn:method][ln:40] - Skipping optional rerun call to 'Boxes3D' because rerun usage is disabled.
[2026-08-02 14:10:46,105][DEBUG][m:optional_rerun_wrapper][fn:method][ln:40] - Skipping optional rerun call to 'AnyValues' because rerun usage is disabled.
[2026-08-02 14:10:46,105][DEBUG][m:optional_rerun_wrapper][fn:method][ln:40] - Skipping optional rerun call to 'log' because rerun usage is disabled.
[2026-08-02 14:10:46,105][DEBUG][m:optional_rerun_wrapper][fn:method][ln:40] - Skipping optional rerun call to 'Points3D' because rerun usage is disabled.
[2026-08-02 14:10:46,105][DEBUG][m:optional_rerun_wrapper][fn:method][ln:40] - Skipping optional rerun call to 'AnyValues' because rerun usage is disabled.
[2026-08-02 14:10:46,105][DEBUG][m:optional_rerun_wrapper][fn:method][ln:40] - Skipping optional rerun call to 'log' because rerun usage is disabled.
[2026-08-02 14:10:46,105][DEBUG][m:optional_rerun_wrapper][fn:method][ln:40] - Skipping optional rerun call to 'Points3D' because rerun usage is disabled.
[2026-08-02 14:10:46,106][DEBUG][m:optional_rerun_wrapper][fn:method][ln:40] - Skipping optional rerun call to 'AnyValues' because rerun usage is disabled.
[2026-08-02 14:10:46,106][DEBUG][m:optional_rerun_wrapper][fn:method][ln:40] - Skipping optional rerun call to 'log' because rerun usage is disabled.
[2026-08-02 14:10:46,106][DEBUG][m:optional_rerun_wrapper][fn:method][ln:40] - Skipping optional rerun call to 'Points3D' because rerun usage is disabled.
[2026-08-02 14:10:46,106][DEBUG][m:optional_rerun_wrapper][fn:method][ln:40] - Skipping optional rerun call to 'AnyValues' because rerun usage is disabled.
[2026-08-02 14:10:46,106][DEBUG][m:optional_rerun_wrapper][fn:method][ln:40] - Skipping optional rerun call to 'log' because rerun usage is disabled.
[2026-08-02 14:10:46,106][DEBUG][m:optional_rerun_wrapper][fn:method][ln:40] - Skipping optional rerun call to 'Boxes3D' because rerun usage is disabled.
[2026-08-02 14:10:46,106][DEBUG][m:optional_rerun_wrapper][fn:method][ln:40] - Skipping optional rerun call to 'AnyValues' because rerun usage is disabled.
[2026-08-02 14:10:46,106][DEBUG][m:optional_rerun_wrapper][fn:method][ln:40] - Skipping optional rerun call to 'log' because rerun usage is disabled.
[2026-08-02 14:10:46,106][DEBUG][m:optional_rerun_wrapper][fn:method][ln:40] - Skipping optional rerun call to 'Boxes3D' because rerun usage is disabled.
[2026-08-02 14:10:46,106][DEBUG][m:optional_rerun_wrapper][fn:method][ln:40] - Skipping optional rerun call to 'AnyValues' because rerun usage is disabled.
[2026-08-02 14:10:46,106][DEBUG][m:optional_rerun_wrapper][fn:method][ln:40] - Skipping optional rerun call to 'log' because rerun usage is disabled.
[2026-08-02 14:10:46,106][DEBUG][m:optional_rerun_wrapper][fn:method][ln:40] - Skipping optional rerun call to 'Boxes3D' because rerun usage is disabled.
[2026-08-02 14:10:46,106][DEBUG][m:optional_rerun_wrapper][fn:method][ln:40] - Skipping optional rerun call to 'AnyValues' because rerun usage is disabled.
[2026-08-02 14:10:46,106][DEBUG][m:optional_rerun_wrapper][fn:method][ln:40] - Skipping optional rerun call to 'log' because rerun usage is disabled.
[2026-08-02 14:10:46,106][DEBUG][m:optional_rerun_wrapper][fn:method][ln:40] - Skipping optional rerun call to 'Points3D' because rerun usage is disabled.
[2026-08-02 14:10:46,106][DEBUG][m:optional_rerun_wrapper][fn:method][ln:40] - Skipping optional rerun call to 'AnyValues' because rerun usage is disabled.
[2026-08-02 14:10:46,106][DEBUG][m:optional_rerun_wrapper][fn:method][ln:40] - Skipping optional rerun call to 'log' because rerun usage is disabled.
[2026-08-02 14:10:46,106][DEBUG][m:optional_rerun_wrapper][fn:method][ln:40] - Skipping optional rerun call to 'Points3D' because rerun usage is disabled.
[2026-08-02 14:10:46,106][DEBUG][m:optional_rerun_wrapper][fn:method][ln:40] - Skipping optional rerun call to 'AnyValues' because rerun usage is disabled.
[2026-08-02 14:10:46,106][DEBUG][m:optional_rerun_wrapper][fn:method][ln:40] - Skipping optional rerun call to 'log' because rerun usage is disabled.
[2026-08-02 14:10:46,106][DEBUG][m:optional_rerun_wrapper][fn:method][ln:40] - Skipping optional rerun call to 'Points3D' because rerun usage is disabled.
[2026-08-02 14:10:46,106][DEBUG][m:optional_rerun_wrapper][fn:method][ln:40] - Skipping optional rerun call to 'AnyValues' because rerun usage is disabled.
[2026-08-02 14:10:46,106][DEBUG][m:optional_rerun_wrapper][fn:method][ln:40] - Skipping optional rerun call to 'log' because rerun usage is disabled.
[2026-08-02 14:10:46,106][DEBUG][m:optional_rerun_wrapper][fn:method][ln:40] - Skipping optional rerun call to 'Boxes3D' because rerun usage is disabled.
[2026-08-02 14:10:46,106][DEBUG][m:optional_rerun_wrapper][fn:method][ln:40] - Skipping optional rerun call to 'AnyValues' because rerun usage is disabled.
[2026-08-02 14:10:46,106][DEBUG][m:optional_rerun_wrapper][fn:method][ln:40] - Skipping optional rerun call to 'log' because rerun usage is disabled.
[2026-08-02 14:10:46,106][DEBUG][m:optional_rerun_wrapper][fn:method][ln:40] - Skipping optional rerun call to 'Boxes3D' because rerun usage is disabled.
[2026-08-02 14:10:46,106][DEBUG][m:optional_rerun_wrapper][fn:method][ln:40] - Skipping optional rerun call to 'AnyValues' because rerun usage is disabled.
[2026-08-02 14:10:46,106][DEBUG][m:optional_rerun_wrapper][fn:method][ln:40] - Skipping optional rerun call to 'log' because rerun usage is disabled.
[2026-08-02 14:10:46,106][DEBUG][m:optional_rerun_wrapper][fn:method][ln:40] - Skipping optional rerun call to 'Boxes3D' because rerun usage is disabled.
[2026-08-02 14:10:46,106][DEBUG][m:optional_rerun_wrapper][fn:method][ln:40] - Skipping optional rerun call to 'AnyValues' because rerun usage is disabled.
[2026-08-02 14:10:46,106][DEBUG][m:optional_rerun_wrapper][fn:method][ln:40] - Skipping optional rerun call to 'log' because rerun usage is disabled.
[2026-08-02 14:10:46,106][DEBUG][m:optional_rerun_wrapper][fn:method][ln:40] - Skipping optional rerun call to 'Points3D' because rerun usage is disabled.
[2026-08-02 14:10:46,107][DEBUG][m:optional_rerun_wrapper][fn:method][ln:40] - Skipping optional rerun call to 'AnyValues' because rerun usage is disabled.
[2026-08-02 14:10:46,107][DEBUG][m:optional_rerun_wrapper][fn:method][ln:40] - Skipping optional rerun call to 'log' because rerun usage is disabled.
[2026-08-02 14:10:46,107][DEBUG][m:optional_rerun_wrapper][fn:method][ln:40] - Skipping optional rerun call to 'Points3D' because rerun usage is disabled.
[2026-08-02 14:10:46,107][DEBUG][m:optional_rerun_wrapper][fn:method][ln:40] - Skipping optional rerun call to 'AnyValues' because rerun usage is disabled.
[2026-08-02 14:10:46,107][DEBUG][m:optional_rerun_wrapper][fn:method][ln:40] - Skipping optional rerun call to 'log' because rerun usage is disabled.
[2026-08-02 14:10:46,107][DEBUG][m:optional_rerun_wrapper][fn:method][ln:40] - Skipping optional rerun call to 'Points3D' because rerun usage is disabled.
[2026-08-02 14:10:46,107][DEBUG][m:optional_rerun_wrapper][fn:method][ln:40] - Skipping optional rerun call to 'AnyValues' because rerun usage is disabled.
[2026-08-02 14:10:46,107][DEBUG][m:optional_rerun_wrapper][fn:method][ln:40] - Skipping optional rerun call to 'log' because rerun usage is disabled.
[2026-08-02 14:10:46,107][DEBUG][m:optional_rerun_wrapper][fn:method][ln:40] - Skipping optional rerun call to 'Boxes3D' because rerun usage is disabled.
[2026-08-02 14:10:46,107][DEBUG][m:optional_rerun_wrapper][fn:method][ln:40] - Skipping optional rerun call to 'AnyValues' because rerun usage is disabled.
[2026-08-02 14:10:46,107][DEBUG][m:optional_rerun_wrapper][fn:method][ln:40] - Skipping optional rerun call to 'log' because rerun usage is disabled.
[2026-08-02 14:10:46,107][DEBUG][m:optional_rerun_wrapper][fn:method][ln:40] - Skipping optional rerun call to 'Boxes3D' because rerun usage is disabled.
[2026-08-02 14:10:46,107][DEBUG][m:optional_rerun_wrapper][fn:method][ln:40] - Skipping optional rerun call to 'AnyValues' because rerun usage is disabled.
[2026-08-02 14:10:46,107][DEBUG][m:optional_rerun_wrapper][fn:method][ln:40] - Skipping optional rerun call to 'log' because rerun usage is disabled.
[2026-08-02 14:10:46,107][DEBUG][m:optional_rerun_wrapper][fn:method][ln:40] - Skipping optional rerun call to 'Boxes3D' because rerun usage is disabled.
[2026-08-02 14:10:46,107][DEBUG][m:optional_rerun_wrapper][fn:method][ln:40] - Skipping optional rerun call to 'AnyValues' because rerun usage is disabled.
[2026-08-02 14:10:46,107][DEBUG][m:optional_rerun_wrapper][fn:method][ln:40] - Skipping optional rerun call to 'log' because rerun usage is disabled.
[2026-08-02 14:10:46,107][DEBUG][m:optional_rerun_wrapper][fn:method][ln:40] - Skipping optional rerun call to 'Points3D' because rerun usage is disabled.
[2026-08-02 14:10:46,107][DEBUG][m:optional_rerun_wrapper][fn:method][ln:40] - Skipping optional rerun call to 'AnyValues' because rerun usage is disabled.
[2026-08-02 14:10:46,107][DEBUG][m:optional_rerun_wrapper][fn:method][ln:40] - Skipping optional rerun call to 'log' because rerun usage is disabled.
[2026-08-02 14:10:46,107][DEBUG][m:optional_rerun_wrapper][fn:method][ln:40] - Skipping optional rerun call to 'Points3D' because rerun usage is disabled.
[2026-08-02 14:10:46,107][DEBUG][m:optional_rerun_wrapper][fn:method][ln:40] - Skipping optional rerun call to 'AnyValues' because rerun usage is disabled.
[2026-08-02 14:10:46,107][DEBUG][m:optional_rerun_wrapper][fn:method][ln:40] - Skipping optional rerun call to 'log' because rerun usage is disabled.
[2026-08-02 14:10:46,107][DEBUG][m:optional_rerun_wrapper][fn:method][ln:40] - Skipping optional rerun call to 'Points3D' because rerun usage is disabled.
[2026-08-02 14:10:46,107][DEBUG][m:optional_rerun_wrapper][fn:method][ln:40] - Skipping optional rerun call to 'AnyValues' because rerun usage is disabled.
[2026-08-02 14:10:46,107][DEBUG][m:optional_rerun_wrapper][fn:method][ln:40] - Skipping optional rerun call to 'log' because rerun usage is disabled.
[2026-08-02 14:10:46,107][DEBUG][m:optional_rerun_wrapper][fn:method][ln:40] - Skipping optional rerun call to 'Boxes3D' because rerun usage is disabled.
[2026-08-02 14:10:46,107][DEBUG][m:optional_rerun_wrapper][fn:method][ln:40] - Skipping optional rerun call to 'AnyValues' because rerun usage is disabled.
[2026-08-02 14:10:46,107][DEBUG][m:optional_rerun_wrapper][fn:method][ln:40] - Skipping optional rerun call to 'log' because rerun usage is disabled.
[2026-08-02 14:10:46,107][DEBUG][m:optional_rerun_wrapper][fn:method][ln:40] - Skipping optional rerun call to 'Boxes3D' because rerun usage is disabled.
[2026-08-02 14:10:46,107][DEBUG][m:optional_rerun_wrapper][fn:method][ln:40] - Skipping optional rerun call to 'AnyValues' because rerun usage is disabled.
[2026-08-02 14:10:46,107][DEBUG][m:optional_rerun_wrapper][fn:method][ln:40] - Skipping optional rerun call to 'log' because rerun usage is disabled.
[2026-08-02 14:10:46,107][DEBUG][m:optional_rerun_wrapper][fn:method][ln:40] - Skipping optional rerun call to 'Boxes3D' because rerun usage is disabled.
[2026-08-02 14:10:46,108][DEBUG][m:optional_rerun_wrapper][fn:method][ln:40] - Skipping optional rerun call to 'AnyValues' because rerun usage is disabled.
[2026-08-02 14:10:46,108][DEBUG][m:optional_rerun_wrapper][fn:method][ln:40] - Skipping optional rerun call to 'log' because rerun usage is disabled.
[2026-08-02 14:10:46,108][DEBUG][m:optional_rerun_wrapper][fn:method][ln:40] - Skipping optional rerun call to 'Points3D' because rerun usage is disabled.
[2026-08-02 14:10:46,108][DEBUG][m:optional_rerun_wrapper][fn:method][ln:40] - Skipping optional rerun call to 'AnyValues' because rerun usage is disabled.
[2026-08-02 14:10:46,108][DEBUG][m:optional_rerun_wrapper][fn:method][ln:40] - Skipping optional rerun call to 'log' because rerun usage is disabled.
[2026-08-02 14:10:46,108][DEBUG][m:optional_rerun_wrapper][fn:method][ln:40] - Skipping optional rerun call to 'Points3D' because rerun usage is disabled.
[2026-08-02 14:10:46,108][DEBUG][m:optional_rerun_wrapper][fn:method][ln:40] - Skipping optional rerun call to 'AnyValues' because rerun usage is disabled.
[2026-08-02 14:10:46,108][DEBUG][m:optional_rerun_wrapper][fn:method][ln:40] - Skipping optional rerun call to 'log' because rerun usage is disabled.
[2026-08-02 14:10:46,108][DEBUG][m:optional_rerun_wrapper][fn:method][ln:40] - Skipping optional rerun call to 'Points3D' because rerun usage is disabled.
[2026-08-02 14:10:46,108][DEBUG][m:optional_rerun_wrapper][fn:method][ln:40] - Skipping optional rerun call to 'AnyValues' because rerun usage is disabled.
[2026-08-02 14:10:46,108][DEBUG][m:optional_rerun_wrapper][fn:method][ln:40] - Skipping optional rerun call to 'log' because rerun usage is disabled.
[2026-08-02 14:10:46,108][DEBUG][m:optional_rerun_wrapper][fn:method][ln:40] - Skipping optional rerun call to 'Boxes3D' because rerun usage is disabled.
[2026-08-02 14:10:46,108][DEBUG][m:optional_rerun_wrapper][fn:method][ln:40] - Skipping optional rerun call to 'AnyValues' because rerun usage is disabled.
[2026-08-02 14:10:46,108][DEBUG][m:optional_rerun_wrapper][fn:method][ln:40] - Skipping optional rerun call to 'log' because rerun usage is disabled.
[2026-08-02 14:10:46,108][DEBUG][m:optional_rerun_wrapper][fn:method][ln:40] - Skipping optional rerun call to 'Boxes3D' because rerun usage is disabled.
[2026-08-02 14:10:46,108][DEBUG][m:optional_rerun_wrapper][fn:method][ln:40] - Skipping optional rerun call to 'AnyValues' because rerun usage is disabled.
[2026-08-02 14:10:46,108][DEBUG][m:optional_rerun_wrapper][fn:method][ln:40] - Skipping optional rerun call to 'log' because rerun usage is disabled.
[2026-08-02 14:10:46,108][DEBUG][m:optional_rerun_wrapper][fn:method][ln:40] - Skipping optional rerun call to 'Boxes3D' because rerun usage is disabled.
[2026-08-02 14:10:46,108][DEBUG][m:optional_rerun_wrapper][fn:method][ln:40] - Skipping optional rerun call to 'AnyValues' because rerun usage is disabled.
[2026-08-02 14:10:46,108][DEBUG][m:optional_rerun_wrapper][fn:method][ln:40] - Skipping optional rerun call to 'log' because rerun usage is disabled.
[2026-08-02 14:10:46,108][DEBUG][m:optional_rerun_wrapper][fn:method][ln:40] - Skipping optional rerun call to 'Points3D' because rerun usage is disabled.
[2026-08-02 14:10:46,108][DEBUG][m:optional_rerun_wrapper][fn:method][ln:40] - Skipping optional rerun call to 'AnyValues' because rerun usage is disabled.
[2026-08-02 14:10:46,108][DEBUG][m:optional_rerun_wrapper][fn:method][ln:40] - Skipping optional rerun call to 'log' because rerun usage is disabled.
[2026-08-02 14:10:46,108][DEBUG][m:optional_rerun_wrapper][fn:method][ln:40] - Skipping optional rerun call to 'Points3D' because rerun usage is disabled.
[2026-08-02 14:10:46,108][DEBUG][m:optional_rerun_wrapper][fn:method][ln:40] - Skipping optional rerun call to 'AnyValues' because rerun usage is disabled.
[2026-08-02 14:10:46,108][DEBUG][m:optional_rerun_wrapper][fn:method][ln:40] - Skipping optional rerun call to 'log' because rerun usage is disabled.
[2026-08-02 14:10:46,108][DEBUG][m:optional_rerun_wrapper][fn:method][ln:40] - Skipping optional rerun call to 'Points3D' because rerun usage is disabled.
[2026-08-02 14:10:46,108][DEBUG][m:optional_rerun_wrapper][fn:method][ln:40] - Skipping optional rerun call to 'AnyValues' because rerun usage is disabled.
[2026-08-02 14:10:46,108][DEBUG][m:optional_rerun_wrapper][fn:method][ln:40] - Skipping optional rerun call to 'log' because rerun usage is disabled.
[2026-08-02 14:10:46,108][DEBUG][m:optional_rerun_wrapper][fn:method][ln:40] - Skipping optional rerun call to 'Boxes3D' because rerun usage is disabled.
[2026-08-02 14:10:46,108][DEBUG][m:optional_rerun_wrapper][fn:method][ln:40] - Skipping optional rerun call to 'AnyValues' because rerun usage is disabled.
[2026-08-02 14:10:46,108][DEBUG][m:optional_rerun_wrapper][fn:method][ln:40] - Skipping optional rerun call to 'log' because rerun usage is disabled.
[2026-08-02 14:10:46,108][DEBUG][m:optional_rerun_wrapper][fn:method][ln:40] - Skipping optional rerun call to 'Boxes3D' because rerun usage is disabled.
[2026-08-02 14:10:46,109][DEBUG][m:optional_rerun_wrapper][fn:method][ln:40] - Skipping optional rerun call to 'AnyValues' because rerun usage is disabled.
[2026-08-02 14:10:46,109][DEBUG][m:optional_rerun_wrapper][fn:method][ln:40] - Skipping optional rerun call to 'log' because rerun usage is disabled.
[2026-08-02 14:10:46,109][DEBUG][m:optional_rerun_wrapper][fn:method][ln:40] - Skipping optional rerun call to 'Boxes3D' because rerun usage is disabled.
[2026-08-02 14:10:46,109][DEBUG][m:optional_rerun_wrapper][fn:method][ln:40] - Skipping optional rerun call to 'AnyValues' because rerun usage is disabled.
[2026-08-02 14:10:46,109][DEBUG][m:optional_rerun_wrapper][fn:method][ln:40] - Skipping optional rerun call to 'log' because rerun usage is disabled.
[2026-08-02 14:10:46,109][DEBUG][m:optional_rerun_wrapper][fn:method][ln:40] - Skipping optional rerun call to 'Points3D' because rerun usage is disabled.
[2026-08-02 14:10:46,109][DEBUG][m:optional_rerun_wrapper][fn:method][ln:40] - Skipping optional rerun call to 'AnyValues' because rerun usage is disabled.
[2026-08-02 14:10:46,109][DEBUG][m:optional_rerun_wrapper][fn:method][ln:40] - Skipping optional rerun call to 'log' because rerun usage is disabled.
[2026-08-02 14:10:46,109][DEBUG][m:optional_rerun_wrapper][fn:method][ln:40] - Skipping optional rerun call to 'Points3D' because rerun usage is disabled.
[2026-08-02 14:10:46,109][DEBUG][m:optional_rerun_wrapper][fn:method][ln:40] - Skipping optional rerun call to 'AnyValues' because rerun usage is disabled.
[2026-08-02 14:10:46,109][DEBUG][m:optional_rerun_wrapper][fn:method][ln:40] - Skipping optional rerun call to 'log' because rerun usage is disabled.
[2026-08-02 14:10:46,109][DEBUG][m:optional_rerun_wrapper][fn:method][ln:40] - Skipping optional rerun call to 'Points3D' because rerun usage is disabled.
[2026-08-02 14:10:46,109][DEBUG][m:optional_rerun_wrapper][fn:method][ln:40] - Skipping optional rerun call to 'AnyValues' because rerun usage is disabled.
[2026-08-02 14:10:46,109][DEBUG][m:optional_rerun_wrapper][fn:method][ln:40] - Skipping optional rerun call to 'log' because rerun usage is disabled.
[2026-08-02 14:10:46,109][DEBUG][m:optional_rerun_wrapper][fn:method][ln:40] - Skipping optional rerun call to 'Boxes3D' because rerun usage is disabled.
[2026-08-02 14:10:46,109][DEBUG][m:optional_rerun_wrapper][fn:method][ln:40] - Skipping optional rerun call to 'AnyValues' because rerun usage is disabled.
[2026-08-02 14:10:46,109][DEBUG][m:optional_rerun_wrapper][fn:method][ln:40] - Skipping optional rerun call to 'log' because rerun usage is disabled.
[2026-08-02 14:10:46,109][DEBUG][m:optional_rerun_wrapper][fn:method][ln:40] - Skipping optional rerun call to 'Boxes3D' because rerun usage is disabled.
[2026-08-02 14:10:46,109][DEBUG][m:optional_rerun_wrapper][fn:method][ln:40] - Skipping optional rerun call to 'AnyValues' because rerun usage is disabled.
[2026-08-02 14:10:46,109][DEBUG][m:optional_rerun_wrapper][fn:method][ln:40] - Skipping optional rerun call to 'log' because rerun usage is disabled.
[2026-08-02 14:10:46,109][DEBUG][m:optional_rerun_wrapper][fn:method][ln:40] - Skipping optional rerun call to 'Boxes3D' because rerun usage is disabled.
[2026-08-02 14:10:46,109][DEBUG][m:optional_rerun_wrapper][fn:method][ln:40] - Skipping optional rerun call to 'AnyValues' because rerun usage is disabled.
[2026-08-02 14:10:46,109][DEBUG][m:optional_rerun_wrapper][fn:method][ln:40] - Skipping optional rerun call to 'log' because rerun usage is disabled.
[2026-08-02 14:10:46,109][DEBUG][m:optional_rerun_wrapper][fn:method][ln:40] - Skipping optional rerun call to 'Points3D' because rerun usage is disabled.
[2026-08-02 14:10:46,109][DEBUG][m:optional_rerun_wrapper][fn:method][ln:40] - Skipping optional rerun call to 'AnyValues' because rerun usage is disabled.
[2026-08-02 14:10:46,109][DEBUG][m:optional_rerun_wrapper][fn:method][ln:40] - Skipping optional rerun call to 'log' because rerun usage is disabled.
[2026-08-02 14:10:46,109][DEBUG][m:optional_rerun_wrapper][fn:method][ln:40] - Skipping optional rerun call to 'Points3D' because rerun usage is disabled.
[2026-08-02 14:10:46,109][DEBUG][m:optional_rerun_wrapper][fn:method][ln:40] - Skipping optional rerun call to 'AnyValues' because rerun usage is disabled.
[2026-08-02 14:10:46,109][DEBUG][m:optional_rerun_wrapper][fn:method][ln:40] - Skipping optional rerun call to 'log' because rerun usage is disabled.
[2026-08-02 14:10:46,109][DEBUG][m:optional_rerun_wrapper][fn:method][ln:40] - Skipping optional rerun call to 'Points3D' because rerun usage is disabled.
[2026-08-02 14:10:46,109][DEBUG][m:optional_rerun_wrapper][fn:method][ln:40] - Skipping optional rerun call to 'AnyValues' because rerun usage is disabled.
[2026-08-02 14:10:46,109][DEBUG][m:optional_rerun_wrapper][fn:method][ln:40] - Skipping optional rerun call to 'log' because rerun usage is disabled.
[2026-08-02 14:10:46,109][DEBUG][m:optional_rerun_wrapper][fn:method][ln:40] - Skipping optional rerun call to 'Boxes3D' because rerun usage is disabled.
[2026-08-02 14:10:46,109][DEBUG][m:optional_rerun_wrapper][fn:method][ln:40] - Skipping optional rerun call to 'AnyValues' because rerun usage is disabled.
[2026-08-02 14:10:46,110][DEBUG][m:optional_rerun_wrapper][fn:method][ln:40] - Skipping optional rerun call to 'log' because rerun usage is disabled.
[2026-08-02 14:10:46,110][DEBUG][m:optional_rerun_wrapper][fn:method][ln:40] - Skipping optional rerun call to 'Boxes3D' because rerun usage is disabled.
[2026-08-02 14:10:46,110][DEBUG][m:optional_rerun_wrapper][fn:method][ln:40] - Skipping optional rerun call to 'AnyValues' because rerun usage is disabled.
[2026-08-02 14:10:46,110][DEBUG][m:optional_rerun_wrapper][fn:method][ln:40] - Skipping optional rerun call to 'log' because rerun usage is disabled.
[2026-08-02 14:10:46,110][DEBUG][m:optional_rerun_wrapper][fn:method][ln:40] - Skipping optional rerun call to 'Boxes3D' because rerun usage is disabled.
[2026-08-02 14:10:46,110][DEBUG][m:optional_rerun_wrapper][fn:method][ln:40] - Skipping optional rerun call to 'AnyValues' because rerun usage is disabled.
[2026-08-02 14:10:46,110][DEBUG][m:optional_rerun_wrapper][fn:method][ln:40] - Skipping optional rerun call to 'log' because rerun usage is disabled.
[2026-08-02 14:10:46,110][DEBUG][m:optional_rerun_wrapper][fn:method][ln:40] - Skipping optional rerun call to 'Points3D' because rerun usage is disabled.
[2026-08-02 14:10:46,110][DEBUG][m:optional_rerun_wrapper][fn:method][ln:40] - Skipping optional rerun call to 'AnyValues' because rerun usage is disabled.
[2026-08-02 14:10:46,110][DEBUG][m:optional_rerun_wrapper][fn:method][ln:40] - Skipping optional rerun call to 'log' because rerun usage is disabled.
[2026-08-02 14:10:46,110][DEBUG][m:optional_rerun_wrapper][fn:method][ln:40] - Skipping optional rerun call to 'Points3D' because rerun usage is disabled.
[2026-08-02 14:10:46,110][DEBUG][m:optional_rerun_wrapper][fn:method][ln:40] - Skipping optional rerun call to 'AnyValues' because rerun usage is disabled.
[2026-08-02 14:10:46,110][DEBUG][m:optional_rerun_wrapper][fn:method][ln:40] - Skipping optional rerun call to 'log' because rerun usage is disabled.
[2026-08-02 14:10:46,110][DEBUG][m:optional_rerun_wrapper][fn:method][ln:40] - Skipping optional rerun call to 'Points3D' because rerun usage is disabled.
[2026-08-02 14:10:46,110][DEBUG][m:optional_rerun_wrapper][fn:method][ln:40] - Skipping optional rerun call to 'AnyValues' because rerun usage is disabled.
[2026-08-02 14:10:46,110][DEBUG][m:optional_rerun_wrapper][fn:method][ln:40] - Skipping optional rerun call to 'log' because rerun usage is disabled.
[2026-08-02 14:10:46,110][DEBUG][m:optional_rerun_wrapper][fn:method][ln:40] - Skipping optional rerun call to 'Boxes3D' because rerun usage is disabled.
[2026-08-02 14:10:46,110][DEBUG][m:optional_rerun_wrapper][fn:method][ln:40] - Skipping optional rerun call to 'AnyValues' because rerun usage is disabled.
[2026-08-02 14:10:46,110][DEBUG][m:optional_rerun_wrapper][fn:method][ln:40] - Skipping optional rerun call to 'log' because rerun usage is disabled.
[2026-08-02 14:10:46,110][DEBUG][m:optional_rerun_wrapper][fn:method][ln:40] - Skipping optional rerun call to 'Boxes3D' because rerun usage is disabled.
[2026-08-02 14:10:46,110][DEBUG][m:optional_rerun_wrapper][fn:method][ln:40] - Skipping optional rerun call to 'AnyValues' because rerun usage is disabled.
[2026-08-02 14:10:46,110][DEBUG][m:optional_rerun_wrapper][fn:method][ln:40] - Skipping optional rerun call to 'log' because rerun usage is disabled.
[2026-08-02 14:10:46,110][DEBUG][m:optional_rerun_wrapper][fn:method][ln:40] - Skipping optional rerun call to 'Boxes3D' because rerun usage is disabled.
[2026-08-02 14:10:46,110][DEBUG][m:optional_rerun_wrapper][fn:method][ln:40] - Skipping optional rerun call to 'AnyValues' because rerun usage is disabled.
[2026-08-02 14:10:46,110][DEBUG][m:optional_rerun_wrapper][fn:method][ln:40] - Skipping optional rerun call to 'log' because rerun usage is disabled.
[2026-08-02 14:10:46,110][DEBUG][m:optional_rerun_wrapper][fn:method][ln:40] - Skipping optional rerun call to 'Points3D' because rerun usage is disabled.
[2026-08-02 14:10:46,110][DEBUG][m:optional_rerun_wrapper][fn:method][ln:40] - Skipping optional rerun call to 'AnyValues' because rerun usage is disabled.
[2026-08-02 14:10:46,110][DEBUG][m:optional_rerun_wrapper][fn:method][ln:40] - Skipping optional rerun call to 'log' because rerun usage is disabled.
[2026-08-02 14:10:46,110][DEBUG][m:optional_rerun_wrapper][fn:method][ln:40] - Skipping optional rerun call to 'Points3D' because rerun usage is disabled.
[2026-08-02 14:10:46,110][DEBUG][m:optional_rerun_wrapper][fn:method][ln:40] - Skipping optional rerun call to 'AnyValues' because rerun usage is disabled.
[2026-08-02 14:10:46,110][DEBUG][m:optional_rerun_wrapper][fn:method][ln:40] - Skipping optional rerun call to 'log' because rerun usage is disabled.
[2026-08-02 14:10:46,110][DEBUG][m:optional_rerun_wrapper][fn:method][ln:40] - Skipping optional rerun call to 'Points3D' because rerun usage is disabled.
[2026-08-02 14:10:46,110][DEBUG][m:optional_rerun_wrapper][fn:method][ln:40] - Skipping optional rerun call to 'AnyValues' because rerun usage is disabled.
[2026-08-02 14:10:46,110][DEBUG][m:optional_rerun_wrapper][fn:method][ln:40] - Skipping optional rerun call to 'log' because rerun usage is disabled.
[2026-08-02 14:10:46,111][DEBUG][m:optional_rerun_wrapper][fn:method][ln:40] - Skipping optional rerun call to 'Boxes3D' because rerun usage is disabled.
[2026-08-02 14:10:46,111][DEBUG][m:optional_rerun_wrapper][fn:method][ln:40] - Skipping optional rerun call to 'AnyValues' because rerun usage is disabled.
[2026-08-02 14:10:46,111][DEBUG][m:optional_rerun_wrapper][fn:method][ln:40] - Skipping optional rerun call to 'log' because rerun usage is disabled.
[2026-08-02 14:10:46,111][DEBUG][m:optional_rerun_wrapper][fn:method][ln:40] - Skipping optional rerun call to 'Boxes3D' because rerun usage is disabled.
[2026-08-02 14:10:46,111][DEBUG][m:optional_rerun_wrapper][fn:method][ln:40] - Skipping optional rerun call to 'AnyValues' because rerun usage is disabled.
[2026-08-02 14:10:46,111][DEBUG][m:optional_rerun_wrapper][fn:method][ln:40] - Skipping optional rerun call to 'log' because rerun usage is disabled.
[2026-08-02 14:10:46,111][DEBUG][m:optional_rerun_wrapper][fn:method][ln:40] - Skipping optional rerun call to 'Boxes3D' because rerun usage is disabled.
[2026-08-02 14:10:46,111][DEBUG][m:optional_rerun_wrapper][fn:method][ln:40] - Skipping optional rerun call to 'AnyValues' because rerun usage is disabled.
[2026-08-02 14:10:46,111][DEBUG][m:optional_rerun_wrapper][fn:method][ln:40] - Skipping optional rerun call to 'log' because rerun usage is disabled.
[2026-08-02 14:10:46,111][DEBUG][m:optional_rerun_wrapper][fn:method][ln:40] - Skipping optional rerun call to 'Points3D' because rerun usage is disabled.
[2026-08-02 14:10:46,111][DEBUG][m:optional_rerun_wrapper][fn:method][ln:40] - Skipping optional rerun call to 'AnyValues' because rerun usage is disabled.
[2026-08-02 14:10:46,111][DEBUG][m:optional_rerun_wrapper][fn:method][ln:40] - Skipping optional rerun call to 'log' because rerun usage is disabled.
[2026-08-02 14:10:46,111][DEBUG][m:optional_rerun_wrapper][fn:method][ln:40] - Skipping optional rerun call to 'Points3D' because rerun usage is disabled.
[2026-08-02 14:10:46,111][DEBUG][m:optional_rerun_wrapper][fn:method][ln:40] - Skipping optional rerun call to 'AnyValues' because rerun usage is disabled.
[2026-08-02 14:10:46,111][DEBUG][m:optional_rerun_wrapper][fn:method][ln:40] - Skipping optional rerun call to 'log' because rerun usage is disabled.
[2026-08-02 14:10:46,111][DEBUG][m:optional_rerun_wrapper][fn:method][ln:40] - Skipping optional rerun call to 'Points3D' because rerun usage is disabled.
[2026-08-02 14:10:46,111][DEBUG][m:optional_rerun_wrapper][fn:method][ln:40] - Skipping optional rerun call to 'AnyValues' because rerun usage is disabled.
[2026-08-02 14:10:46,111][DEBUG][m:optional_rerun_wrapper][fn:method][ln:40] - Skipping optional rerun call to 'log' because rerun usage is disabled.
[2026-08-02 14:10:46,111][DEBUG][m:optional_rerun_wrapper][fn:method][ln:40] - Skipping optional rerun call to 'Boxes3D' because rerun usage is disabled.
[2026-08-02 14:10:46,111][DEBUG][m:optional_rerun_wrapper][fn:method][ln:40] - Skipping optional rerun call to 'AnyValues' because rerun usage is disabled.
[2026-08-02 14:10:46,111][DEBUG][m:optional_rerun_wrapper][fn:method][ln:40] - Skipping optional rerun call to 'log' because rerun usage is disabled.
[2026-08-02 14:10:46,111][DEBUG][m:optional_rerun_wrapper][fn:method][ln:40] - Skipping optional rerun call to 'Boxes3D' because rerun usage is disabled.
[2026-08-02 14:10:46,111][DEBUG][m:optional_rerun_wrapper][fn:method][ln:40] - Skipping optional rerun call to 'AnyValues' because rerun usage is disabled.
[2026-08-02 14:10:46,111][DEBUG][m:optional_rerun_wrapper][fn:method][ln:40] - Skipping optional rerun call to 'log' because rerun usage is disabled.
[2026-08-02 14:10:46,111][DEBUG][m:optional_rerun_wrapper][fn:method][ln:40] - Skipping optional rerun call to 'Boxes3D' because rerun usage is disabled.
[2026-08-02 14:10:46,111][DEBUG][m:optional_rerun_wrapper][fn:method][ln:40] - Skipping optional rerun call to 'AnyValues' because rerun usage is disabled.
[2026-08-02 14:10:46,111][DEBUG][m:optional_rerun_wrapper][fn:method][ln:40] - Skipping optional rerun call to 'log' because rerun usage is disabled.
[2026-08-02 14:10:46,111][DEBUG][m:optional_rerun_wrapper][fn:method][ln:40] - Skipping optional rerun call to 'Points3D' because rerun usage is disabled.
[2026-08-02 14:10:46,111][DEBUG][m:optional_rerun_wrapper][fn:method][ln:40] - Skipping optional rerun call to 'AnyValues' because rerun usage is disabled.
[2026-08-02 14:10:46,111][DEBUG][m:optional_rerun_wrapper][fn:method][ln:40] - Skipping optional rerun call to 'log' because rerun usage is disabled.
[2026-08-02 14:10:46,111][DEBUG][m:optional_rerun_wrapper][fn:method][ln:40] - Skipping optional rerun call to 'Points3D' because rerun usage is disabled.
[2026-08-02 14:10:46,111][DEBUG][m:optional_rerun_wrapper][fn:method][ln:40] - Skipping optional rerun call to 'AnyValues' because rerun usage is disabled.
[2026-08-02 14:10:46,111][DEBUG][m:optional_rerun_wrapper][fn:method][ln:40] - Skipping optional rerun call to 'log' because rerun usage is disabled.
[2026-08-02 14:10:46,112][DEBUG][m:optional_rerun_wrapper][fn:method][ln:40] - Skipping optional rerun call to 'Points3D' because rerun usage is disabled.
[2026-08-02 14:10:46,112][DEBUG][m:optional_rerun_wrapper][fn:method][ln:40] - Skipping optional rerun call to 'AnyValues' because rerun usage is disabled.
[2026-08-02 14:10:46,112][DEBUG][m:optional_rerun_wrapper][fn:method][ln:40] - Skipping optional rerun call to 'log' because rerun usage is disabled.
[2026-08-02 14:10:46,112][DEBUG][m:optional_rerun_wrapper][fn:method][ln:40] - Skipping optional rerun call to 'Boxes3D' because rerun usage is disabled.
[2026-08-02 14:10:46,112][DEBUG][m:optional_rerun_wrapper][fn:method][ln:40] - Skipping optional rerun call to 'AnyValues' because rerun usage is disabled.
[2026-08-02 14:10:46,112][DEBUG][m:optional_rerun_wrapper][fn:method][ln:40] - Skipping optional rerun call to 'log' because rerun usage is disabled.
[2026-08-02 14:10:46,112][DEBUG][m:optional_rerun_wrapper][fn:method][ln:40] - Skipping optional rerun call to 'Boxes3D' because rerun usage is disabled.
[2026-08-02 14:10:46,112][DEBUG][m:optional_rerun_wrapper][fn:method][ln:40] - Skipping optional rerun call to 'AnyValues' because rerun usage is disabled.
[2026-08-02 14:10:46,112][DEBUG][m:optional_rerun_wrapper][fn:method][ln:40] - Skipping optional rerun call to 'log' because rerun usage is disabled.
[2026-08-02 14:10:46,112][DEBUG][m:optional_rerun_wrapper][fn:method][ln:40] - Skipping optional rerun call to 'Boxes3D' because rerun usage is disabled.
[2026-08-02 14:10:46,112][DEBUG][m:optional_rerun_wrapper][fn:method][ln:40] - Skipping optional rerun call to 'AnyValues' because rerun usage is disabled.
[2026-08-02 14:10:46,112][DEBUG][m:optional_rerun_wrapper][fn:method][ln:40] - Skipping optional rerun call to 'log' because rerun usage is disabled.
[2026-08-02 14:10:46,112][DEBUG][m:optional_rerun_wrapper][fn:method][ln:40] - Skipping optional rerun call to 'Points3D' because rerun usage is disabled.
[2026-08-02 14:10:46,112][DEBUG][m:optional_rerun_wrapper][fn:method][ln:40] - Skipping optional rerun call to 'AnyValues' because rerun usage is disabled.
[2026-08-02 14:10:46,112][DEBUG][m:optional_rerun_wrapper][fn:method][ln:40] - Skipping optional rerun call to 'log' because rerun usage is disabled.
[2026-08-02 14:10:46,112][DEBUG][m:optional_rerun_wrapper][fn:method][ln:40] - Skipping optional rerun call to 'Points3D' because rerun usage is disabled.
[2026-08-02 14:10:46,112][DEBUG][m:optional_rerun_wrapper][fn:method][ln:40] - Skipping optional rerun call to 'AnyValues' because rerun usage is disabled.
[2026-08-02 14:10:46,112][DEBUG][m:optional_rerun_wrapper][fn:method][ln:40] - Skipping optional rerun call to 'log' because rerun usage is disabled.
[2026-08-02 14:10:46,112][DEBUG][m:optional_rerun_wrapper][fn:method][ln:40] - Skipping optional rerun call to 'Points3D' because rerun usage is disabled.
[2026-08-02 14:10:46,112][DEBUG][m:optional_rerun_wrapper][fn:method][ln:40] - Skipping optional rerun call to 'AnyValues' because rerun usage is disabled.
[2026-08-02 14:10:46,112][DEBUG][m:optional_rerun_wrapper][fn:method][ln:40] - Skipping optional rerun call to 'log' because rerun usage is disabled.
[2026-08-02 14:10:46,112][DEBUG][m:optional_rerun_wrapper][fn:method][ln:40] - Skipping optional rerun call to 'Boxes3D' because rerun usage is disabled.
[2026-08-02 14:10:46,112][DEBUG][m:optional_rerun_wrapper][fn:method][ln:40] - Skipping optional rerun call to 'AnyValues' because rerun usage is disabled.
[2026-08-02 14:10:46,112][DEBUG][m:optional_rerun_wrapper][fn:method][ln:40] - Skipping optional rerun call to 'log' because rerun usage is disabled.
[2026-08-02 14:10:46,112][DEBUG][m:optional_rerun_wrapper][fn:method][ln:40] - Skipping optional rerun call to 'Boxes3D' because rerun usage is disabled.
[2026-08-02 14:10:46,112][DEBUG][m:optional_rerun_wrapper][fn:method][ln:40] - Skipping optional rerun call to 'AnyValues' because rerun usage is disabled.
[2026-08-02 14:10:46,112][DEBUG][m:optional_rerun_wrapper][fn:method][ln:40] - Skipping optional rerun call to 'log' because rerun usage is disabled.
[2026-08-02 14:10:46,112][DEBUG][m:optional_rerun_wrapper][fn:method][ln:40] - Skipping optional rerun call to 'Boxes3D' because rerun usage is disabled.
[2026-08-02 14:10:46,112][DEBUG][m:optional_rerun_wrapper][fn:method][ln:40] - Skipping optional rerun call to 'AnyValues' because rerun usage is disabled.
[2026-08-02 14:10:46,112][DEBUG][m:optional_rerun_wrapper][fn:method][ln:40] - Skipping optional rerun call to 'log' because rerun usage is disabled.
[2026-08-02 14:10:46,112][DEBUG][m:optional_rerun_wrapper][fn:method][ln:40] - Skipping optional rerun call to 'Points3D' because rerun usage is disabled.
[2026-08-02 14:10:46,112][DEBUG][m:optional_rerun_wrapper][fn:method][ln:40] - Skipping optional rerun call to 'AnyValues' because rerun usage is disabled.
[2026-08-02 14:10:46,112][DEBUG][m:optional_rerun_wrapper][fn:method][ln:40] - Skipping optional rerun call to 'log' because rerun usage is disabled.
[2026-08-02 14:10:46,113][DEBUG][m:optional_rerun_wrapper][fn:method][ln:40] - Skipping optional rerun call to 'Points3D' because rerun usage is disabled.
[2026-08-02 14:10:46,113][DEBUG][m:optional_rerun_wrapper][fn:method][ln:40] - Skipping optional rerun call to 'AnyValues' because rerun usage is disabled.
[2026-08-02 14:10:46,113][DEBUG][m:optional_rerun_wrapper][fn:method][ln:40] - Skipping optional rerun call to 'log' because rerun usage is disabled.
[2026-08-02 14:10:46,113][DEBUG][m:optional_rerun_wrapper][fn:method][ln:40] - Skipping optional rerun call to 'Points3D' because rerun usage is disabled.
[2026-08-02 14:10:46,113][DEBUG][m:optional_rerun_wrapper][fn:method][ln:40] - Skipping optional rerun call to 'AnyValues' because rerun usage is disabled.
[2026-08-02 14:10:46,113][DEBUG][m:optional_rerun_wrapper][fn:method][ln:40] - Skipping optional rerun call to 'log' because rerun usage is disabled.
[2026-08-02 14:10:46,113][DEBUG][m:optional_rerun_wrapper][fn:method][ln:40] - Skipping optional rerun call to 'Boxes3D' because rerun usage is disabled.
[2026-08-02 14:10:46,113][DEBUG][m:optional_rerun_wrapper][fn:method][ln:40] - Skipping optional rerun call to 'AnyValues' because rerun usage is disabled.
[2026-08-02 14:10:46,113][DEBUG][m:optional_rerun_wrapper][fn:method][ln:40] - Skipping optional rerun call to 'log' because rerun usage is disabled.
[2026-08-02 14:10:46,113][DEBUG][m:optional_rerun_wrapper][fn:method][ln:40] - Skipping optional rerun call to 'Boxes3D' because rerun usage is disabled.
[2026-08-02 14:10:46,113][DEBUG][m:optional_rerun_wrapper][fn:method][ln:40] - Skipping optional rerun call to 'AnyValues' because rerun usage is disabled.
[2026-08-02 14:10:46,113][DEBUG][m:optional_rerun_wrapper][fn:method][ln:40] - Skipping optional rerun call to 'log' because rerun usage is disabled.
[2026-08-02 14:10:46,113][DEBUG][m:optional_rerun_wrapper][fn:method][ln:40] - Skipping optional rerun call to 'Boxes3D' because rerun usage is disabled.
[2026-08-02 14:10:46,113][DEBUG][m:optional_rerun_wrapper][fn:method][ln:40] - Skipping optional rerun call to 'AnyValues' because rerun usage is disabled.
[2026-08-02 14:10:46,113][DEBUG][m:optional_rerun_wrapper][fn:method][ln:40] - Skipping optional rerun call to 'log' because rerun usage is disabled.
[2026-08-02 14:10:46,113][DEBUG][m:optional_rerun_wrapper][fn:method][ln:40] - Skipping optional rerun call to 'Points3D' because rerun usage is disabled.
[2026-08-02 14:10:46,113][DEBUG][m:optional_rerun_wrapper][fn:method][ln:40] - Skipping optional rerun call to 'AnyValues' because rerun usage is disabled.
[2026-08-02 14:10:46,113][DEBUG][m:optional_rerun_wrapper][fn:method][ln:40] - Skipping optional rerun call to 'log' because rerun usage is disabled.
[2026-08-02 14:10:46,113][DEBUG][m:optional_rerun_wrapper][fn:method][ln:40] - Skipping optional rerun call to 'Points3D' because rerun usage is disabled.
[2026-08-02 14:10:46,113][DEBUG][m:optional_rerun_wrapper][fn:method][ln:40] - Skipping optional rerun call to 'AnyValues' because rerun usage is disabled.
[2026-08-02 14:10:46,113][DEBUG][m:optional_rerun_wrapper][fn:method][ln:40] - Skipping optional rerun call to 'log' because rerun usage is disabled.
[2026-08-02 14:10:46,113][DEBUG][m:optional_rerun_wrapper][fn:method][ln:40] - Skipping optional rerun call to 'Points3D' because rerun usage is disabled.
[2026-08-02 14:10:46,113][DEBUG][m:optional_rerun_wrapper][fn:method][ln:40] - Skipping optional rerun call to 'AnyValues' because rerun usage is disabled.
[2026-08-02 14:10:46,113][DEBUG][m:optional_rerun_wrapper][fn:method][ln:40] - Skipping optional rerun call to 'log' because rerun usage is disabled.
[2026-08-02 14:10:46,113][DEBUG][m:optional_rerun_wrapper][fn:method][ln:40] - Skipping optional rerun call to 'Boxes3D' because rerun usage is disabled.
[2026-08-02 14:10:46,113][DEBUG][m:optional_rerun_wrapper][fn:method][ln:40] - Skipping optional rerun call to 'AnyValues' because rerun usage is disabled.
[2026-08-02 14:10:46,113][DEBUG][m:optional_rerun_wrapper][fn:method][ln:40] - Skipping optional rerun call to 'log' because rerun usage is disabled.
[2026-08-02 14:10:46,113][DEBUG][m:optional_rerun_wrapper][fn:method][ln:40] - Skipping optional rerun call to 'Boxes3D' because rerun usage is disabled.
[2026-08-02 14:10:46,113][DEBUG][m:optional_rerun_wrapper][fn:method][ln:40] - Skipping optional rerun call to 'AnyValues' because rerun usage is disabled.
[2026-08-02 14:10:46,113][DEBUG][m:optional_rerun_wrapper][fn:method][ln:40] - Skipping optional rerun call to 'log' because rerun usage is disabled.
[2026-08-02 14:10:46,113][DEBUG][m:optional_rerun_wrapper][fn:method][ln:40] - Skipping optional rerun call to 'Boxes3D' because rerun usage is disabled.
[2026-08-02 14:10:46,113][DEBUG][m:optional_rerun_wrapper][fn:method][ln:40] - Skipping optional rerun call to 'AnyValues' because rerun usage is disabled.
[2026-08-02 14:10:46,113][DEBUG][m:optional_rerun_wrapper][fn:method][ln:40] - Skipping optional rerun call to 'log' because rerun usage is disabled.
[2026-08-02 14:10:46,113][DEBUG][m:optional_rerun_wrapper][fn:method][ln:40] - Skipping optional rerun call to 'Points3D' because rerun usage is disabled.
[2026-08-02 14:10:46,114][DEBUG][m:optional_rerun_wrapper][fn:method][ln:40] - Skipping optional rerun call to 'AnyValues' because rerun usage is disabled.
[2026-08-02 14:10:46,114][DEBUG][m:optional_rerun_wrapper][fn:method][ln:40] - Skipping optional rerun call to 'log' because rerun usage is disabled.
[2026-08-02 14:10:46,114][DEBUG][m:optional_rerun_wrapper][fn:method][ln:40] - Skipping optional rerun call to 'Points3D' because rerun usage is disabled.
[2026-08-02 14:10:46,114][DEBUG][m:optional_rerun_wrapper][fn:method][ln:40] - Skipping optional rerun call to 'AnyValues' because rerun usage is disabled.
[2026-08-02 14:10:46,114][DEBUG][m:optional_rerun_wrapper][fn:method][ln:40] - Skipping optional rerun call to 'log' because rerun usage is disabled.
[2026-08-02 14:10:46,114][DEBUG][m:optional_rerun_wrapper][fn:method][ln:40] - Skipping optional rerun call to 'Points3D' because rerun usage is disabled.
[2026-08-02 14:10:46,114][DEBUG][m:optional_rerun_wrapper][fn:method][ln:40] - Skipping optional rerun call to 'AnyValues' because rerun usage is disabled.
[2026-08-02 14:10:46,114][DEBUG][m:optional_rerun_wrapper][fn:method][ln:40] - Skipping optional rerun call to 'log' because rerun usage is disabled.
[2026-08-02 14:10:46,114][DEBUG][m:optional_rerun_wrapper][fn:method][ln:40] - Skipping optional rerun call to 'Boxes3D' because rerun usage is disabled.
[2026-08-02 14:10:46,114][DEBUG][m:optional_rerun_wrapper][fn:method][ln:40] - Skipping optional rerun call to 'AnyValues' because rerun usage is disabled.
[2026-08-02 14:10:46,114][DEBUG][m:optional_rerun_wrapper][fn:method][ln:40] - Skipping optional rerun call to 'log' because rerun usage is disabled.
[2026-08-02 14:10:46,114][DEBUG][m:optional_rerun_wrapper][fn:method][ln:40] - Skipping optional rerun call to 'Boxes3D' because rerun usage is disabled.
[2026-08-02 14:10:46,114][DEBUG][m:optional_rerun_wrapper][fn:method][ln:40] - Skipping optional rerun call to 'AnyValues' because rerun usage is disabled.
[2026-08-02 14:10:46,114][DEBUG][m:optional_rerun_wrapper][fn:method][ln:40] - Skipping optional rerun call to 'log' because rerun usage is disabled.
[2026-08-02 14:10:46,114][DEBUG][m:optional_rerun_wrapper][fn:method][ln:40] - Skipping optional rerun call to 'Boxes3D' because rerun usage is disabled.
[2026-08-02 14:10:46,114][DEBUG][m:optional_rerun_wrapper][fn:method][ln:40] - Skipping optional rerun call to 'AnyValues' because rerun usage is disabled.
[2026-08-02 14:10:46,114][DEBUG][m:optional_rerun_wrapper][fn:method][ln:40] - Skipping optional rerun call to 'log' because rerun usage is disabled.
[2026-08-02 14:10:46,114][DEBUG][m:optional_rerun_wrapper][fn:method][ln:40] - Skipping optional rerun call to 'Points3D' because rerun usage is disabled.
[2026-08-02 14:10:46,114][DEBUG][m:optional_rerun_wrapper][fn:method][ln:40] - Skipping optional rerun call to 'AnyValues' because rerun usage is disabled.
[2026-08-02 14:10:46,114][DEBUG][m:optional_rerun_wrapper][fn:method][ln:40] - Skipping optional rerun call to 'log' because rerun usage is disabled.
[2026-08-02 14:10:46,114][DEBUG][m:optional_rerun_wrapper][fn:method][ln:40] - Skipping optional rerun call to 'Points3D' because rerun usage is disabled.
[2026-08-02 14:10:46,114][DEBUG][m:optional_rerun_wrapper][fn:method][ln:40] - Skipping optional rerun call to 'AnyValues' because rerun usage is disabled.
[2026-08-02 14:10:46,114][DEBUG][m:optional_rerun_wrapper][fn:method][ln:40] - Skipping optional rerun call to 'log' because rerun usage is disabled.
[2026-08-02 14:10:46,114][DEBUG][m:optional_rerun_wrapper][fn:method][ln:40] - Skipping optional rerun call to 'Points3D' because rerun usage is disabled.
[2026-08-02 14:10:46,114][DEBUG][m:optional_rerun_wrapper][fn:method][ln:40] - Skipping optional rerun call to 'AnyValues' because rerun usage is disabled.
[2026-08-02 14:10:46,114][DEBUG][m:optional_rerun_wrapper][fn:method][ln:40] - Skipping optional rerun call to 'log' because rerun usage is disabled.
[2026-08-02 14:10:46,114][DEBUG][m:optional_rerun_wrapper][fn:method][ln:40] - Skipping optional rerun call to 'Boxes3D' because rerun usage is disabled.
[2026-08-02 14:10:46,114][DEBUG][m:optional_rerun_wrapper][fn:method][ln:40] - Skipping optional rerun call to 'AnyValues' because rerun usage is disabled.
[2026-08-02 14:10:46,114][DEBUG][m:optional_rerun_wrapper][fn:method][ln:40] - Skipping optional rerun call to 'log' because rerun usage is disabled.
[2026-08-02 14:10:46,114][DEBUG][m:optional_rerun_wrapper][fn:method][ln:40] - Skipping optional rerun call to 'Boxes3D' because rerun usage is disabled.
[2026-08-02 14:10:46,114][DEBUG][m:optional_rerun_wrapper][fn:method][ln:40] - Skipping optional rerun call to 'AnyValues' because rerun usage is disabled.
[2026-08-02 14:10:46,114][DEBUG][m:optional_rerun_wrapper][fn:method][ln:40] - Skipping optional rerun call to 'log' because rerun usage is disabled.
[2026-08-02 14:10:46,114][DEBUG][m:optional_rerun_wrapper][fn:method][ln:40] - Skipping optional rerun call to 'Boxes3D' because rerun usage is disabled.
[2026-08-02 14:10:46,114][DEBUG][m:optional_rerun_wrapper][fn:method][ln:40] - Skipping optional rerun call to 'AnyValues' because rerun usage is disabled.
[2026-08-02 14:10:46,114][DEBUG][m:optional_rerun_wrapper][fn:method][ln:40] - Skipping optional rerun call to 'log' because rerun usage is disabled.
[2026-08-02 14:10:46,115][DEBUG][m:optional_rerun_wrapper][fn:method][ln:40] - Skipping optional rerun call to 'Points3D' because rerun usage is disabled.
[2026-08-02 14:10:46,115][DEBUG][m:optional_rerun_wrapper][fn:method][ln:40] - Skipping optional rerun call to 'AnyValues' because rerun usage is disabled.
[2026-08-02 14:10:46,115][DEBUG][m:optional_rerun_wrapper][fn:method][ln:40] - Skipping optional rerun call to 'log' because rerun usage is disabled.
[2026-08-02 14:10:46,115][DEBUG][m:optional_rerun_wrapper][fn:method][ln:40] - Skipping optional rerun call to 'Points3D' because rerun usage is disabled.
[2026-08-02 14:10:46,115][DEBUG][m:optional_rerun_wrapper][fn:method][ln:40] - Skipping optional rerun call to 'AnyValues' because rerun usage is disabled.
[2026-08-02 14:10:46,115][DEBUG][m:optional_rerun_wrapper][fn:method][ln:40] - Skipping optional rerun call to 'log' because rerun usage is disabled.
[2026-08-02 14:10:46,115][DEBUG][m:optional_rerun_wrapper][fn:method][ln:40] - Skipping optional rerun call to 'Points3D' because rerun usage is disabled.
[2026-08-02 14:10:46,115][DEBUG][m:optional_rerun_wrapper][fn:method][ln:40] - Skipping optional rerun call to 'AnyValues' because rerun usage is disabled.
[2026-08-02 14:10:46,115][DEBUG][m:optional_rerun_wrapper][fn:method][ln:40] - Skipping optional rerun call to 'log' because rerun usage is disabled.
[2026-08-02 14:10:46,115][DEBUG][m:optional_rerun_wrapper][fn:method][ln:40] - Skipping optional rerun call to 'Boxes3D' because rerun usage is disabled.
[2026-08-02 14:10:46,115][DEBUG][m:optional_rerun_wrapper][fn:method][ln:40] - Skipping optional rerun call to 'AnyValues' because rerun usage is disabled.
[2026-08-02 14:10:46,115][DEBUG][m:optional_rerun_wrapper][fn:method][ln:40] - Skipping optional rerun call to 'log' because rerun usage is disabled.
[2026-08-02 14:10:46,115][DEBUG][m:optional_rerun_wrapper][fn:method][ln:40] - Skipping optional rerun call to 'Boxes3D' because rerun usage is disabled.
[2026-08-02 14:10:46,115][DEBUG][m:optional_rerun_wrapper][fn:method][ln:40] - Skipping optional rerun call to 'AnyValues' because rerun usage is disabled.
[2026-08-02 14:10:46,115][DEBUG][m:optional_rerun_wrapper][fn:method][ln:40] - Skipping optional rerun call to 'log' because rerun usage is disabled.
[2026-08-02 14:10:46,115][DEBUG][m:optional_rerun_wrapper][fn:method][ln:40] - Skipping optional rerun call to 'Boxes3D' because rerun usage is disabled.
[2026-08-02 14:10:46,115][DEBUG][m:optional_rerun_wrapper][fn:method][ln:40] - Skipping optional rerun call to 'AnyValues' because rerun usage is disabled.
[2026-08-02 14:10:46,115][DEBUG][m:optional_rerun_wrapper][fn:method][ln:40] - Skipping optional rerun call to 'log' because rerun usage is disabled.
[2026-08-02 14:10:46,115][DEBUG][m:optional_rerun_wrapper][fn:method][ln:40] - Skipping optional rerun call to 'Points3D' because rerun usage is disabled.
[2026-08-02 14:10:46,115][DEBUG][m:optional_rerun_wrapper][fn:method][ln:40] - Skipping optional rerun call to 'AnyValues' because rerun usage is disabled.
[2026-08-02 14:10:46,115][DEBUG][m:optional_rerun_wrapper][fn:method][ln:40] - Skipping optional rerun call to 'log' because rerun usage is disabled.
[2026-08-02 14:10:46,115][DEBUG][m:optional_rerun_wrapper][fn:method][ln:40] - Skipping optional rerun call to 'Points3D' because rerun usage is disabled.
[2026-08-02 14:10:46,115][DEBUG][m:optional_rerun_wrapper][fn:method][ln:40] - Skipping optional rerun call to 'AnyValues' because rerun usage is disabled.
[2026-08-02 14:10:46,115][DEBUG][m:optional_rerun_wrapper][fn:method][ln:40] - Skipping optional rerun call to 'log' because rerun usage is disabled.
[2026-08-02 14:10:46,115][DEBUG][m:optional_rerun_wrapper][fn:method][ln:40] - Skipping optional rerun call to 'Points3D' because rerun usage is disabled.
[2026-08-02 14:10:46,115][DEBUG][m:optional_rerun_wrapper][fn:method][ln:40] - Skipping optional rerun call to 'AnyValues' because rerun usage is disabled.
[2026-08-02 14:10:46,115][DEBUG][m:optional_rerun_wrapper][fn:method][ln:40] - Skipping optional rerun call to 'log' because rerun usage is disabled.
[2026-08-02 14:10:46,115][DEBUG][m:optional_rerun_wrapper][fn:method][ln:40] - Skipping optional rerun call to 'Boxes3D' because rerun usage is disabled.
[2026-08-02 14:10:46,115][DEBUG][m:optional_rerun_wrapper][fn:method][ln:40] - Skipping optional rerun call to 'AnyValues' because rerun usage is disabled.
[2026-08-02 14:10:46,115][DEBUG][m:optional_rerun_wrapper][fn:method][ln:40] - Skipping optional rerun call to 'log' because rerun usage is disabled.
[2026-08-02 14:10:46,115][DEBUG][m:optional_rerun_wrapper][fn:method][ln:40] - Skipping optional rerun call to 'Boxes3D' because rerun usage is disabled.
[2026-08-02 14:10:46,115][DEBUG][m:optional_rerun_wrapper][fn:method][ln:40] - Skipping optional rerun call to 'AnyValues' because rerun usage is disabled.
[2026-08-02 14:10:46,115][DEBUG][m:optional_rerun_wrapper][fn:method][ln:40] - Skipping optional rerun call to 'log' because rerun usage is disabled.
[2026-08-02 14:10:46,116][DEBUG][m:optional_rerun_wrapper][fn:method][ln:40] - Skipping optional rerun call to 'Boxes3D' because rerun usage is disabled.
[2026-08-02 14:10:46,116][DEBUG][m:optional_rerun_wrapper][fn:method][ln:40] - Skipping optional rerun call to 'AnyValues' because rerun usage is disabled.
[2026-08-02 14:10:46,116][DEBUG][m:optional_rerun_wrapper][fn:method][ln:40] - Skipping optional rerun call to 'log' because rerun usage is disabled.
[2026-08-02 14:10:46,116][DEBUG][m:optional_rerun_wrapper][fn:method][ln:40] - Skipping optional rerun call to 'Points3D' because rerun usage is disabled.
[2026-08-02 14:10:46,116][DEBUG][m:optional_rerun_wrapper][fn:method][ln:40] - Skipping optional rerun call to 'AnyValues' because rerun usage is disabled.
[2026-08-02 14:10:46,116][DEBUG][m:optional_rerun_wrapper][fn:method][ln:40] - Skipping optional rerun call to 'log' because rerun usage is disabled.
[2026-08-02 14:10:46,116][DEBUG][m:optional_rerun_wrapper][fn:method][ln:40] - Skipping optional rerun call to 'Points3D' because rerun usage is disabled.
[2026-08-02 14:10:46,116][DEBUG][m:optional_rerun_wrapper][fn:method][ln:40] - Skipping optional rerun call to 'AnyValues' because rerun usage is disabled.
[2026-08-02 14:10:46,116][DEBUG][m:optional_rerun_wrapper][fn:method][ln:40] - Skipping optional rerun call to 'log' because rerun usage is disabled.
[2026-08-02 14:10:46,116][DEBUG][m:optional_rerun_wrapper][fn:method][ln:40] - Skipping optional rerun call to 'Points3D' because rerun usage is disabled.
[2026-08-02 14:10:46,116][DEBUG][m:optional_rerun_wrapper][fn:method][ln:40] - Skipping optional rerun call to 'AnyValues' because rerun usage is disabled.
[2026-08-02 14:10:46,116][DEBUG][m:optional_rerun_wrapper][fn:method][ln:40] - Skipping optional rerun call to 'log' because rerun usage is disabled.
[2026-08-02 14:10:46,116][DEBUG][m:optional_rerun_wrapper][fn:method][ln:40] - Skipping optional rerun call to 'Boxes3D' because rerun usage is disabled.
[2026-08-02 14:10:46,116][DEBUG][m:optional_rerun_wrapper][fn:method][ln:40] - Skipping optional rerun call to 'AnyValues' because rerun usage is disabled.
[2026-08-02 14:10:46,116][DEBUG][m:optional_rerun_wrapper][fn:method][ln:40] - Skipping optional rerun call to 'log' because rerun usage is disabled.
[2026-08-02 14:10:46,116][DEBUG][m:optional_rerun_wrapper][fn:method][ln:40] - Skipping optional rerun call to 'Boxes3D' because rerun usage is disabled.
[2026-08-02 14:10:46,116][DEBUG][m:optional_rerun_wrapper][fn:method][ln:40] - Skipping optional rerun call to 'AnyValues' because rerun usage is disabled.
[2026-08-02 14:10:46,116][DEBUG][m:optional_rerun_wrapper][fn:method][ln:40] - Skipping optional rerun call to 'log' because rerun usage is disabled.
[2026-08-02 14:10:46,116][DEBUG][m:optional_rerun_wrapper][fn:method][ln:40] - Skipping optional rerun call to 'Boxes3D' because rerun usage is disabled.
[2026-08-02 14:10:46,116][DEBUG][m:optional_rerun_wrapper][fn:method][ln:40] - Skipping optional rerun call to 'AnyValues' because rerun usage is disabled.
[2026-08-02 14:10:46,116][DEBUG][m:optional_rerun_wrapper][fn:method][ln:40] - Skipping optional rerun call to 'log' because rerun usage is disabled.
[2026-08-02 14:10:46,116][DEBUG][m:optional_rerun_wrapper][fn:method][ln:40] - Skipping optional rerun call to 'Points3D' because rerun usage is disabled.
[2026-08-02 14:10:46,116][DEBUG][m:optional_rerun_wrapper][fn:method][ln:40] - Skipping optional rerun call to 'AnyValues' because rerun usage is disabled.
[2026-08-02 14:10:46,116][DEBUG][m:optional_rerun_wrapper][fn:method][ln:40] - Skipping optional rerun call to 'log' because rerun usage is disabled.
[2026-08-02 14:10:46,116][DEBUG][m:optional_rerun_wrapper][fn:method][ln:40] - Skipping optional rerun call to 'Points3D' because rerun usage is disabled.
[2026-08-02 14:10:46,116][DEBUG][m:optional_rerun_wrapper][fn:method][ln:40] - Skipping optional rerun call to 'AnyValues' because rerun usage is disabled.
[2026-08-02 14:10:46,116][DEBUG][m:optional_rerun_wrapper][fn:method][ln:40] - Skipping optional rerun call to 'log' because rerun usage is disabled.
[2026-08-02 14:10:46,116][DEBUG][m:optional_rerun_wrapper][fn:method][ln:40] - Skipping optional rerun call to 'Points3D' because rerun usage is disabled.
[2026-08-02 14:10:46,116][DEBUG][m:optional_rerun_wrapper][fn:method][ln:40] - Skipping optional rerun call to 'AnyValues' because rerun usage is disabled.
[2026-08-02 14:10:46,116][DEBUG][m:optional_rerun_wrapper][fn:method][ln:40] - Skipping optional rerun call to 'log' because rerun usage is disabled.
[2026-08-02 14:10:46,116][DEBUG][m:optional_rerun_wrapper][fn:method][ln:40] - Skipping optional rerun call to 'Boxes3D' because rerun usage is disabled.
[2026-08-02 14:10:46,116][DEBUG][m:optional_rerun_wrapper][fn:method][ln:40] - Skipping optional rerun call to 'AnyValues' because rerun usage is disabled.
[2026-08-02 14:10:46,116][DEBUG][m:optional_rerun_wrapper][fn:method][ln:40] - Skipping optional rerun call to 'log' because rerun usage is disabled.
[2026-08-02 14:10:46,116][DEBUG][m:optional_rerun_wrapper][fn:method][ln:40] - Skipping optional rerun call to 'Boxes3D' because rerun usage is disabled.
[2026-08-02 14:10:46,117][DEBUG][m:optional_rerun_wrapper][fn:method][ln:40] - Skipping optional rerun call to 'AnyValues' because rerun usage is disabled.
[2026-08-02 14:10:46,117][DEBUG][m:optional_rerun_wrapper][fn:method][ln:40] - Skipping optional rerun call to 'log' because rerun usage is disabled.
[2026-08-02 14:10:46,117][DEBUG][m:optional_rerun_wrapper][fn:method][ln:40] - Skipping optional rerun call to 'Boxes3D' because rerun usage is disabled.
[2026-08-02 14:10:46,117][DEBUG][m:optional_rerun_wrapper][fn:method][ln:40] - Skipping optional rerun call to 'AnyValues' because rerun usage is disabled.
[2026-08-02 14:10:46,117][DEBUG][m:optional_rerun_wrapper][fn:method][ln:40] - Skipping optional rerun call to 'log' because rerun usage is disabled.
[2026-08-02 14:10:46,117][DEBUG][m:optional_rerun_wrapper][fn:method][ln:40] - Skipping optional rerun call to 'Points3D' because rerun usage is disabled.
[2026-08-02 14:10:46,117][DEBUG][m:optional_rerun_wrapper][fn:method][ln:40] - Skipping optional rerun call to 'AnyValues' because rerun usage is disabled.
[2026-08-02 14:10:46,117][DEBUG][m:optional_rerun_wrapper][fn:method][ln:40] - Skipping optional rerun call to 'log' because rerun usage is disabled.
[2026-08-02 14:10:46,117][DEBUG][m:optional_rerun_wrapper][fn:method][ln:40] - Skipping optional rerun call to 'Points3D' because rerun usage is disabled.
[2026-08-02 14:10:46,117][DEBUG][m:optional_rerun_wrapper][fn:method][ln:40] - Skipping optional rerun call to 'AnyValues' because rerun usage is disabled.
[2026-08-02 14:10:46,117][DEBUG][m:optional_rerun_wrapper][fn:method][ln:40] - Skipping optional rerun call to 'log' because rerun usage is disabled.
[2026-08-02 14:10:46,117][DEBUG][m:optional_rerun_wrapper][fn:method][ln:40] - Skipping optional rerun call to 'Points3D' because rerun usage is disabled.
[2026-08-02 14:10:46,117][DEBUG][m:optional_rerun_wrapper][fn:method][ln:40] - Skipping optional rerun call to 'AnyValues' because rerun usage is disabled.
[2026-08-02 14:10:46,117][DEBUG][m:optional_rerun_wrapper][fn:method][ln:40] - Skipping optional rerun call to 'log' because rerun usage is disabled.
[2026-08-02 14:10:46,117][DEBUG][m:optional_rerun_wrapper][fn:method][ln:40] - Skipping optional rerun call to 'Boxes3D' because rerun usage is disabled.
[2026-08-02 14:10:46,117][DEBUG][m:optional_rerun_wrapper][fn:method][ln:40] - Skipping optional rerun call to 'AnyValues' because rerun usage is disabled.
[2026-08-02 14:10:46,117][DEBUG][m:optional_rerun_wrapper][fn:method][ln:40] - Skipping optional rerun call to 'log' because rerun usage is disabled.
[2026-08-02 14:10:46,117][DEBUG][m:optional_rerun_wrapper][fn:method][ln:40] - Skipping optional rerun call to 'Boxes3D' because rerun usage is disabled.
[2026-08-02 14:10:46,117][DEBUG][m:optional_rerun_wrapper][fn:method][ln:40] - Skipping optional rerun call to 'AnyValues' because rerun usage is disabled.
[2026-08-02 14:10:46,117][DEBUG][m:optional_rerun_wrapper][fn:method][ln:40] - Skipping optional rerun call to 'log' because rerun usage is disabled.
[2026-08-02 14:10:46,117][DEBUG][m:optional_rerun_wrapper][fn:method][ln:40] - Skipping optional rerun call to 'Boxes3D' because rerun usage is disabled.
[2026-08-02 14:10:46,117][DEBUG][m:optional_rerun_wrapper][fn:method][ln:40] - Skipping optional rerun call to 'AnyValues' because rerun usage is disabled.
[2026-08-02 14:10:46,117][DEBUG][m:optional_rerun_wrapper][fn:method][ln:40] - Skipping optional rerun call to 'log' because rerun usage is disabled.
[2026-08-02 14:10:46,117][DEBUG][m:optional_rerun_wrapper][fn:method][ln:40] - Skipping optional rerun call to 'Clear' because rerun usage is disabled.
[2026-08-02 14:10:46,117][DEBUG][m:optional_rerun_wrapper][fn:method][ln:40] - Skipping optional rerun call to 'log' because rerun usage is disabled.
[2026-08-02 14:10:46,117][DEBUG][m:optional_rerun_wrapper][fn:method][ln:40] - Skipping optional rerun call to 'Clear' because rerun usage is disabled.
[2026-08-02 14:10:46,117][DEBUG][m:optional_rerun_wrapper][fn:method][ln:40] - Skipping optional rerun call to 'log' because rerun usage is disabled.
[2026-08-02 14:10:46,117][DEBUG][m:optional_rerun_wrapper][fn:method][ln:40] - Skipping optional rerun call to 'Clear' because rerun usage is disabled.
[2026-08-02 14:10:46,117][DEBUG][m:optional_rerun_wrapper][fn:method][ln:40] - Skipping optional rerun call to 'log' because rerun usage is disabled.
[2026-08-02 14:10:46,117][DEBUG][m:optional_rerun_wrapper][fn:method][ln:40] - Skipping optional rerun call to 'Clear' because rerun usage is disabled.
[2026-08-02 14:10:46,117][DEBUG][m:optional_rerun_wrapper][fn:method][ln:40] - Skipping optional rerun call to 'log' because rerun usage is disabled.
[2026-08-02 14:10:46,117][DEBUG][m:optional_rerun_wrapper][fn:method][ln:40] - Skipping optional rerun call to 'Clear' because rerun usage is disabled.
[2026-08-02 14:10:46,117][DEBUG][m:optional_rerun_wrapper][fn:method][ln:40] - Skipping optional rerun call to 'log' because rerun usage is disabled.
[2026-08-02 14:10:46,117][DEBUG][m:optional_rerun_wrapper][fn:method][ln:40] - Skipping optional rerun call to 'Clear' because rerun usage is disabled.
[2026-08-02 14:10:46,117][DEBUG][m:optional_rerun_wrapper][fn:method][ln:40] - Skipping optional rerun call to 'log' because rerun usage is disabled.
[2026-08-02 14:10:46,117][DEBUG][m:optional_rerun_wrapper][fn:method][ln:40] - Skipping optional rerun call to 'Clear' because rerun usage is disabled.
[2026-08-02 14:10:46,118][DEBUG][m:optional_rerun_wrapper][fn:method][ln:40] - Skipping optional rerun call to 'log' because rerun usage is disabled.
[2026-08-02 14:10:46,118][DEBUG][m:optional_wandb_wrapper][fn:method][ln:139] - Skipping optional wandb call to 'log' because wandb usage is disabled.
[2026-08-02 14:10:46,118][DEBUG][m:optional_wandb_wrapper][fn:method][ln:139] - Skipping optional wandb call to 'log' because wandb usage is disabled.
 80%|████████  | 4/5 [00:09<00:02,  2.38s/it][2026-08-02 14:10:46,118][DEBUG][m:optional_rerun_wrapper][fn:method][ln:40] - Skipping optional rerun call to 'set_time_sequence' because rerun usage is disabled.
[2026-08-02 14:10:46,146][DEBUG][m:PngImagePlugin][fn:call][ln:204] - STREAM b'IHDR' 16 13
[2026-08-02 14:10:46,146][DEBUG][m:PngImagePlugin][fn:call][ln:204] - STREAM b'IDAT' 41 8192
Removing coffee maker because it has an IoU of 0.9978021978021978 with object coffee kettle.
Removing lamp because it has an IoU of 0.9620861845755502 with object lamp.
Removing ceiling because it is a background class, specifically ['wall', 'floor', 'ceiling'].
Removing coffee table because it has an IoU of 0.9993873487517231 with object end table.
Removing desk because it has an IoU of 0.9937799663081508 with object cabinet.
Removing desk because it has an IoU of 1.0 with object end table.
Removing shelf because it has an IoU of 0.9962650211107502 with object cabinet.
Removing dresser because it has an IoU of 0.9987628194693147 with object cabinet.
Removing shelf because it has an IoU of 0.9905926622765757 with object cabinet.
Removing wall because it is a background class, specifically ['wall', 'floor', 'ceiling'].
Removing wall because it is a background class, specifically ['wall', 'floor', 'ceiling'].
[2026-08-02 14:10:47,599][DEBUG][m:optional_rerun_wrapper][fn:method][ln:40] - Skipping optional rerun call to 'Pinhole' because rerun usage is disabled.
[2026-08-02 14:10:47,599][DEBUG][m:optional_rerun_wrapper][fn:method][ln:40] - Skipping optional rerun call to 'log' because rerun usage is disabled.
[2026-08-02 14:10:47,599][DEBUG][m:optional_rerun_wrapper][fn:method][ln:40] - Skipping optional rerun call to 'Transform3D' because rerun usage is disabled.
[2026-08-02 14:10:47,599][DEBUG][m:optional_rerun_wrapper][fn:method][ln:40] - Skipping optional rerun call to 'log' because rerun usage is disabled.
[2026-08-02 14:10:47,599][DEBUG][m:optional_rerun_wrapper][fn:method][ln:40] - Skipping optional rerun call to 'LineStrips3D' because rerun usage is disabled.
[2026-08-02 14:10:47,599][DEBUG][m:optional_rerun_wrapper][fn:method][ln:40] - Skipping optional rerun call to 'log' because rerun usage is disabled.
[2026-08-02 14:10:47,599][DEBUG][m:optional_rerun_wrapper][fn:method][ln:40] - Skipping optional rerun call to 'ImageEncoded' because rerun usage is disabled.
[2026-08-02 14:10:47,599][DEBUG][m:optional_rerun_wrapper][fn:method][ln:40] - Skipping optional rerun call to 'log' because rerun usage is disabled.
[2026-08-02 14:10:47,599][DEBUG][m:optional_rerun_wrapper][fn:method][ln:40] - Skipping optional rerun call to 'ImageEncoded' because rerun usage is disabled.
[2026-08-02 14:10:47,599][DEBUG][m:optional_rerun_wrapper][fn:method][ln:40] - Skipping optional rerun call to 'log' because rerun usage is disabled.
[2026-08-02 14:10:47,599][DEBUG][m:optional_rerun_wrapper][fn:method][ln:40] - Skipping optional rerun call to 'DepthImage' because rerun usage is disabled.
[2026-08-02 14:10:47,599][DEBUG][m:optional_rerun_wrapper][fn:method][ln:40] - Skipping optional rerun call to 'log' because rerun usage is disabled.
[2026-08-02 14:10:47,599][WARNING][m:optional_rerun_wrapper][fn:orr_log_vlm_image][ln:132] - VLM image not found at path: /home/chenkejun/beauty/conceptgraphs/data/Replica/room0/exps/smoke_detections_stride20/vis/frame000080annotated_for_vlm.jpg
[2026-08-02 14:10:47,599][WARNING][m:optional_rerun_wrapper][fn:orr_log_vlm_image][ln:132] - VLM image not found at path: /home/chenkejun/beauty/conceptgraphs/data/Replica/room0/exps/smoke_detections_stride20/vis/frame000080annotated_for_vlm_w_edges.jpg
Done! Execution time of detections_to_obj_pcd_and_bbox function: 0.08 seconds
[2026-08-02 14:10:47,960][DEBUG][m:optional_wandb_wrapper][fn:method][ln:139] - Skipping optional wandb call to 'log' because wandb usage is disabled.
Line 624, curr_edges_3d_by_index: []
Final frame detected. Performing final post-processing...
[2026-08-02 14:10:47,960][DEBUG][m:utils][fn:denoise_objects][ln:663] - Starting denoising with 29 objects
[2026-08-02 14:10:47,978][DEBUG][m:utils][fn:denoise_objects][ln:685] - Finished denoising object 0 out of 29
[2026-08-02 14:10:47,978][DEBUG][m:utils][fn:denoise_objects][ln:690] - before denoising: 1974, after denoising: 1963
[2026-08-02 14:10:48,019][DEBUG][m:utils][fn:denoise_objects][ln:685] - Finished denoising object 1 out of 29
[2026-08-02 14:10:48,019][DEBUG][m:utils][fn:denoise_objects][ln:690] - before denoising: 4759, after denoising: 4759
[2026-08-02 14:10:48,029][DEBUG][m:utils][fn:denoise_objects][ln:685] - Finished denoising object 2 out of 29
[2026-08-02 14:10:48,030][DEBUG][m:utils][fn:denoise_objects][ln:690] - before denoising: 1122, after denoising: 1122
[2026-08-02 14:10:48,034][DEBUG][m:utils][fn:denoise_objects][ln:685] - Finished denoising object 3 out of 29
[2026-08-02 14:10:48,034][DEBUG][m:utils][fn:denoise_objects][ln:690] - before denoising: 652, after denoising: 607
[2026-08-02 14:10:48,053][DEBUG][m:utils][fn:denoise_objects][ln:685] - Finished denoising object 4 out of 29
[2026-08-02 14:10:48,053][DEBUG][m:utils][fn:denoise_objects][ln:690] - before denoising: 2455, after denoising: 2455
[2026-08-02 14:10:48,079][DEBUG][m:utils][fn:denoise_objects][ln:685] - Finished denoising object 5 out of 29
[2026-08-02 14:10:48,079][DEBUG][m:utils][fn:denoise_objects][ln:690] - before denoising: 2925, after denoising: 2882
[2026-08-02 14:10:48,098][DEBUG][m:utils][fn:denoise_objects][ln:685] - Finished denoising object 6 out of 29
[2026-08-02 14:10:48,098][DEBUG][m:utils][fn:denoise_objects][ln:690] - before denoising: 2336, after denoising: 2310
[2026-08-02 14:10:48,105][DEBUG][m:utils][fn:denoise_objects][ln:685] - Finished denoising object 7 out of 29
[2026-08-02 14:10:48,105][DEBUG][m:utils][fn:denoise_objects][ln:690] - before denoising: 579, after denoising: 579
[2026-08-02 14:10:48,216][DEBUG][m:utils][fn:denoise_objects][ln:685] - Finished denoising object 8 out of 29
[2026-08-02 14:10:48,216][DEBUG][m:utils][fn:denoise_objects][ln:690] - before denoising: 15913, after denoising: 15913
[2026-08-02 14:10:48,289][DEBUG][m:utils][fn:denoise_objects][ln:685] - Finished denoising object 9 out of 29
[2026-08-02 14:10:48,290][DEBUG][m:utils][fn:denoise_objects][ln:690] - before denoising: 8762, after denoising: 8762
[2026-08-02 14:10:48,296][DEBUG][m:utils][fn:denoise_objects][ln:685] - Finished denoising object 10 out of 29
[2026-08-02 14:10:48,297][DEBUG][m:utils][fn:denoise_objects][ln:690] - before denoising: 571, after denoising: 569
[2026-08-02 14:10:48,299][DEBUG][m:utils][fn:denoise_objects][ln:685] - Finished denoising object 11 out of 29
[2026-08-02 14:10:48,299][DEBUG][m:utils][fn:denoise_objects][ln:690] - before denoising: 274, after denoising: 274
[2026-08-02 14:10:48,312][DEBUG][m:utils][fn:denoise_objects][ln:685] - Finished denoising object 12 out of 29
[2026-08-02 14:10:48,312][DEBUG][m:utils][fn:denoise_objects][ln:690] - before denoising: 1456, after denoising: 1453
[2026-08-02 14:10:48,322][DEBUG][m:utils][fn:denoise_objects][ln:685] - Finished denoising object 13 out of 29
[2026-08-02 14:10:48,322][DEBUG][m:utils][fn:denoise_objects][ln:690] - before denoising: 1583, after denoising: 1356
[2026-08-02 14:10:48,326][DEBUG][m:utils][fn:denoise_objects][ln:685] - Finished denoising object 14 out of 29
[2026-08-02 14:10:48,326][DEBUG][m:utils][fn:denoise_objects][ln:690] - before denoising: 417, after denoising: 417
[2026-08-02 14:10:48,332][DEBUG][m:utils][fn:denoise_objects][ln:685] - Finished denoising object 15 out of 29
[2026-08-02 14:10:48,332][DEBUG][m:utils][fn:denoise_objects][ln:690] - before denoising: 694, after denoising: 689
[2026-08-02 14:10:48,337][DEBUG][m:utils][fn:denoise_objects][ln:685] - Finished denoising object 16 out of 29
[2026-08-02 14:10:48,337][DEBUG][m:utils][fn:denoise_objects][ln:690] - before denoising: 687, after denoising: 687
[2026-08-02 14:10:48,382][DEBUG][m:utils][fn:denoise_objects][ln:685] - Finished denoising object 17 out of 29
[2026-08-02 14:10:48,382][DEBUG][m:utils][fn:denoise_objects][ln:690] - before denoising: 7658, after denoising: 7658
[2026-08-02 14:10:48,488][DEBUG][m:utils][fn:denoise_objects][ln:685] - Finished denoising object 18 out of 29
[2026-08-02 14:10:48,488][DEBUG][m:utils][fn:denoise_objects][ln:690] - before denoising: 14249, after denoising: 14249
[2026-08-02 14:10:48,502][DEBUG][m:utils][fn:denoise_objects][ln:685] - Finished denoising object 19 out of 29
[2026-08-02 14:10:48,502][DEBUG][m:utils][fn:denoise_objects][ln:690] - before denoising: 1557, after denoising: 1557
[2026-08-02 14:10:48,529][DEBUG][m:utils][fn:denoise_objects][ln:685] - Finished denoising object 20 out of 29
[2026-08-02 14:10:48,529][DEBUG][m:utils][fn:denoise_objects][ln:690] - before denoising: 3371, after denoising: 3228
[2026-08-02 14:10:48,564][DEBUG][m:utils][fn:denoise_objects][ln:685] - Finished denoising object 21 out of 29
[2026-08-02 14:10:48,564][DEBUG][m:utils][fn:denoise_objects][ln:690] - before denoising: 4290, after denoising: 4290
[2026-08-02 14:10:48,582][DEBUG][m:utils][fn:denoise_objects][ln:685] - Finished denoising object 22 out of 29
[2026-08-02 14:10:48,582][DEBUG][m:utils][fn:denoise_objects][ln:690] - before denoising: 2397, after denoising: 2370
[2026-08-02 14:10:48,583][DEBUG][m:utils][fn:denoise_objects][ln:685] - Finished denoising object 23 out of 29
[2026-08-02 14:10:48,583][DEBUG][m:utils][fn:denoise_objects][ln:690] - before denoising: 106, after denoising: 91
[2026-08-02 14:10:48,612][DEBUG][m:utils][fn:denoise_objects][ln:685] - Finished denoising object 24 out of 29
[2026-08-02 14:10:48,612][DEBUG][m:utils][fn:denoise_objects][ln:690] - before denoising: 5214, after denoising: 5214
[2026-08-02 14:10:48,613][DEBUG][m:utils][fn:denoise_objects][ln:685] - Finished denoising object 25 out of 29
[2026-08-02 14:10:48,613][DEBUG][m:utils][fn:denoise_objects][ln:690] - before denoising: 52, after denoising: 51
[2026-08-02 14:10:48,614][DEBUG][m:utils][fn:denoise_objects][ln:685] - Finished denoising object 26 out of 29
[2026-08-02 14:10:48,614][DEBUG][m:utils][fn:denoise_objects][ln:690] - before denoising: 99, after denoising: 82
[2026-08-02 14:10:48,624][DEBUG][m:utils][fn:denoise_objects][ln:685] - Finished denoising object 27 out of 29
[2026-08-02 14:10:48,625][DEBUG][m:utils][fn:denoise_objects][ln:690] - before denoising: 1073, after denoising: 1064
[2026-08-02 14:10:48,642][DEBUG][m:utils][fn:denoise_objects][ln:685] - Finished denoising object 28 out of 29
[2026-08-02 14:10:48,642][DEBUG][m:utils][fn:denoise_objects][ln:690] - before denoising: 4332, after denoising: 4291
[2026-08-02 14:10:48,642][DEBUG][m:utils][fn:denoise_objects][ln:691] - Finished denoising with 29 objects
 80%|████████  | 4/5 [00:12<00:03,  3.19s/it]
Done! Execution time of denoise_objects function: 0.68 seconds
Before filtering: 29
After filtering: 29
Before merging: 29
Done! Execution time of merge_objects function: 0.46 seconds
Error executing job with overrides: ['end=100', 'stride=20', 'make_edges=false', 'use_rerun=false', 'save_rerun=true', 'force_detection=true', 'detections_exp_suffix=smoke_detections_stride20', 'exp_suffix=smoke_mapping_stride20_gpu0']
Traceback (most recent call last):
  File "/home/chenkejun/beauty/conceptgraphs/code/concept-graphs-ali/conceptgraph/slam/rerun_realtime_mapping.py", line 646, in <module>
    main()
  File "/home/chenkejun/beauty/conceptgraphs/envs/cg-ali/lib/python3.10/site-packages/hydra/main.py", line 94, in decorated_main
    _run_hydra(
  File "/home/chenkejun/beauty/conceptgraphs/envs/cg-ali/lib/python3.10/site-packages/hydra/_internal/utils.py", line 394, in _run_hydra
    _run_app(
  File "/home/chenkejun/beauty/conceptgraphs/envs/cg-ali/lib/python3.10/site-packages/hydra/_internal/utils.py", line 457, in _run_app
    run_and_report(
  File "/home/chenkejun/beauty/conceptgraphs/envs/cg-ali/lib/python3.10/site-packages/hydra/_internal/utils.py", line 223, in run_and_report
    raise ex
  File "/home/chenkejun/beauty/conceptgraphs/envs/cg-ali/lib/python3.10/site-packages/hydra/_internal/utils.py", line 220, in run_and_report
    return func()
  File "/home/chenkejun/beauty/conceptgraphs/envs/cg-ali/lib/python3.10/site-packages/hydra/_internal/utils.py", line 458, in <lambda>
    lambda: hydra.run(
  File "/home/chenkejun/beauty/conceptgraphs/envs/cg-ali/lib/python3.10/site-packages/hydra/_internal/hydra.py", line 132, in run
    _ = ret.return_value
  File "/home/chenkejun/beauty/conceptgraphs/envs/cg-ali/lib/python3.10/site-packages/hydra/core/utils.py", line 260, in return_value
    raise self._return_value
  File "/home/chenkejun/beauty/conceptgraphs/envs/cg-ali/lib/python3.10/site-packages/hydra/core/utils.py", line 186, in run_job
    ret.return_value = task_function(task_cfg)
  File "/home/chenkejun/beauty/conceptgraphs/code/concept-graphs-ali/conceptgraph/slam/rerun_realtime_mapping.py", line 510, in main
    objects, map_edges = measure_time(merge_objects)(
ValueError: too many values to unpack (expected 2)
