[2026-08-02 14:13:49,008][HYDRA] Hydra 1.3.4
[2026-08-02 14:13:49,009][HYDRA] ===========
[2026-08-02 14:13:49,009][HYDRA] Installed Hydra Plugins
[2026-08-02 14:13:49,009][HYDRA] ***********************
[2026-08-02 14:13:49,009][HYDRA] 	ConfigSource:
[2026-08-02 14:13:49,009][HYDRA] 	-------------
[2026-08-02 14:13:49,009][HYDRA] 		FileConfigSource
[2026-08-02 14:13:49,009][HYDRA] 		ImportlibResourcesConfigSource
[2026-08-02 14:13:49,009][HYDRA] 		StructuredConfigSource
[2026-08-02 14:13:49,009][HYDRA] 	CompletionPlugin:
[2026-08-02 14:13:49,009][HYDRA] 	-----------------
[2026-08-02 14:13:49,009][HYDRA] 		BashCompletion
[2026-08-02 14:13:49,009][HYDRA] 		FishCompletion
[2026-08-02 14:13:49,009][HYDRA] 		ZshCompletion
[2026-08-02 14:13:49,009][HYDRA] 	Launcher:
[2026-08-02 14:13:49,009][HYDRA] 	---------
[2026-08-02 14:13:49,009][HYDRA] 		BasicLauncher
[2026-08-02 14:13:49,009][HYDRA] 	Sweeper:
[2026-08-02 14:13:49,009][HYDRA] 	--------
[2026-08-02 14:13:49,009][HYDRA] 		BasicSweeper
[2026-08-02 14:13:49,009][HYDRA] 
[2026-08-02 14:13:49,009][HYDRA] Config search path
[2026-08-02 14:13:49,009][HYDRA] ******************
[2026-08-02 14:13:49,078][HYDRA] | Provider | Search path                                                                                    |
[2026-08-02 14:13:49,078][HYDRA] -------------------------------------------------------------------------------------------------------------
[2026-08-02 14:13:49,078][HYDRA] | hydra    | pkg://hydra.conf                                                                               |
[2026-08-02 14:13:49,079][HYDRA] | main     | file:///home/chenkejun/beauty/conceptgraphs/code/concept-graphs-ali/conceptgraph/hydra_configs |
[2026-08-02 14:13:49,079][HYDRA] | schema   | structured://                                                                                  |
[2026-08-02 14:13:49,079][HYDRA] -------------------------------------------------------------------------------------------------------------
[2026-08-02 14:13:49,117][HYDRA] 
[2026-08-02 14:13:49,117][HYDRA] Defaults Tree
[2026-08-02 14:13:49,117][HYDRA] *************
[2026-08-02 14:13:49,117][HYDRA] <root>:
[2026-08-02 14:13:49,117][HYDRA]   hydra/config:
[2026-08-02 14:13:49,117][HYDRA]     hydra/output: default
[2026-08-02 14:13:49,117][HYDRA]     hydra/launcher: basic
[2026-08-02 14:13:49,117][HYDRA]     hydra/sweeper: basic
[2026-08-02 14:13:49,117][HYDRA]     hydra/help: default
[2026-08-02 14:13:49,117][HYDRA]     hydra/hydra_help: default
[2026-08-02 14:13:49,117][HYDRA]     hydra/hydra_logging: default
[2026-08-02 14:13:49,117][HYDRA]     hydra/job_logging: custom_logging_format
[2026-08-02 14:13:49,117][HYDRA]     hydra/callbacks: null
[2026-08-02 14:13:49,117][HYDRA]     hydra/env: default
[2026-08-02 14:13:49,117][HYDRA]     _self_
[2026-08-02 14:13:49,117][HYDRA]   rerun_realtime_mapping:
[2026-08-02 14:13:49,117][HYDRA]     base
[2026-08-02 14:13:49,117][HYDRA]     base_mapping:
[2026-08-02 14:13:49,117][HYDRA]       base_paths
[2026-08-02 14:13:49,117][HYDRA]       _self_
[2026-08-02 14:13:49,117][HYDRA]     replica:
[2026-08-02 14:13:49,117][HYDRA]       base_paths
[2026-08-02 14:13:49,117][HYDRA]       _self_
[2026-08-02 14:13:49,117][HYDRA]     sam
[2026-08-02 14:13:49,117][HYDRA]     classes:
[2026-08-02 14:13:49,117][HYDRA]       base_paths
[2026-08-02 14:13:49,117][HYDRA]       _self_
[2026-08-02 14:13:49,117][HYDRA]     logging_level
[2026-08-02 14:13:49,118][HYDRA]     _self_
[2026-08-02 14:13:49,156][HYDRA] 
[2026-08-02 14:13:49,156][HYDRA] Defaults List
[2026-08-02 14:13:49,156][HYDRA] *************
[2026-08-02 14:13:49,156][HYDRA] | Config path                             | Package             | _self_ | Parent                 | 
[2026-08-02 14:13:49,156][HYDRA] ----------------------------------------------------------------------------------------------------
[2026-08-02 14:13:49,156][HYDRA] | hydra/output/default                    | hydra               | False  | hydra/config           |
[2026-08-02 14:13:49,156][HYDRA] | hydra/launcher/basic                    | hydra.launcher      | False  | hydra/config           |
[2026-08-02 14:13:49,156][HYDRA] | hydra/sweeper/basic                     | hydra.sweeper       | False  | hydra/config           |
[2026-08-02 14:13:49,156][HYDRA] | hydra/help/default                      | hydra.help          | False  | hydra/config           |
[2026-08-02 14:13:49,156][HYDRA] | hydra/hydra_help/default                | hydra.hydra_help    | False  | hydra/config           |
[2026-08-02 14:13:49,156][HYDRA] | hydra/hydra_logging/default             | hydra.hydra_logging | False  | hydra/config           |
[2026-08-02 14:13:49,156][HYDRA] | hydra/job_logging/custom_logging_format | hydra.job_logging   | False  | hydra/config           |
[2026-08-02 14:13:49,156][HYDRA] | hydra/env/default                       | hydra.env           | False  | hydra/config           |
[2026-08-02 14:13:49,156][HYDRA] | hydra/config                            | hydra               | True   | <root>                 |
[2026-08-02 14:13:49,156][HYDRA] | base                                    |                     | False  | rerun_realtime_mapping |
[2026-08-02 14:13:49,156][HYDRA] | base_paths                              |                     | False  | base_mapping           |
[2026-08-02 14:13:49,156][HYDRA] | base_mapping                            |                     | True   | rerun_realtime_mapping |
[2026-08-02 14:13:49,156][HYDRA] | base_paths                              |                     | False  | replica                |
[2026-08-02 14:13:49,156][HYDRA] | replica                                 |                     | True   | rerun_realtime_mapping |
[2026-08-02 14:13:49,156][HYDRA] | sam                                     |                     | False  | rerun_realtime_mapping |
[2026-08-02 14:13:49,156][HYDRA] | base_paths                              |                     | False  | classes                |
[2026-08-02 14:13:49,156][HYDRA] | classes                                 |                     | True   | rerun_realtime_mapping |
[2026-08-02 14:13:49,156][HYDRA] | logging_level                           |                     | False  | rerun_realtime_mapping |
[2026-08-02 14:13:49,156][HYDRA] | rerun_realtime_mapping                  |                     | True   | <root>                 |
[2026-08-02 14:13:49,156][HYDRA] ----------------------------------------------------------------------------------------------------
[2026-08-02 14:13:49,221][HYDRA] Config
[2026-08-02 14:13:49,221][HYDRA] ******
[2026-08-02 14:13:49,224][HYDRA] use_wandb: false
use_rerun: false
repo_root: /home/chenkejun/beauty/conceptgraphs/code/concept-graphs-ali
data_root: /home/chenkejun/beauty/conceptgraphs/data
dataset_root: ${data_root}/Replica
dataset_config: ${repo_root}/conceptgraph/dataset/dataconfigs/replica/replica.yaml
scene_id: room0
start: 0
end: 100
stride: 20
image_height: null
image_width: null
make_edges: false
periodically_save_pcd: false
periodically_save_pcd_interval: 10
detections_exp_suffix: smoke_detections_stride20
exit_early_file: ${repo_root}/conceptgraph/hydra_configs/early_exit.json
device: cuda
use_iou: true
spatial_sim_type: overlap
phys_bias: 0.0
match_method: sim_sum
semantic_threshold: 0.5
physical_threshold: 0.5
sim_threshold: 1.2
use_contain_number: false
contain_area_thresh: 0.95
contain_mismatch_penalty: 0.5
mask_area_threshold: 25
mask_conf_threshold: 0.25
max_bbox_area_ratio: 0.5
min_points_threshold: 16
obj_pcd_max_points: 5000
downsample_voxel_size: 0.01
dbscan_remove_noise: true
dbscan_eps: 0.1
dbscan_min_points: 10
obj_min_points: 0
obj_min_detections: 1
merge_overlap_thresh: 0.7
merge_visual_sim_thresh: 0.7
merge_text_sim_thresh: 0.7
denoise_interval: 5
filter_interval: 5
merge_interval: 5
run_denoise_final_frame: true
run_filter_final_frame: true
run_merge_final_frame: true
save_pcd: true
save_json: true
save_suffix: exp_streamlined_mapping_base_suffix
vis_render: false
debug_render: false
class_agnostic: false
save_objects_all_frames: false
save_rerun: true
latest_pcd_filepath: ${repo_root}/latest_pcd_save
render_camera_path: ${repo_root}/conceptgraph/dataset/dataconfigs/replica/replica_room0.json
sam_variant: sam
sam_encoder_version: vit_h
sam_checkpoint_path: /home/kuwajerw/repos/new_segment_anything/Grounded-Segment-Anything/sam_vit_h_4b8939.pth
mobile_sam_path: /home/kuwajerw/repos/new_segment_anything/Grounded-Segment-Anything/mobile_sam.pt
classes_file: ${repo_root}/conceptgraph/scannet200_classes.txt
bg_classes:
- wall
- floor
- ceiling
skip_bg: false
force_detection: false
save_detections: true
exp_suffix: smoke_mapping_stride20_gpu0_cached
save_video: false

[2026-08-02 14:13:49,246][INFO][m:optional_rerun_wrapper][fn:set_use_rerun][ln:28] - rerun functionality is disabled in the config. Not using rerun for logging.
[2026-08-02 14:13:49,246][DEBUG][m:optional_rerun_wrapper][fn:method][ln:40] - Skipping optional rerun call to 'init' because rerun usage is disabled.
[2026-08-02 14:13:49,246][DEBUG][m:optional_rerun_wrapper][fn:method][ln:40] - Skipping optional rerun call to 'spawn' because rerun usage is disabled.
[2026-08-02 14:13:49,246][INFO][m:optional_wandb_wrapper][fn:set_use_wandb][ln:111] - wandb functionality is disabled in the config. Not using wandb for logging.
[2026-08-02 14:13:49,248][DEBUG][m:optional_wandb_wrapper][fn:method][ln:139] - Skipping optional wandb call to 'init' because wandb usage is disabled.
Setting image height and width to 680 x 1200
Done! Execution time of get_dataset function: 0.06 seconds
NOT Running detections...
NOT Running detections...
NOT Running detections...
NOT Running detections...
NOT Running detections...
NOT Running detections...
NOT Running detections...
NOT Running detections...
NOT Running detections...
NOT Running detections...
  0%|          | 0/5 [00:00<?, ?it/s][2026-08-02 14:13:49,320][DEBUG][m:optional_rerun_wrapper][fn:method][ln:40] - Skipping optional rerun call to 'set_time_sequence' because rerun usage is disabled.
[2026-08-02 14:13:49,321][DEBUG][m:Image][fn:_import_plugin_for_extension][ln:421] - Importing JpegImagePlugin
[2026-08-02 14:13:49,348][DEBUG][m:PngImagePlugin][fn:call][ln:204] - STREAM b'IHDR' 16 13
[2026-08-02 14:13:49,348][DEBUG][m:PngImagePlugin][fn:call][ln:204] - STREAM b'IDAT' 41 8192
[2026-08-02 14:13:49,434][DEBUG][m:optional_rerun_wrapper][fn:method][ln:40] - Skipping optional rerun call to 'Pinhole' because rerun usage is disabled.
[2026-08-02 14:13:49,434][DEBUG][m:optional_rerun_wrapper][fn:method][ln:40] - Skipping optional rerun call to 'log' because rerun usage is disabled.
[2026-08-02 14:13:49,434][DEBUG][m:optional_rerun_wrapper][fn:method][ln:40] - Skipping optional rerun call to 'Transform3D' because rerun usage is disabled.
[2026-08-02 14:13:49,434][DEBUG][m:optional_rerun_wrapper][fn:method][ln:40] - Skipping optional rerun call to 'log' because rerun usage is disabled.
[2026-08-02 14:13:49,434][DEBUG][m:optional_rerun_wrapper][fn:method][ln:40] - Skipping optional rerun call to 'ImageEncoded' because rerun usage is disabled.
[2026-08-02 14:13:49,434][DEBUG][m:optional_rerun_wrapper][fn:method][ln:40] - Skipping optional rerun call to 'log' because rerun usage is disabled.
[2026-08-02 14:13:49,434][DEBUG][m:optional_rerun_wrapper][fn:method][ln:40] - Skipping optional rerun call to 'ImageEncoded' because rerun usage is disabled.
[2026-08-02 14:13:49,434][DEBUG][m:optional_rerun_wrapper][fn:method][ln:40] - Skipping optional rerun call to 'log' because rerun usage is disabled.
[2026-08-02 14:13:49,434][DEBUG][m:optional_rerun_wrapper][fn:method][ln:40] - Skipping optional rerun call to 'DepthImage' because rerun usage is disabled.
[2026-08-02 14:13:49,434][DEBUG][m:optional_rerun_wrapper][fn:method][ln:40] - Skipping optional rerun call to 'log' because rerun usage is disabled.
[2026-08-02 14:13:49,434][WARNING][m:optional_rerun_wrapper][fn:orr_log_vlm_image][ln:132] - VLM image not found at path: /home/chenkejun/beauty/conceptgraphs/data/Replica/room0/exps/smoke_detections_stride20/vis/frame000000annotated_for_vlm.jpg
[2026-08-02 14:13:49,434][WARNING][m:optional_rerun_wrapper][fn:orr_log_vlm_image][ln:132] - VLM image not found at path: /home/chenkejun/beauty/conceptgraphs/data/Replica/room0/exps/smoke_detections_stride20/vis/frame000000annotated_for_vlm_w_edges.jpg
Done! Execution time of detections_to_obj_pcd_and_bbox function: 0.34 seconds
[2026-08-02 14:13:50,192][DEBUG][m:optional_wandb_wrapper][fn:method][ln:139] - Skipping optional wandb call to 'log' because wandb usage is disabled.
 20%|██        | 1/5 [00:00<00:03,  1.15it/s][2026-08-02 14:13:50,193][DEBUG][m:optional_rerun_wrapper][fn:method][ln:40] - Skipping optional rerun call to 'set_time_sequence' because rerun usage is disabled.
[2026-08-02 14:13:50,216][DEBUG][m:PngImagePlugin][fn:call][ln:204] - STREAM b'IHDR' 16 13
[2026-08-02 14:13:50,216][DEBUG][m:PngImagePlugin][fn:call][ln:204] - STREAM b'IDAT' 41 8192
[2026-08-02 14:13:50,280][DEBUG][m:optional_rerun_wrapper][fn:method][ln:40] - Skipping optional rerun call to 'Pinhole' because rerun usage is disabled.
[2026-08-02 14:13:50,280][DEBUG][m:optional_rerun_wrapper][fn:method][ln:40] - Skipping optional rerun call to 'log' because rerun usage is disabled.
[2026-08-02 14:13:50,281][DEBUG][m:optional_rerun_wrapper][fn:method][ln:40] - Skipping optional rerun call to 'Transform3D' because rerun usage is disabled.
[2026-08-02 14:13:50,281][DEBUG][m:optional_rerun_wrapper][fn:method][ln:40] - Skipping optional rerun call to 'log' because rerun usage is disabled.
[2026-08-02 14:13:50,281][DEBUG][m:optional_rerun_wrapper][fn:method][ln:40] - Skipping optional rerun call to 'LineStrips3D' because rerun usage is disabled.
[2026-08-02 14:13:50,281][DEBUG][m:optional_rerun_wrapper][fn:method][ln:40] - Skipping optional rerun call to 'log' because rerun usage is disabled.
[2026-08-02 14:13:50,281][DEBUG][m:optional_rerun_wrapper][fn:method][ln:40] - Skipping optional rerun call to 'ImageEncoded' because rerun usage is disabled.
[2026-08-02 14:13:50,281][DEBUG][m:optional_rerun_wrapper][fn:method][ln:40] - Skipping optional rerun call to 'log' because rerun usage is disabled.
[2026-08-02 14:13:50,281][DEBUG][m:optional_rerun_wrapper][fn:method][ln:40] - Skipping optional rerun call to 'ImageEncoded' because rerun usage is disabled.
[2026-08-02 14:13:50,281][DEBUG][m:optional_rerun_wrapper][fn:method][ln:40] - Skipping optional rerun call to 'log' because rerun usage is disabled.
[2026-08-02 14:13:50,281][DEBUG][m:optional_rerun_wrapper][fn:method][ln:40] - Skipping optional rerun call to 'DepthImage' because rerun usage is disabled.
[2026-08-02 14:13:50,281][DEBUG][m:optional_rerun_wrapper][fn:method][ln:40] - Skipping optional rerun call to 'log' because rerun usage is disabled.
[2026-08-02 14:13:50,281][WARNING][m:optional_rerun_wrapper][fn:orr_log_vlm_image][ln:132] - VLM image not found at path: /home/chenkejun/beauty/conceptgraphs/data/Replica/room0/exps/smoke_detections_stride20/vis/frame000020annotated_for_vlm.jpg
[2026-08-02 14:13:50,281][WARNING][m:optional_rerun_wrapper][fn:orr_log_vlm_image][ln:132] - VLM image not found at path: /home/chenkejun/beauty/conceptgraphs/data/Replica/room0/exps/smoke_detections_stride20/vis/frame000020annotated_for_vlm_w_edges.jpg
Done! Execution time of detections_to_obj_pcd_and_bbox function: 0.13 seconds
[2026-08-02 14:13:50,942][DEBUG][m:optional_wandb_wrapper][fn:method][ln:139] - Skipping optional wandb call to 'log' because wandb usage is disabled.
Line 624, curr_edges_3d_by_index: []
[2026-08-02 14:13:50,942][DEBUG][m:optional_rerun_wrapper][fn:method][ln:40] - Skipping optional rerun call to 'Points3D' because rerun usage is disabled.
[2026-08-02 14:13:50,942][DEBUG][m:optional_rerun_wrapper][fn:method][ln:40] - Skipping optional rerun call to 'AnyValues' because rerun usage is disabled.
[2026-08-02 14:13:50,942][DEBUG][m:optional_rerun_wrapper][fn:method][ln:40] - Skipping optional rerun call to 'log' because rerun usage is disabled.
[2026-08-02 14:13:50,942][DEBUG][m:optional_rerun_wrapper][fn:method][ln:40] - Skipping optional rerun call to 'Points3D' because rerun usage is disabled.
[2026-08-02 14:13:50,942][DEBUG][m:optional_rerun_wrapper][fn:method][ln:40] - Skipping optional rerun call to 'AnyValues' because rerun usage is disabled.
[2026-08-02 14:13:50,942][DEBUG][m:optional_rerun_wrapper][fn:method][ln:40] - Skipping optional rerun call to 'log' because rerun usage is disabled.
[2026-08-02 14:13:50,942][DEBUG][m:optional_rerun_wrapper][fn:method][ln:40] - Skipping optional rerun call to 'Points3D' because rerun usage is disabled.
[2026-08-02 14:13:50,942][DEBUG][m:optional_rerun_wrapper][fn:method][ln:40] - Skipping optional rerun call to 'AnyValues' because rerun usage is disabled.
[2026-08-02 14:13:50,942][DEBUG][m:optional_rerun_wrapper][fn:method][ln:40] - Skipping optional rerun call to 'log' because rerun usage is disabled.
[2026-08-02 14:13:50,942][DEBUG][m:optional_rerun_wrapper][fn:method][ln:40] - Skipping optional rerun call to 'Boxes3D' because rerun usage is disabled.
[2026-08-02 14:13:50,942][DEBUG][m:optional_rerun_wrapper][fn:method][ln:40] - Skipping optional rerun call to 'AnyValues' because rerun usage is disabled.
[2026-08-02 14:13:50,942][DEBUG][m:optional_rerun_wrapper][fn:method][ln:40] - Skipping optional rerun call to 'log' because rerun usage is disabled.
[2026-08-02 14:13:50,943][DEBUG][m:optional_rerun_wrapper][fn:method][ln:40] - Skipping optional rerun call to 'Boxes3D' because rerun usage is disabled.
[2026-08-02 14:13:50,943][DEBUG][m:optional_rerun_wrapper][fn:method][ln:40] - Skipping optional rerun call to 'AnyValues' because rerun usage is disabled.
[2026-08-02 14:13:50,943][DEBUG][m:optional_rerun_wrapper][fn:method][ln:40] - Skipping optional rerun call to 'log' because rerun usage is disabled.
[2026-08-02 14:13:50,943][DEBUG][m:optional_rerun_wrapper][fn:method][ln:40] - Skipping optional rerun call to 'Boxes3D' because rerun usage is disabled.
[2026-08-02 14:13:50,943][DEBUG][m:optional_rerun_wrapper][fn:method][ln:40] - Skipping optional rerun call to 'AnyValues' because rerun usage is disabled.
[2026-08-02 14:13:50,943][DEBUG][m:optional_rerun_wrapper][fn:method][ln:40] - Skipping optional rerun call to 'log' because rerun usage is disabled.
[2026-08-02 14:13:50,943][DEBUG][m:optional_rerun_wrapper][fn:method][ln:40] - Skipping optional rerun call to 'Points3D' because rerun usage is disabled.
[2026-08-02 14:13:50,943][DEBUG][m:optional_rerun_wrapper][fn:method][ln:40] - Skipping optional rerun call to 'AnyValues' because rerun usage is disabled.
[2026-08-02 14:13:50,943][DEBUG][m:optional_rerun_wrapper][fn:method][ln:40] - Skipping optional rerun call to 'log' because rerun usage is disabled.
[2026-08-02 14:13:50,943][DEBUG][m:optional_rerun_wrapper][fn:method][ln:40] - Skipping optional rerun call to 'Points3D' because rerun usage is disabled.
[2026-08-02 14:13:50,943][DEBUG][m:optional_rerun_wrapper][fn:method][ln:40] - Skipping optional rerun call to 'AnyValues' because rerun usage is disabled.
[2026-08-02 14:13:50,943][DEBUG][m:optional_rerun_wrapper][fn:method][ln:40] - Skipping optional rerun call to 'log' because rerun usage is disabled.
[2026-08-02 14:13:50,943][DEBUG][m:optional_rerun_wrapper][fn:method][ln:40] - Skipping optional rerun call to 'Points3D' because rerun usage is disabled.
[2026-08-02 14:13:50,943][DEBUG][m:optional_rerun_wrapper][fn:method][ln:40] - Skipping optional rerun call to 'AnyValues' because rerun usage is disabled.
[2026-08-02 14:13:50,943][DEBUG][m:optional_rerun_wrapper][fn:method][ln:40] - Skipping optional rerun call to 'log' because rerun usage is disabled.
[2026-08-02 14:13:50,943][DEBUG][m:optional_rerun_wrapper][fn:method][ln:40] - Skipping optional rerun call to 'Boxes3D' because rerun usage is disabled.
[2026-08-02 14:13:50,943][DEBUG][m:optional_rerun_wrapper][fn:method][ln:40] - Skipping optional rerun call to 'AnyValues' because rerun usage is disabled.
[2026-08-02 14:13:50,943][DEBUG][m:optional_rerun_wrapper][fn:method][ln:40] - Skipping optional rerun call to 'log' because rerun usage is disabled.
[2026-08-02 14:13:50,943][DEBUG][m:optional_rerun_wrapper][fn:method][ln:40] - Skipping optional rerun call to 'Boxes3D' because rerun usage is disabled.
[2026-08-02 14:13:50,943][DEBUG][m:optional_rerun_wrapper][fn:method][ln:40] - Skipping optional rerun call to 'AnyValues' because rerun usage is disabled.
[2026-08-02 14:13:50,943][DEBUG][m:optional_rerun_wrapper][fn:method][ln:40] - Skipping optional rerun call to 'log' because rerun usage is disabled.
[2026-08-02 14:13:50,943][DEBUG][m:optional_rerun_wrapper][fn:method][ln:40] - Skipping optional rerun call to 'Boxes3D' because rerun usage is disabled.
[2026-08-02 14:13:50,943][DEBUG][m:optional_rerun_wrapper][fn:method][ln:40] - Skipping optional rerun call to 'AnyValues' because rerun usage is disabled.
[2026-08-02 14:13:50,943][DEBUG][m:optional_rerun_wrapper][fn:method][ln:40] - Skipping optional rerun call to 'log' because rerun usage is disabled.
[2026-08-02 14:13:50,943][DEBUG][m:optional_rerun_wrapper][fn:method][ln:40] - Skipping optional rerun call to 'Points3D' because rerun usage is disabled.
[2026-08-02 14:13:50,943][DEBUG][m:optional_rerun_wrapper][fn:method][ln:40] - Skipping optional rerun call to 'AnyValues' because rerun usage is disabled.
[2026-08-02 14:13:50,943][DEBUG][m:optional_rerun_wrapper][fn:method][ln:40] - Skipping optional rerun call to 'log' because rerun usage is disabled.
[2026-08-02 14:13:50,943][DEBUG][m:optional_rerun_wrapper][fn:method][ln:40] - Skipping optional rerun call to 'Points3D' because rerun usage is disabled.
[2026-08-02 14:13:50,943][DEBUG][m:optional_rerun_wrapper][fn:method][ln:40] - Skipping optional rerun call to 'AnyValues' because rerun usage is disabled.
[2026-08-02 14:13:50,943][DEBUG][m:optional_rerun_wrapper][fn:method][ln:40] - Skipping optional rerun call to 'log' because rerun usage is disabled.
[2026-08-02 14:13:50,943][DEBUG][m:optional_rerun_wrapper][fn:method][ln:40] - Skipping optional rerun call to 'Points3D' because rerun usage is disabled.
[2026-08-02 14:13:50,943][DEBUG][m:optional_rerun_wrapper][fn:method][ln:40] - Skipping optional rerun call to 'AnyValues' because rerun usage is disabled.
[2026-08-02 14:13:50,944][DEBUG][m:optional_rerun_wrapper][fn:method][ln:40] - Skipping optional rerun call to 'log' because rerun usage is disabled.
[2026-08-02 14:13:50,944][DEBUG][m:optional_rerun_wrapper][fn:method][ln:40] - Skipping optional rerun call to 'Boxes3D' because rerun usage is disabled.
[2026-08-02 14:13:50,944][DEBUG][m:optional_rerun_wrapper][fn:method][ln:40] - Skipping optional rerun call to 'AnyValues' because rerun usage is disabled.
[2026-08-02 14:13:50,944][DEBUG][m:optional_rerun_wrapper][fn:method][ln:40] - Skipping optional rerun call to 'log' because rerun usage is disabled.
[2026-08-02 14:13:50,944][DEBUG][m:optional_rerun_wrapper][fn:method][ln:40] - Skipping optional rerun call to 'Boxes3D' because rerun usage is disabled.
[2026-08-02 14:13:50,944][DEBUG][m:optional_rerun_wrapper][fn:method][ln:40] - Skipping optional rerun call to 'AnyValues' because rerun usage is disabled.
[2026-08-02 14:13:50,944][DEBUG][m:optional_rerun_wrapper][fn:method][ln:40] - Skipping optional rerun call to 'log' because rerun usage is disabled.
[2026-08-02 14:13:50,944][DEBUG][m:optional_rerun_wrapper][fn:method][ln:40] - Skipping optional rerun call to 'Boxes3D' because rerun usage is disabled.
[2026-08-02 14:13:50,944][DEBUG][m:optional_rerun_wrapper][fn:method][ln:40] - Skipping optional rerun call to 'AnyValues' because rerun usage is disabled.
[2026-08-02 14:13:50,944][DEBUG][m:optional_rerun_wrapper][fn:method][ln:40] - Skipping optional rerun call to 'log' because rerun usage is disabled.
[2026-08-02 14:13:50,944][DEBUG][m:optional_rerun_wrapper][fn:method][ln:40] - Skipping optional rerun call to 'Points3D' because rerun usage is disabled.
[2026-08-02 14:13:50,944][DEBUG][m:optional_rerun_wrapper][fn:method][ln:40] - Skipping optional rerun call to 'AnyValues' because rerun usage is disabled.
[2026-08-02 14:13:50,944][DEBUG][m:optional_rerun_wrapper][fn:method][ln:40] - Skipping optional rerun call to 'log' because rerun usage is disabled.
[2026-08-02 14:13:50,944][DEBUG][m:optional_rerun_wrapper][fn:method][ln:40] - Skipping optional rerun call to 'Points3D' because rerun usage is disabled.
[2026-08-02 14:13:50,944][DEBUG][m:optional_rerun_wrapper][fn:method][ln:40] - Skipping optional rerun call to 'AnyValues' because rerun usage is disabled.
[2026-08-02 14:13:50,944][DEBUG][m:optional_rerun_wrapper][fn:method][ln:40] - Skipping optional rerun call to 'log' because rerun usage is disabled.
[2026-08-02 14:13:50,944][DEBUG][m:optional_rerun_wrapper][fn:method][ln:40] - Skipping optional rerun call to 'Points3D' because rerun usage is disabled.
[2026-08-02 14:13:50,944][DEBUG][m:optional_rerun_wrapper][fn:method][ln:40] - Skipping optional rerun call to 'AnyValues' because rerun usage is disabled.
[2026-08-02 14:13:50,944][DEBUG][m:optional_rerun_wrapper][fn:method][ln:40] - Skipping optional rerun call to 'log' because rerun usage is disabled.
[2026-08-02 14:13:50,944][DEBUG][m:optional_rerun_wrapper][fn:method][ln:40] - Skipping optional rerun call to 'Boxes3D' because rerun usage is disabled.
[2026-08-02 14:13:50,944][DEBUG][m:optional_rerun_wrapper][fn:method][ln:40] - Skipping optional rerun call to 'AnyValues' because rerun usage is disabled.
[2026-08-02 14:13:50,944][DEBUG][m:optional_rerun_wrapper][fn:method][ln:40] - Skipping optional rerun call to 'log' because rerun usage is disabled.
[2026-08-02 14:13:50,944][DEBUG][m:optional_rerun_wrapper][fn:method][ln:40] - Skipping optional rerun call to 'Boxes3D' because rerun usage is disabled.
[2026-08-02 14:13:50,944][DEBUG][m:optional_rerun_wrapper][fn:method][ln:40] - Skipping optional rerun call to 'AnyValues' because rerun usage is disabled.
[2026-08-02 14:13:50,944][DEBUG][m:optional_rerun_wrapper][fn:method][ln:40] - Skipping optional rerun call to 'log' because rerun usage is disabled.
[2026-08-02 14:13:50,944][DEBUG][m:optional_rerun_wrapper][fn:method][ln:40] - Skipping optional rerun call to 'Boxes3D' because rerun usage is disabled.
[2026-08-02 14:13:50,944][DEBUG][m:optional_rerun_wrapper][fn:method][ln:40] - Skipping optional rerun call to 'AnyValues' because rerun usage is disabled.
[2026-08-02 14:13:50,944][DEBUG][m:optional_rerun_wrapper][fn:method][ln:40] - Skipping optional rerun call to 'log' because rerun usage is disabled.
[2026-08-02 14:13:50,944][DEBUG][m:optional_rerun_wrapper][fn:method][ln:40] - Skipping optional rerun call to 'Points3D' because rerun usage is disabled.
[2026-08-02 14:13:50,944][DEBUG][m:optional_rerun_wrapper][fn:method][ln:40] - Skipping optional rerun call to 'AnyValues' because rerun usage is disabled.
[2026-08-02 14:13:50,944][DEBUG][m:optional_rerun_wrapper][fn:method][ln:40] - Skipping optional rerun call to 'log' because rerun usage is disabled.
[2026-08-02 14:13:50,944][DEBUG][m:optional_rerun_wrapper][fn:method][ln:40] - Skipping optional rerun call to 'Points3D' because rerun usage is disabled.
[2026-08-02 14:13:50,945][DEBUG][m:optional_rerun_wrapper][fn:method][ln:40] - Skipping optional rerun call to 'AnyValues' because rerun usage is disabled.
[2026-08-02 14:13:50,945][DEBUG][m:optional_rerun_wrapper][fn:method][ln:40] - Skipping optional rerun call to 'log' because rerun usage is disabled.
[2026-08-02 14:13:50,945][DEBUG][m:optional_rerun_wrapper][fn:method][ln:40] - Skipping optional rerun call to 'Points3D' because rerun usage is disabled.
[2026-08-02 14:13:50,945][DEBUG][m:optional_rerun_wrapper][fn:method][ln:40] - Skipping optional rerun call to 'AnyValues' because rerun usage is disabled.
[2026-08-02 14:13:50,945][DEBUG][m:optional_rerun_wrapper][fn:method][ln:40] - Skipping optional rerun call to 'log' because rerun usage is disabled.
[2026-08-02 14:13:50,945][DEBUG][m:optional_rerun_wrapper][fn:method][ln:40] - Skipping optional rerun call to 'Boxes3D' because rerun usage is disabled.
[2026-08-02 14:13:50,945][DEBUG][m:optional_rerun_wrapper][fn:method][ln:40] - Skipping optional rerun call to 'AnyValues' because rerun usage is disabled.
[2026-08-02 14:13:50,945][DEBUG][m:optional_rerun_wrapper][fn:method][ln:40] - Skipping optional rerun call to 'log' because rerun usage is disabled.
[2026-08-02 14:13:50,945][DEBUG][m:optional_rerun_wrapper][fn:method][ln:40] - Skipping optional rerun call to 'Boxes3D' because rerun usage is disabled.
[2026-08-02 14:13:50,945][DEBUG][m:optional_rerun_wrapper][fn:method][ln:40] - Skipping optional rerun call to 'AnyValues' because rerun usage is disabled.
[2026-08-02 14:13:50,945][DEBUG][m:optional_rerun_wrapper][fn:method][ln:40] - Skipping optional rerun call to 'log' because rerun usage is disabled.
[2026-08-02 14:13:50,945][DEBUG][m:optional_rerun_wrapper][fn:method][ln:40] - Skipping optional rerun call to 'Boxes3D' because rerun usage is disabled.
[2026-08-02 14:13:50,945][DEBUG][m:optional_rerun_wrapper][fn:method][ln:40] - Skipping optional rerun call to 'AnyValues' because rerun usage is disabled.
[2026-08-02 14:13:50,945][DEBUG][m:optional_rerun_wrapper][fn:method][ln:40] - Skipping optional rerun call to 'log' because rerun usage is disabled.
[2026-08-02 14:13:50,945][DEBUG][m:optional_rerun_wrapper][fn:method][ln:40] - Skipping optional rerun call to 'Points3D' because rerun usage is disabled.
[2026-08-02 14:13:50,945][DEBUG][m:optional_rerun_wrapper][fn:method][ln:40] - Skipping optional rerun call to 'AnyValues' because rerun usage is disabled.
[2026-08-02 14:13:50,945][DEBUG][m:optional_rerun_wrapper][fn:method][ln:40] - Skipping optional rerun call to 'log' because rerun usage is disabled.
[2026-08-02 14:13:50,945][DEBUG][m:optional_rerun_wrapper][fn:method][ln:40] - Skipping optional rerun call to 'Points3D' because rerun usage is disabled.
[2026-08-02 14:13:50,945][DEBUG][m:optional_rerun_wrapper][fn:method][ln:40] - Skipping optional rerun call to 'AnyValues' because rerun usage is disabled.
[2026-08-02 14:13:50,945][DEBUG][m:optional_rerun_wrapper][fn:method][ln:40] - Skipping optional rerun call to 'log' because rerun usage is disabled.
[2026-08-02 14:13:50,945][DEBUG][m:optional_rerun_wrapper][fn:method][ln:40] - Skipping optional rerun call to 'Points3D' because rerun usage is disabled.
[2026-08-02 14:13:50,945][DEBUG][m:optional_rerun_wrapper][fn:method][ln:40] - Skipping optional rerun call to 'AnyValues' because rerun usage is disabled.
[2026-08-02 14:13:50,945][DEBUG][m:optional_rerun_wrapper][fn:method][ln:40] - Skipping optional rerun call to 'log' because rerun usage is disabled.
[2026-08-02 14:13:50,945][DEBUG][m:optional_rerun_wrapper][fn:method][ln:40] - Skipping optional rerun call to 'Boxes3D' because rerun usage is disabled.
[2026-08-02 14:13:50,945][DEBUG][m:optional_rerun_wrapper][fn:method][ln:40] - Skipping optional rerun call to 'AnyValues' because rerun usage is disabled.
[2026-08-02 14:13:50,945][DEBUG][m:optional_rerun_wrapper][fn:method][ln:40] - Skipping optional rerun call to 'log' because rerun usage is disabled.
[2026-08-02 14:13:50,945][DEBUG][m:optional_rerun_wrapper][fn:method][ln:40] - Skipping optional rerun call to 'Boxes3D' because rerun usage is disabled.
[2026-08-02 14:13:50,945][DEBUG][m:optional_rerun_wrapper][fn:method][ln:40] - Skipping optional rerun call to 'AnyValues' because rerun usage is disabled.
[2026-08-02 14:13:50,945][DEBUG][m:optional_rerun_wrapper][fn:method][ln:40] - Skipping optional rerun call to 'log' because rerun usage is disabled.
[2026-08-02 14:13:50,945][DEBUG][m:optional_rerun_wrapper][fn:method][ln:40] - Skipping optional rerun call to 'Boxes3D' because rerun usage is disabled.
[2026-08-02 14:13:50,945][DEBUG][m:optional_rerun_wrapper][fn:method][ln:40] - Skipping optional rerun call to 'AnyValues' because rerun usage is disabled.
[2026-08-02 14:13:50,945][DEBUG][m:optional_rerun_wrapper][fn:method][ln:40] - Skipping optional rerun call to 'log' because rerun usage is disabled.
[2026-08-02 14:13:50,945][DEBUG][m:optional_rerun_wrapper][fn:method][ln:40] - Skipping optional rerun call to 'Points3D' because rerun usage is disabled.
[2026-08-02 14:13:50,946][DEBUG][m:optional_rerun_wrapper][fn:method][ln:40] - Skipping optional rerun call to 'AnyValues' because rerun usage is disabled.
[2026-08-02 14:13:50,946][DEBUG][m:optional_rerun_wrapper][fn:method][ln:40] - Skipping optional rerun call to 'log' because rerun usage is disabled.
[2026-08-02 14:13:50,946][DEBUG][m:optional_rerun_wrapper][fn:method][ln:40] - Skipping optional rerun call to 'Points3D' because rerun usage is disabled.
[2026-08-02 14:13:50,946][DEBUG][m:optional_rerun_wrapper][fn:method][ln:40] - Skipping optional rerun call to 'AnyValues' because rerun usage is disabled.
[2026-08-02 14:13:50,946][DEBUG][m:optional_rerun_wrapper][fn:method][ln:40] - Skipping optional rerun call to 'log' because rerun usage is disabled.
[2026-08-02 14:13:50,946][DEBUG][m:optional_rerun_wrapper][fn:method][ln:40] - Skipping optional rerun call to 'Points3D' because rerun usage is disabled.
[2026-08-02 14:13:50,946][DEBUG][m:optional_rerun_wrapper][fn:method][ln:40] - Skipping optional rerun call to 'AnyValues' because rerun usage is disabled.
[2026-08-02 14:13:50,946][DEBUG][m:optional_rerun_wrapper][fn:method][ln:40] - Skipping optional rerun call to 'log' because rerun usage is disabled.
[2026-08-02 14:13:50,946][DEBUG][m:optional_rerun_wrapper][fn:method][ln:40] - Skipping optional rerun call to 'Boxes3D' because rerun usage is disabled.
[2026-08-02 14:13:50,946][DEBUG][m:optional_rerun_wrapper][fn:method][ln:40] - Skipping optional rerun call to 'AnyValues' because rerun usage is disabled.
[2026-08-02 14:13:50,946][DEBUG][m:optional_rerun_wrapper][fn:method][ln:40] - Skipping optional rerun call to 'log' because rerun usage is disabled.
[2026-08-02 14:13:50,946][DEBUG][m:optional_rerun_wrapper][fn:method][ln:40] - Skipping optional rerun call to 'Boxes3D' because rerun usage is disabled.
[2026-08-02 14:13:50,946][DEBUG][m:optional_rerun_wrapper][fn:method][ln:40] - Skipping optional rerun call to 'AnyValues' because rerun usage is disabled.
[2026-08-02 14:13:50,946][DEBUG][m:optional_rerun_wrapper][fn:method][ln:40] - Skipping optional rerun call to 'log' because rerun usage is disabled.
[2026-08-02 14:13:50,946][DEBUG][m:optional_rerun_wrapper][fn:method][ln:40] - Skipping optional rerun call to 'Boxes3D' because rerun usage is disabled.
[2026-08-02 14:13:50,946][DEBUG][m:optional_rerun_wrapper][fn:method][ln:40] - Skipping optional rerun call to 'AnyValues' because rerun usage is disabled.
[2026-08-02 14:13:50,946][DEBUG][m:optional_rerun_wrapper][fn:method][ln:40] - Skipping optional rerun call to 'log' because rerun usage is disabled.
[2026-08-02 14:13:50,946][DEBUG][m:optional_rerun_wrapper][fn:method][ln:40] - Skipping optional rerun call to 'Points3D' because rerun usage is disabled.
[2026-08-02 14:13:50,946][DEBUG][m:optional_rerun_wrapper][fn:method][ln:40] - Skipping optional rerun call to 'AnyValues' because rerun usage is disabled.
[2026-08-02 14:13:50,946][DEBUG][m:optional_rerun_wrapper][fn:method][ln:40] - Skipping optional rerun call to 'log' because rerun usage is disabled.
[2026-08-02 14:13:50,946][DEBUG][m:optional_rerun_wrapper][fn:method][ln:40] - Skipping optional rerun call to 'Points3D' because rerun usage is disabled.
[2026-08-02 14:13:50,946][DEBUG][m:optional_rerun_wrapper][fn:method][ln:40] - Skipping optional rerun call to 'AnyValues' because rerun usage is disabled.
[2026-08-02 14:13:50,946][DEBUG][m:optional_rerun_wrapper][fn:method][ln:40] - Skipping optional rerun call to 'log' because rerun usage is disabled.
[2026-08-02 14:13:50,946][DEBUG][m:optional_rerun_wrapper][fn:method][ln:40] - Skipping optional rerun call to 'Points3D' because rerun usage is disabled.
[2026-08-02 14:13:50,946][DEBUG][m:optional_rerun_wrapper][fn:method][ln:40] - Skipping optional rerun call to 'AnyValues' because rerun usage is disabled.
[2026-08-02 14:13:50,946][DEBUG][m:optional_rerun_wrapper][fn:method][ln:40] - Skipping optional rerun call to 'log' because rerun usage is disabled.
[2026-08-02 14:13:50,946][DEBUG][m:optional_rerun_wrapper][fn:method][ln:40] - Skipping optional rerun call to 'Boxes3D' because rerun usage is disabled.
[2026-08-02 14:13:50,946][DEBUG][m:optional_rerun_wrapper][fn:method][ln:40] - Skipping optional rerun call to 'AnyValues' because rerun usage is disabled.
[2026-08-02 14:13:50,946][DEBUG][m:optional_rerun_wrapper][fn:method][ln:40] - Skipping optional rerun call to 'log' because rerun usage is disabled.
[2026-08-02 14:13:50,946][DEBUG][m:optional_rerun_wrapper][fn:method][ln:40] - Skipping optional rerun call to 'Boxes3D' because rerun usage is disabled.
[2026-08-02 14:13:50,946][DEBUG][m:optional_rerun_wrapper][fn:method][ln:40] - Skipping optional rerun call to 'AnyValues' because rerun usage is disabled.
[2026-08-02 14:13:50,946][DEBUG][m:optional_rerun_wrapper][fn:method][ln:40] - Skipping optional rerun call to 'log' because rerun usage is disabled.
[2026-08-02 14:13:50,946][DEBUG][m:optional_rerun_wrapper][fn:method][ln:40] - Skipping optional rerun call to 'Boxes3D' because rerun usage is disabled.
[2026-08-02 14:13:50,947][DEBUG][m:optional_rerun_wrapper][fn:method][ln:40] - Skipping optional rerun call to 'AnyValues' because rerun usage is disabled.
[2026-08-02 14:13:50,947][DEBUG][m:optional_rerun_wrapper][fn:method][ln:40] - Skipping optional rerun call to 'log' because rerun usage is disabled.
[2026-08-02 14:13:50,947][DEBUG][m:optional_rerun_wrapper][fn:method][ln:40] - Skipping optional rerun call to 'Points3D' because rerun usage is disabled.
[2026-08-02 14:13:50,947][DEBUG][m:optional_rerun_wrapper][fn:method][ln:40] - Skipping optional rerun call to 'AnyValues' because rerun usage is disabled.
[2026-08-02 14:13:50,947][DEBUG][m:optional_rerun_wrapper][fn:method][ln:40] - Skipping optional rerun call to 'log' because rerun usage is disabled.
[2026-08-02 14:13:50,947][DEBUG][m:optional_rerun_wrapper][fn:method][ln:40] - Skipping optional rerun call to 'Points3D' because rerun usage is disabled.
[2026-08-02 14:13:50,947][DEBUG][m:optional_rerun_wrapper][fn:method][ln:40] - Skipping optional rerun call to 'AnyValues' because rerun usage is disabled.
[2026-08-02 14:13:50,947][DEBUG][m:optional_rerun_wrapper][fn:method][ln:40] - Skipping optional rerun call to 'log' because rerun usage is disabled.
[2026-08-02 14:13:50,947][DEBUG][m:optional_rerun_wrapper][fn:method][ln:40] - Skipping optional rerun call to 'Points3D' because rerun usage is disabled.
[2026-08-02 14:13:50,947][DEBUG][m:optional_rerun_wrapper][fn:method][ln:40] - Skipping optional rerun call to 'AnyValues' because rerun usage is disabled.
[2026-08-02 14:13:50,947][DEBUG][m:optional_rerun_wrapper][fn:method][ln:40] - Skipping optional rerun call to 'log' because rerun usage is disabled.
[2026-08-02 14:13:50,947][DEBUG][m:optional_rerun_wrapper][fn:method][ln:40] - Skipping optional rerun call to 'Boxes3D' because rerun usage is disabled.
[2026-08-02 14:13:50,947][DEBUG][m:optional_rerun_wrapper][fn:method][ln:40] - Skipping optional rerun call to 'AnyValues' because rerun usage is disabled.
[2026-08-02 14:13:50,947][DEBUG][m:optional_rerun_wrapper][fn:method][ln:40] - Skipping optional rerun call to 'log' because rerun usage is disabled.
[2026-08-02 14:13:50,947][DEBUG][m:optional_rerun_wrapper][fn:method][ln:40] - Skipping optional rerun call to 'Boxes3D' because rerun usage is disabled.
[2026-08-02 14:13:50,947][DEBUG][m:optional_rerun_wrapper][fn:method][ln:40] - Skipping optional rerun call to 'AnyValues' because rerun usage is disabled.
[2026-08-02 14:13:50,947][DEBUG][m:optional_rerun_wrapper][fn:method][ln:40] - Skipping optional rerun call to 'log' because rerun usage is disabled.
[2026-08-02 14:13:50,947][DEBUG][m:optional_rerun_wrapper][fn:method][ln:40] - Skipping optional rerun call to 'Boxes3D' because rerun usage is disabled.
[2026-08-02 14:13:50,947][DEBUG][m:optional_rerun_wrapper][fn:method][ln:40] - Skipping optional rerun call to 'AnyValues' because rerun usage is disabled.
[2026-08-02 14:13:50,947][DEBUG][m:optional_rerun_wrapper][fn:method][ln:40] - Skipping optional rerun call to 'log' because rerun usage is disabled.
[2026-08-02 14:13:50,947][DEBUG][m:optional_rerun_wrapper][fn:method][ln:40] - Skipping optional rerun call to 'Points3D' because rerun usage is disabled.
[2026-08-02 14:13:50,947][DEBUG][m:optional_rerun_wrapper][fn:method][ln:40] - Skipping optional rerun call to 'AnyValues' because rerun usage is disabled.
[2026-08-02 14:13:50,947][DEBUG][m:optional_rerun_wrapper][fn:method][ln:40] - Skipping optional rerun call to 'log' because rerun usage is disabled.
[2026-08-02 14:13:50,947][DEBUG][m:optional_rerun_wrapper][fn:method][ln:40] - Skipping optional rerun call to 'Points3D' because rerun usage is disabled.
[2026-08-02 14:13:50,947][DEBUG][m:optional_rerun_wrapper][fn:method][ln:40] - Skipping optional rerun call to 'AnyValues' because rerun usage is disabled.
[2026-08-02 14:13:50,947][DEBUG][m:optional_rerun_wrapper][fn:method][ln:40] - Skipping optional rerun call to 'log' because rerun usage is disabled.
[2026-08-02 14:13:50,947][DEBUG][m:optional_rerun_wrapper][fn:method][ln:40] - Skipping optional rerun call to 'Points3D' because rerun usage is disabled.
[2026-08-02 14:13:50,947][DEBUG][m:optional_rerun_wrapper][fn:method][ln:40] - Skipping optional rerun call to 'AnyValues' because rerun usage is disabled.
[2026-08-02 14:13:50,947][DEBUG][m:optional_rerun_wrapper][fn:method][ln:40] - Skipping optional rerun call to 'log' because rerun usage is disabled.
[2026-08-02 14:13:50,947][DEBUG][m:optional_rerun_wrapper][fn:method][ln:40] - Skipping optional rerun call to 'Boxes3D' because rerun usage is disabled.
[2026-08-02 14:13:50,947][DEBUG][m:optional_rerun_wrapper][fn:method][ln:40] - Skipping optional rerun call to 'AnyValues' because rerun usage is disabled.
[2026-08-02 14:13:50,948][DEBUG][m:optional_rerun_wrapper][fn:method][ln:40] - Skipping optional rerun call to 'log' because rerun usage is disabled.
[2026-08-02 14:13:50,948][DEBUG][m:optional_rerun_wrapper][fn:method][ln:40] - Skipping optional rerun call to 'Boxes3D' because rerun usage is disabled.
[2026-08-02 14:13:50,948][DEBUG][m:optional_rerun_wrapper][fn:method][ln:40] - Skipping optional rerun call to 'AnyValues' because rerun usage is disabled.
[2026-08-02 14:13:50,948][DEBUG][m:optional_rerun_wrapper][fn:method][ln:40] - Skipping optional rerun call to 'log' because rerun usage is disabled.
[2026-08-02 14:13:50,948][DEBUG][m:optional_rerun_wrapper][fn:method][ln:40] - Skipping optional rerun call to 'Boxes3D' because rerun usage is disabled.
[2026-08-02 14:13:50,948][DEBUG][m:optional_rerun_wrapper][fn:method][ln:40] - Skipping optional rerun call to 'AnyValues' because rerun usage is disabled.
[2026-08-02 14:13:50,948][DEBUG][m:optional_rerun_wrapper][fn:method][ln:40] - Skipping optional rerun call to 'log' because rerun usage is disabled.
[2026-08-02 14:13:50,948][DEBUG][m:optional_rerun_wrapper][fn:method][ln:40] - Skipping optional rerun call to 'Points3D' because rerun usage is disabled.
[2026-08-02 14:13:50,948][DEBUG][m:optional_rerun_wrapper][fn:method][ln:40] - Skipping optional rerun call to 'AnyValues' because rerun usage is disabled.
[2026-08-02 14:13:50,948][DEBUG][m:optional_rerun_wrapper][fn:method][ln:40] - Skipping optional rerun call to 'log' because rerun usage is disabled.
[2026-08-02 14:13:50,948][DEBUG][m:optional_rerun_wrapper][fn:method][ln:40] - Skipping optional rerun call to 'Points3D' because rerun usage is disabled.
[2026-08-02 14:13:50,948][DEBUG][m:optional_rerun_wrapper][fn:method][ln:40] - Skipping optional rerun call to 'AnyValues' because rerun usage is disabled.
[2026-08-02 14:13:50,948][DEBUG][m:optional_rerun_wrapper][fn:method][ln:40] - Skipping optional rerun call to 'log' because rerun usage is disabled.
[2026-08-02 14:13:50,948][DEBUG][m:optional_rerun_wrapper][fn:method][ln:40] - Skipping optional rerun call to 'Points3D' because rerun usage is disabled.
[2026-08-02 14:13:50,948][DEBUG][m:optional_rerun_wrapper][fn:method][ln:40] - Skipping optional rerun call to 'AnyValues' because rerun usage is disabled.
[2026-08-02 14:13:50,948][DEBUG][m:optional_rerun_wrapper][fn:method][ln:40] - Skipping optional rerun call to 'log' because rerun usage is disabled.
[2026-08-02 14:13:50,948][DEBUG][m:optional_rerun_wrapper][fn:method][ln:40] - Skipping optional rerun call to 'Boxes3D' because rerun usage is disabled.
[2026-08-02 14:13:50,948][DEBUG][m:optional_rerun_wrapper][fn:method][ln:40] - Skipping optional rerun call to 'AnyValues' because rerun usage is disabled.
[2026-08-02 14:13:50,948][DEBUG][m:optional_rerun_wrapper][fn:method][ln:40] - Skipping optional rerun call to 'log' because rerun usage is disabled.
[2026-08-02 14:13:50,948][DEBUG][m:optional_rerun_wrapper][fn:method][ln:40] - Skipping optional rerun call to 'Boxes3D' because rerun usage is disabled.
[2026-08-02 14:13:50,948][DEBUG][m:optional_rerun_wrapper][fn:method][ln:40] - Skipping optional rerun call to 'AnyValues' because rerun usage is disabled.
[2026-08-02 14:13:50,948][DEBUG][m:optional_rerun_wrapper][fn:method][ln:40] - Skipping optional rerun call to 'log' because rerun usage is disabled.
[2026-08-02 14:13:50,948][DEBUG][m:optional_rerun_wrapper][fn:method][ln:40] - Skipping optional rerun call to 'Boxes3D' because rerun usage is disabled.
[2026-08-02 14:13:50,948][DEBUG][m:optional_rerun_wrapper][fn:method][ln:40] - Skipping optional rerun call to 'AnyValues' because rerun usage is disabled.
[2026-08-02 14:13:50,948][DEBUG][m:optional_rerun_wrapper][fn:method][ln:40] - Skipping optional rerun call to 'log' because rerun usage is disabled.
[2026-08-02 14:13:50,948][DEBUG][m:optional_rerun_wrapper][fn:method][ln:40] - Skipping optional rerun call to 'Points3D' because rerun usage is disabled.
[2026-08-02 14:13:50,948][DEBUG][m:optional_rerun_wrapper][fn:method][ln:40] - Skipping optional rerun call to 'AnyValues' because rerun usage is disabled.
[2026-08-02 14:13:50,948][DEBUG][m:optional_rerun_wrapper][fn:method][ln:40] - Skipping optional rerun call to 'log' because rerun usage is disabled.
[2026-08-02 14:13:50,948][DEBUG][m:optional_rerun_wrapper][fn:method][ln:40] - Skipping optional rerun call to 'Points3D' because rerun usage is disabled.
[2026-08-02 14:13:50,948][DEBUG][m:optional_rerun_wrapper][fn:method][ln:40] - Skipping optional rerun call to 'AnyValues' because rerun usage is disabled.
[2026-08-02 14:13:50,948][DEBUG][m:optional_rerun_wrapper][fn:method][ln:40] - Skipping optional rerun call to 'log' because rerun usage is disabled.
[2026-08-02 14:13:50,948][DEBUG][m:optional_rerun_wrapper][fn:method][ln:40] - Skipping optional rerun call to 'Points3D' because rerun usage is disabled.
[2026-08-02 14:13:50,948][DEBUG][m:optional_rerun_wrapper][fn:method][ln:40] - Skipping optional rerun call to 'AnyValues' because rerun usage is disabled.
[2026-08-02 14:13:50,949][DEBUG][m:optional_rerun_wrapper][fn:method][ln:40] - Skipping optional rerun call to 'log' because rerun usage is disabled.
[2026-08-02 14:13:50,949][DEBUG][m:optional_rerun_wrapper][fn:method][ln:40] - Skipping optional rerun call to 'Boxes3D' because rerun usage is disabled.
[2026-08-02 14:13:50,949][DEBUG][m:optional_rerun_wrapper][fn:method][ln:40] - Skipping optional rerun call to 'AnyValues' because rerun usage is disabled.
[2026-08-02 14:13:50,949][DEBUG][m:optional_rerun_wrapper][fn:method][ln:40] - Skipping optional rerun call to 'log' because rerun usage is disabled.
[2026-08-02 14:13:50,949][DEBUG][m:optional_rerun_wrapper][fn:method][ln:40] - Skipping optional rerun call to 'Boxes3D' because rerun usage is disabled.
[2026-08-02 14:13:50,949][DEBUG][m:optional_rerun_wrapper][fn:method][ln:40] - Skipping optional rerun call to 'AnyValues' because rerun usage is disabled.
[2026-08-02 14:13:50,949][DEBUG][m:optional_rerun_wrapper][fn:method][ln:40] - Skipping optional rerun call to 'log' because rerun usage is disabled.
[2026-08-02 14:13:50,949][DEBUG][m:optional_rerun_wrapper][fn:method][ln:40] - Skipping optional rerun call to 'Boxes3D' because rerun usage is disabled.
[2026-08-02 14:13:50,949][DEBUG][m:optional_rerun_wrapper][fn:method][ln:40] - Skipping optional rerun call to 'AnyValues' because rerun usage is disabled.
[2026-08-02 14:13:50,949][DEBUG][m:optional_rerun_wrapper][fn:method][ln:40] - Skipping optional rerun call to 'log' because rerun usage is disabled.
[2026-08-02 14:13:50,949][DEBUG][m:optional_rerun_wrapper][fn:method][ln:40] - Skipping optional rerun call to 'Points3D' because rerun usage is disabled.
[2026-08-02 14:13:50,949][DEBUG][m:optional_rerun_wrapper][fn:method][ln:40] - Skipping optional rerun call to 'AnyValues' because rerun usage is disabled.
[2026-08-02 14:13:50,949][DEBUG][m:optional_rerun_wrapper][fn:method][ln:40] - Skipping optional rerun call to 'log' because rerun usage is disabled.
[2026-08-02 14:13:50,949][DEBUG][m:optional_rerun_wrapper][fn:method][ln:40] - Skipping optional rerun call to 'Points3D' because rerun usage is disabled.
[2026-08-02 14:13:50,949][DEBUG][m:optional_rerun_wrapper][fn:method][ln:40] - Skipping optional rerun call to 'AnyValues' because rerun usage is disabled.
[2026-08-02 14:13:50,949][DEBUG][m:optional_rerun_wrapper][fn:method][ln:40] - Skipping optional rerun call to 'log' because rerun usage is disabled.
[2026-08-02 14:13:50,949][DEBUG][m:optional_rerun_wrapper][fn:method][ln:40] - Skipping optional rerun call to 'Points3D' because rerun usage is disabled.
[2026-08-02 14:13:50,949][DEBUG][m:optional_rerun_wrapper][fn:method][ln:40] - Skipping optional rerun call to 'AnyValues' because rerun usage is disabled.
[2026-08-02 14:13:50,949][DEBUG][m:optional_rerun_wrapper][fn:method][ln:40] - Skipping optional rerun call to 'log' because rerun usage is disabled.
[2026-08-02 14:13:50,949][DEBUG][m:optional_rerun_wrapper][fn:method][ln:40] - Skipping optional rerun call to 'Boxes3D' because rerun usage is disabled.
[2026-08-02 14:13:50,949][DEBUG][m:optional_rerun_wrapper][fn:method][ln:40] - Skipping optional rerun call to 'AnyValues' because rerun usage is disabled.
[2026-08-02 14:13:50,949][DEBUG][m:optional_rerun_wrapper][fn:method][ln:40] - Skipping optional rerun call to 'log' because rerun usage is disabled.
[2026-08-02 14:13:50,949][DEBUG][m:optional_rerun_wrapper][fn:method][ln:40] - Skipping optional rerun call to 'Boxes3D' because rerun usage is disabled.
[2026-08-02 14:13:50,949][DEBUG][m:optional_rerun_wrapper][fn:method][ln:40] - Skipping optional rerun call to 'AnyValues' because rerun usage is disabled.
[2026-08-02 14:13:50,949][DEBUG][m:optional_rerun_wrapper][fn:method][ln:40] - Skipping optional rerun call to 'log' because rerun usage is disabled.
[2026-08-02 14:13:50,949][DEBUG][m:optional_rerun_wrapper][fn:method][ln:40] - Skipping optional rerun call to 'Boxes3D' because rerun usage is disabled.
[2026-08-02 14:13:50,949][DEBUG][m:optional_rerun_wrapper][fn:method][ln:40] - Skipping optional rerun call to 'AnyValues' because rerun usage is disabled.
[2026-08-02 14:13:50,949][DEBUG][m:optional_rerun_wrapper][fn:method][ln:40] - Skipping optional rerun call to 'log' because rerun usage is disabled.
[2026-08-02 14:13:50,949][DEBUG][m:optional_rerun_wrapper][fn:method][ln:40] - Skipping optional rerun call to 'Points3D' because rerun usage is disabled.
[2026-08-02 14:13:50,949][DEBUG][m:optional_rerun_wrapper][fn:method][ln:40] - Skipping optional rerun call to 'AnyValues' because rerun usage is disabled.
[2026-08-02 14:13:50,949][DEBUG][m:optional_rerun_wrapper][fn:method][ln:40] - Skipping optional rerun call to 'log' because rerun usage is disabled.
[2026-08-02 14:13:50,949][DEBUG][m:optional_rerun_wrapper][fn:method][ln:40] - Skipping optional rerun call to 'Points3D' because rerun usage is disabled.
[2026-08-02 14:13:50,949][DEBUG][m:optional_rerun_wrapper][fn:method][ln:40] - Skipping optional rerun call to 'AnyValues' because rerun usage is disabled.
[2026-08-02 14:13:50,950][DEBUG][m:optional_rerun_wrapper][fn:method][ln:40] - Skipping optional rerun call to 'log' because rerun usage is disabled.
[2026-08-02 14:13:50,950][DEBUG][m:optional_rerun_wrapper][fn:method][ln:40] - Skipping optional rerun call to 'Points3D' because rerun usage is disabled.
[2026-08-02 14:13:50,950][DEBUG][m:optional_rerun_wrapper][fn:method][ln:40] - Skipping optional rerun call to 'AnyValues' because rerun usage is disabled.
[2026-08-02 14:13:50,950][DEBUG][m:optional_rerun_wrapper][fn:method][ln:40] - Skipping optional rerun call to 'log' because rerun usage is disabled.
[2026-08-02 14:13:50,950][DEBUG][m:optional_rerun_wrapper][fn:method][ln:40] - Skipping optional rerun call to 'Boxes3D' because rerun usage is disabled.
[2026-08-02 14:13:50,950][DEBUG][m:optional_rerun_wrapper][fn:method][ln:40] - Skipping optional rerun call to 'AnyValues' because rerun usage is disabled.
[2026-08-02 14:13:50,950][DEBUG][m:optional_rerun_wrapper][fn:method][ln:40] - Skipping optional rerun call to 'log' because rerun usage is disabled.
[2026-08-02 14:13:50,950][DEBUG][m:optional_rerun_wrapper][fn:method][ln:40] - Skipping optional rerun call to 'Boxes3D' because rerun usage is disabled.
[2026-08-02 14:13:50,950][DEBUG][m:optional_rerun_wrapper][fn:method][ln:40] - Skipping optional rerun call to 'AnyValues' because rerun usage is disabled.
[2026-08-02 14:13:50,950][DEBUG][m:optional_rerun_wrapper][fn:method][ln:40] - Skipping optional rerun call to 'log' because rerun usage is disabled.
[2026-08-02 14:13:50,950][DEBUG][m:optional_rerun_wrapper][fn:method][ln:40] - Skipping optional rerun call to 'Boxes3D' because rerun usage is disabled.
[2026-08-02 14:13:50,950][DEBUG][m:optional_rerun_wrapper][fn:method][ln:40] - Skipping optional rerun call to 'AnyValues' because rerun usage is disabled.
[2026-08-02 14:13:50,950][DEBUG][m:optional_rerun_wrapper][fn:method][ln:40] - Skipping optional rerun call to 'log' because rerun usage is disabled.
[2026-08-02 14:13:50,950][DEBUG][m:optional_rerun_wrapper][fn:method][ln:40] - Skipping optional rerun call to 'Points3D' because rerun usage is disabled.
[2026-08-02 14:13:50,950][DEBUG][m:optional_rerun_wrapper][fn:method][ln:40] - Skipping optional rerun call to 'AnyValues' because rerun usage is disabled.
[2026-08-02 14:13:50,950][DEBUG][m:optional_rerun_wrapper][fn:method][ln:40] - Skipping optional rerun call to 'log' because rerun usage is disabled.
[2026-08-02 14:13:50,950][DEBUG][m:optional_rerun_wrapper][fn:method][ln:40] - Skipping optional rerun call to 'Points3D' because rerun usage is disabled.
[2026-08-02 14:13:50,950][DEBUG][m:optional_rerun_wrapper][fn:method][ln:40] - Skipping optional rerun call to 'AnyValues' because rerun usage is disabled.
[2026-08-02 14:13:50,950][DEBUG][m:optional_rerun_wrapper][fn:method][ln:40] - Skipping optional rerun call to 'log' because rerun usage is disabled.
[2026-08-02 14:13:50,950][DEBUG][m:optional_rerun_wrapper][fn:method][ln:40] - Skipping optional rerun call to 'Points3D' because rerun usage is disabled.
[2026-08-02 14:13:50,950][DEBUG][m:optional_rerun_wrapper][fn:method][ln:40] - Skipping optional rerun call to 'AnyValues' because rerun usage is disabled.
[2026-08-02 14:13:50,950][DEBUG][m:optional_rerun_wrapper][fn:method][ln:40] - Skipping optional rerun call to 'log' because rerun usage is disabled.
[2026-08-02 14:13:50,950][DEBUG][m:optional_rerun_wrapper][fn:method][ln:40] - Skipping optional rerun call to 'Boxes3D' because rerun usage is disabled.
[2026-08-02 14:13:50,950][DEBUG][m:optional_rerun_wrapper][fn:method][ln:40] - Skipping optional rerun call to 'AnyValues' because rerun usage is disabled.
[2026-08-02 14:13:50,950][DEBUG][m:optional_rerun_wrapper][fn:method][ln:40] - Skipping optional rerun call to 'log' because rerun usage is disabled.
[2026-08-02 14:13:50,950][DEBUG][m:optional_rerun_wrapper][fn:method][ln:40] - Skipping optional rerun call to 'Boxes3D' because rerun usage is disabled.
[2026-08-02 14:13:50,950][DEBUG][m:optional_rerun_wrapper][fn:method][ln:40] - Skipping optional rerun call to 'AnyValues' because rerun usage is disabled.
[2026-08-02 14:13:50,950][DEBUG][m:optional_rerun_wrapper][fn:method][ln:40] - Skipping optional rerun call to 'log' because rerun usage is disabled.
[2026-08-02 14:13:50,950][DEBUG][m:optional_rerun_wrapper][fn:method][ln:40] - Skipping optional rerun call to 'Boxes3D' because rerun usage is disabled.
[2026-08-02 14:13:50,950][DEBUG][m:optional_rerun_wrapper][fn:method][ln:40] - Skipping optional rerun call to 'AnyValues' because rerun usage is disabled.
[2026-08-02 14:13:50,950][DEBUG][m:optional_rerun_wrapper][fn:method][ln:40] - Skipping optional rerun call to 'log' because rerun usage is disabled.
[2026-08-02 14:13:50,950][DEBUG][m:optional_rerun_wrapper][fn:method][ln:40] - Skipping optional rerun call to 'Points3D' because rerun usage is disabled.
[2026-08-02 14:13:50,951][DEBUG][m:optional_rerun_wrapper][fn:method][ln:40] - Skipping optional rerun call to 'AnyValues' because rerun usage is disabled.
[2026-08-02 14:13:50,951][DEBUG][m:optional_rerun_wrapper][fn:method][ln:40] - Skipping optional rerun call to 'log' because rerun usage is disabled.
[2026-08-02 14:13:50,951][DEBUG][m:optional_rerun_wrapper][fn:method][ln:40] - Skipping optional rerun call to 'Points3D' because rerun usage is disabled.
[2026-08-02 14:13:50,951][DEBUG][m:optional_rerun_wrapper][fn:method][ln:40] - Skipping optional rerun call to 'AnyValues' because rerun usage is disabled.
[2026-08-02 14:13:50,951][DEBUG][m:optional_rerun_wrapper][fn:method][ln:40] - Skipping optional rerun call to 'log' because rerun usage is disabled.
[2026-08-02 14:13:50,951][DEBUG][m:optional_rerun_wrapper][fn:method][ln:40] - Skipping optional rerun call to 'Points3D' because rerun usage is disabled.
[2026-08-02 14:13:50,951][DEBUG][m:optional_rerun_wrapper][fn:method][ln:40] - Skipping optional rerun call to 'AnyValues' because rerun usage is disabled.
[2026-08-02 14:13:50,951][DEBUG][m:optional_rerun_wrapper][fn:method][ln:40] - Skipping optional rerun call to 'log' because rerun usage is disabled.
[2026-08-02 14:13:50,951][DEBUG][m:optional_rerun_wrapper][fn:method][ln:40] - Skipping optional rerun call to 'Boxes3D' because rerun usage is disabled.
[2026-08-02 14:13:50,951][DEBUG][m:optional_rerun_wrapper][fn:method][ln:40] - Skipping optional rerun call to 'AnyValues' because rerun usage is disabled.
[2026-08-02 14:13:50,951][DEBUG][m:optional_rerun_wrapper][fn:method][ln:40] - Skipping optional rerun call to 'log' because rerun usage is disabled.
[2026-08-02 14:13:50,951][DEBUG][m:optional_rerun_wrapper][fn:method][ln:40] - Skipping optional rerun call to 'Boxes3D' because rerun usage is disabled.
[2026-08-02 14:13:50,951][DEBUG][m:optional_rerun_wrapper][fn:method][ln:40] - Skipping optional rerun call to 'AnyValues' because rerun usage is disabled.
[2026-08-02 14:13:50,951][DEBUG][m:optional_rerun_wrapper][fn:method][ln:40] - Skipping optional rerun call to 'log' because rerun usage is disabled.
[2026-08-02 14:13:50,951][DEBUG][m:optional_rerun_wrapper][fn:method][ln:40] - Skipping optional rerun call to 'Boxes3D' because rerun usage is disabled.
[2026-08-02 14:13:50,951][DEBUG][m:optional_rerun_wrapper][fn:method][ln:40] - Skipping optional rerun call to 'AnyValues' because rerun usage is disabled.
[2026-08-02 14:13:50,951][DEBUG][m:optional_rerun_wrapper][fn:method][ln:40] - Skipping optional rerun call to 'log' because rerun usage is disabled.
[2026-08-02 14:13:50,951][DEBUG][m:optional_rerun_wrapper][fn:method][ln:40] - Skipping optional rerun call to 'Points3D' because rerun usage is disabled.
[2026-08-02 14:13:50,951][DEBUG][m:optional_rerun_wrapper][fn:method][ln:40] - Skipping optional rerun call to 'AnyValues' because rerun usage is disabled.
[2026-08-02 14:13:50,951][DEBUG][m:optional_rerun_wrapper][fn:method][ln:40] - Skipping optional rerun call to 'log' because rerun usage is disabled.
[2026-08-02 14:13:50,951][DEBUG][m:optional_rerun_wrapper][fn:method][ln:40] - Skipping optional rerun call to 'Points3D' because rerun usage is disabled.
[2026-08-02 14:13:50,951][DEBUG][m:optional_rerun_wrapper][fn:method][ln:40] - Skipping optional rerun call to 'AnyValues' because rerun usage is disabled.
[2026-08-02 14:13:50,951][DEBUG][m:optional_rerun_wrapper][fn:method][ln:40] - Skipping optional rerun call to 'log' because rerun usage is disabled.
[2026-08-02 14:13:50,951][DEBUG][m:optional_rerun_wrapper][fn:method][ln:40] - Skipping optional rerun call to 'Points3D' because rerun usage is disabled.
[2026-08-02 14:13:50,951][DEBUG][m:optional_rerun_wrapper][fn:method][ln:40] - Skipping optional rerun call to 'AnyValues' because rerun usage is disabled.
[2026-08-02 14:13:50,951][DEBUG][m:optional_rerun_wrapper][fn:method][ln:40] - Skipping optional rerun call to 'log' because rerun usage is disabled.
[2026-08-02 14:13:50,951][DEBUG][m:optional_rerun_wrapper][fn:method][ln:40] - Skipping optional rerun call to 'Boxes3D' because rerun usage is disabled.
[2026-08-02 14:13:50,951][DEBUG][m:optional_rerun_wrapper][fn:method][ln:40] - Skipping optional rerun call to 'AnyValues' because rerun usage is disabled.
[2026-08-02 14:13:50,951][DEBUG][m:optional_rerun_wrapper][fn:method][ln:40] - Skipping optional rerun call to 'log' because rerun usage is disabled.
[2026-08-02 14:13:50,951][DEBUG][m:optional_rerun_wrapper][fn:method][ln:40] - Skipping optional rerun call to 'Boxes3D' because rerun usage is disabled.
[2026-08-02 14:13:50,951][DEBUG][m:optional_rerun_wrapper][fn:method][ln:40] - Skipping optional rerun call to 'AnyValues' because rerun usage is disabled.
[2026-08-02 14:13:50,951][DEBUG][m:optional_rerun_wrapper][fn:method][ln:40] - Skipping optional rerun call to 'log' because rerun usage is disabled.
[2026-08-02 14:13:50,951][DEBUG][m:optional_rerun_wrapper][fn:method][ln:40] - Skipping optional rerun call to 'Boxes3D' because rerun usage is disabled.
[2026-08-02 14:13:50,952][DEBUG][m:optional_rerun_wrapper][fn:method][ln:40] - Skipping optional rerun call to 'AnyValues' because rerun usage is disabled.
[2026-08-02 14:13:50,952][DEBUG][m:optional_rerun_wrapper][fn:method][ln:40] - Skipping optional rerun call to 'log' because rerun usage is disabled.
[2026-08-02 14:13:50,952][DEBUG][m:optional_rerun_wrapper][fn:method][ln:40] - Skipping optional rerun call to 'Points3D' because rerun usage is disabled.
[2026-08-02 14:13:50,952][DEBUG][m:optional_rerun_wrapper][fn:method][ln:40] - Skipping optional rerun call to 'AnyValues' because rerun usage is disabled.
[2026-08-02 14:13:50,952][DEBUG][m:optional_rerun_wrapper][fn:method][ln:40] - Skipping optional rerun call to 'log' because rerun usage is disabled.
[2026-08-02 14:13:50,952][DEBUG][m:optional_rerun_wrapper][fn:method][ln:40] - Skipping optional rerun call to 'Points3D' because rerun usage is disabled.
[2026-08-02 14:13:50,952][DEBUG][m:optional_rerun_wrapper][fn:method][ln:40] - Skipping optional rerun call to 'AnyValues' because rerun usage is disabled.
[2026-08-02 14:13:50,952][DEBUG][m:optional_rerun_wrapper][fn:method][ln:40] - Skipping optional rerun call to 'log' because rerun usage is disabled.
[2026-08-02 14:13:50,952][DEBUG][m:optional_rerun_wrapper][fn:method][ln:40] - Skipping optional rerun call to 'Points3D' because rerun usage is disabled.
[2026-08-02 14:13:50,952][DEBUG][m:optional_rerun_wrapper][fn:method][ln:40] - Skipping optional rerun call to 'AnyValues' because rerun usage is disabled.
[2026-08-02 14:13:50,952][DEBUG][m:optional_rerun_wrapper][fn:method][ln:40] - Skipping optional rerun call to 'log' because rerun usage is disabled.
[2026-08-02 14:13:50,952][DEBUG][m:optional_rerun_wrapper][fn:method][ln:40] - Skipping optional rerun call to 'Boxes3D' because rerun usage is disabled.
[2026-08-02 14:13:50,952][DEBUG][m:optional_rerun_wrapper][fn:method][ln:40] - Skipping optional rerun call to 'AnyValues' because rerun usage is disabled.
[2026-08-02 14:13:50,952][DEBUG][m:optional_rerun_wrapper][fn:method][ln:40] - Skipping optional rerun call to 'log' because rerun usage is disabled.
[2026-08-02 14:13:50,952][DEBUG][m:optional_rerun_wrapper][fn:method][ln:40] - Skipping optional rerun call to 'Boxes3D' because rerun usage is disabled.
[2026-08-02 14:13:50,952][DEBUG][m:optional_rerun_wrapper][fn:method][ln:40] - Skipping optional rerun call to 'AnyValues' because rerun usage is disabled.
[2026-08-02 14:13:50,952][DEBUG][m:optional_rerun_wrapper][fn:method][ln:40] - Skipping optional rerun call to 'log' because rerun usage is disabled.
[2026-08-02 14:13:50,952][DEBUG][m:optional_rerun_wrapper][fn:method][ln:40] - Skipping optional rerun call to 'Boxes3D' because rerun usage is disabled.
[2026-08-02 14:13:50,952][DEBUG][m:optional_rerun_wrapper][fn:method][ln:40] - Skipping optional rerun call to 'AnyValues' because rerun usage is disabled.
[2026-08-02 14:13:50,952][DEBUG][m:optional_rerun_wrapper][fn:method][ln:40] - Skipping optional rerun call to 'log' because rerun usage is disabled.
[2026-08-02 14:13:50,952][DEBUG][m:optional_rerun_wrapper][fn:method][ln:40] - Skipping optional rerun call to 'Points3D' because rerun usage is disabled.
[2026-08-02 14:13:50,952][DEBUG][m:optional_rerun_wrapper][fn:method][ln:40] - Skipping optional rerun call to 'AnyValues' because rerun usage is disabled.
[2026-08-02 14:13:50,952][DEBUG][m:optional_rerun_wrapper][fn:method][ln:40] - Skipping optional rerun call to 'log' because rerun usage is disabled.
[2026-08-02 14:13:50,952][DEBUG][m:optional_rerun_wrapper][fn:method][ln:40] - Skipping optional rerun call to 'Points3D' because rerun usage is disabled.
[2026-08-02 14:13:50,952][DEBUG][m:optional_rerun_wrapper][fn:method][ln:40] - Skipping optional rerun call to 'AnyValues' because rerun usage is disabled.
[2026-08-02 14:13:50,952][DEBUG][m:optional_rerun_wrapper][fn:method][ln:40] - Skipping optional rerun call to 'log' because rerun usage is disabled.
[2026-08-02 14:13:50,952][DEBUG][m:optional_rerun_wrapper][fn:method][ln:40] - Skipping optional rerun call to 'Points3D' because rerun usage is disabled.
[2026-08-02 14:13:50,952][DEBUG][m:optional_rerun_wrapper][fn:method][ln:40] - Skipping optional rerun call to 'AnyValues' because rerun usage is disabled.
[2026-08-02 14:13:50,952][DEBUG][m:optional_rerun_wrapper][fn:method][ln:40] - Skipping optional rerun call to 'log' because rerun usage is disabled.
[2026-08-02 14:13:50,952][DEBUG][m:optional_rerun_wrapper][fn:method][ln:40] - Skipping optional rerun call to 'Boxes3D' because rerun usage is disabled.
[2026-08-02 14:13:50,952][DEBUG][m:optional_rerun_wrapper][fn:method][ln:40] - Skipping optional rerun call to 'AnyValues' because rerun usage is disabled.
[2026-08-02 14:13:50,952][DEBUG][m:optional_rerun_wrapper][fn:method][ln:40] - Skipping optional rerun call to 'log' because rerun usage is disabled.
[2026-08-02 14:13:50,953][DEBUG][m:optional_rerun_wrapper][fn:method][ln:40] - Skipping optional rerun call to 'Boxes3D' because rerun usage is disabled.
[2026-08-02 14:13:50,953][DEBUG][m:optional_rerun_wrapper][fn:method][ln:40] - Skipping optional rerun call to 'AnyValues' because rerun usage is disabled.
[2026-08-02 14:13:50,953][DEBUG][m:optional_rerun_wrapper][fn:method][ln:40] - Skipping optional rerun call to 'log' because rerun usage is disabled.
[2026-08-02 14:13:50,953][DEBUG][m:optional_rerun_wrapper][fn:method][ln:40] - Skipping optional rerun call to 'Boxes3D' because rerun usage is disabled.
[2026-08-02 14:13:50,953][DEBUG][m:optional_rerun_wrapper][fn:method][ln:40] - Skipping optional rerun call to 'AnyValues' because rerun usage is disabled.
[2026-08-02 14:13:50,953][DEBUG][m:optional_rerun_wrapper][fn:method][ln:40] - Skipping optional rerun call to 'log' because rerun usage is disabled.
[2026-08-02 14:13:50,953][DEBUG][m:optional_rerun_wrapper][fn:method][ln:40] - Skipping optional rerun call to 'Points3D' because rerun usage is disabled.
[2026-08-02 14:13:50,953][DEBUG][m:optional_rerun_wrapper][fn:method][ln:40] - Skipping optional rerun call to 'AnyValues' because rerun usage is disabled.
[2026-08-02 14:13:50,953][DEBUG][m:optional_rerun_wrapper][fn:method][ln:40] - Skipping optional rerun call to 'log' because rerun usage is disabled.
[2026-08-02 14:13:50,953][DEBUG][m:optional_rerun_wrapper][fn:method][ln:40] - Skipping optional rerun call to 'Points3D' because rerun usage is disabled.
[2026-08-02 14:13:50,953][DEBUG][m:optional_rerun_wrapper][fn:method][ln:40] - Skipping optional rerun call to 'AnyValues' because rerun usage is disabled.
[2026-08-02 14:13:50,953][DEBUG][m:optional_rerun_wrapper][fn:method][ln:40] - Skipping optional rerun call to 'log' because rerun usage is disabled.
[2026-08-02 14:13:50,953][DEBUG][m:optional_rerun_wrapper][fn:method][ln:40] - Skipping optional rerun call to 'Points3D' because rerun usage is disabled.
[2026-08-02 14:13:50,953][DEBUG][m:optional_rerun_wrapper][fn:method][ln:40] - Skipping optional rerun call to 'AnyValues' because rerun usage is disabled.
[2026-08-02 14:13:50,953][DEBUG][m:optional_rerun_wrapper][fn:method][ln:40] - Skipping optional rerun call to 'log' because rerun usage is disabled.
[2026-08-02 14:13:50,953][DEBUG][m:optional_rerun_wrapper][fn:method][ln:40] - Skipping optional rerun call to 'Boxes3D' because rerun usage is disabled.
[2026-08-02 14:13:50,953][DEBUG][m:optional_rerun_wrapper][fn:method][ln:40] - Skipping optional rerun call to 'AnyValues' because rerun usage is disabled.
[2026-08-02 14:13:50,953][DEBUG][m:optional_rerun_wrapper][fn:method][ln:40] - Skipping optional rerun call to 'log' because rerun usage is disabled.
[2026-08-02 14:13:50,953][DEBUG][m:optional_rerun_wrapper][fn:method][ln:40] - Skipping optional rerun call to 'Boxes3D' because rerun usage is disabled.
[2026-08-02 14:13:50,953][DEBUG][m:optional_rerun_wrapper][fn:method][ln:40] - Skipping optional rerun call to 'AnyValues' because rerun usage is disabled.
[2026-08-02 14:13:50,953][DEBUG][m:optional_rerun_wrapper][fn:method][ln:40] - Skipping optional rerun call to 'log' because rerun usage is disabled.
[2026-08-02 14:13:50,953][DEBUG][m:optional_rerun_wrapper][fn:method][ln:40] - Skipping optional rerun call to 'Boxes3D' because rerun usage is disabled.
[2026-08-02 14:13:50,953][DEBUG][m:optional_rerun_wrapper][fn:method][ln:40] - Skipping optional rerun call to 'AnyValues' because rerun usage is disabled.
[2026-08-02 14:13:50,953][DEBUG][m:optional_rerun_wrapper][fn:method][ln:40] - Skipping optional rerun call to 'log' because rerun usage is disabled.
[2026-08-02 14:13:50,953][DEBUG][m:optional_rerun_wrapper][fn:method][ln:40] - Skipping optional rerun call to 'Points3D' because rerun usage is disabled.
[2026-08-02 14:13:50,953][DEBUG][m:optional_rerun_wrapper][fn:method][ln:40] - Skipping optional rerun call to 'AnyValues' because rerun usage is disabled.
[2026-08-02 14:13:50,953][DEBUG][m:optional_rerun_wrapper][fn:method][ln:40] - Skipping optional rerun call to 'log' because rerun usage is disabled.
[2026-08-02 14:13:50,953][DEBUG][m:optional_rerun_wrapper][fn:method][ln:40] - Skipping optional rerun call to 'Points3D' because rerun usage is disabled.
[2026-08-02 14:13:50,953][DEBUG][m:optional_rerun_wrapper][fn:method][ln:40] - Skipping optional rerun call to 'AnyValues' because rerun usage is disabled.
[2026-08-02 14:13:50,953][DEBUG][m:optional_rerun_wrapper][fn:method][ln:40] - Skipping optional rerun call to 'log' because rerun usage is disabled.
[2026-08-02 14:13:50,953][DEBUG][m:optional_rerun_wrapper][fn:method][ln:40] - Skipping optional rerun call to 'Points3D' because rerun usage is disabled.
[2026-08-02 14:13:50,953][DEBUG][m:optional_rerun_wrapper][fn:method][ln:40] - Skipping optional rerun call to 'AnyValues' because rerun usage is disabled.
[2026-08-02 14:13:50,953][DEBUG][m:optional_rerun_wrapper][fn:method][ln:40] - Skipping optional rerun call to 'log' because rerun usage is disabled.
[2026-08-02 14:13:50,954][DEBUG][m:optional_rerun_wrapper][fn:method][ln:40] - Skipping optional rerun call to 'Boxes3D' because rerun usage is disabled.
[2026-08-02 14:13:50,954][DEBUG][m:optional_rerun_wrapper][fn:method][ln:40] - Skipping optional rerun call to 'AnyValues' because rerun usage is disabled.
[2026-08-02 14:13:50,954][DEBUG][m:optional_rerun_wrapper][fn:method][ln:40] - Skipping optional rerun call to 'log' because rerun usage is disabled.
[2026-08-02 14:13:50,954][DEBUG][m:optional_rerun_wrapper][fn:method][ln:40] - Skipping optional rerun call to 'Boxes3D' because rerun usage is disabled.
[2026-08-02 14:13:50,954][DEBUG][m:optional_rerun_wrapper][fn:method][ln:40] - Skipping optional rerun call to 'AnyValues' because rerun usage is disabled.
[2026-08-02 14:13:50,954][DEBUG][m:optional_rerun_wrapper][fn:method][ln:40] - Skipping optional rerun call to 'log' because rerun usage is disabled.
[2026-08-02 14:13:50,954][DEBUG][m:optional_rerun_wrapper][fn:method][ln:40] - Skipping optional rerun call to 'Boxes3D' because rerun usage is disabled.
[2026-08-02 14:13:50,954][DEBUG][m:optional_rerun_wrapper][fn:method][ln:40] - Skipping optional rerun call to 'AnyValues' because rerun usage is disabled.
[2026-08-02 14:13:50,954][DEBUG][m:optional_rerun_wrapper][fn:method][ln:40] - Skipping optional rerun call to 'log' because rerun usage is disabled.
[2026-08-02 14:13:50,954][DEBUG][m:optional_rerun_wrapper][fn:method][ln:40] - Skipping optional rerun call to 'Points3D' because rerun usage is disabled.
[2026-08-02 14:13:50,954][DEBUG][m:optional_rerun_wrapper][fn:method][ln:40] - Skipping optional rerun call to 'AnyValues' because rerun usage is disabled.
[2026-08-02 14:13:50,954][DEBUG][m:optional_rerun_wrapper][fn:method][ln:40] - Skipping optional rerun call to 'log' because rerun usage is disabled.
[2026-08-02 14:13:50,954][DEBUG][m:optional_rerun_wrapper][fn:method][ln:40] - Skipping optional rerun call to 'Points3D' because rerun usage is disabled.
[2026-08-02 14:13:50,954][DEBUG][m:optional_rerun_wrapper][fn:method][ln:40] - Skipping optional rerun call to 'AnyValues' because rerun usage is disabled.
[2026-08-02 14:13:50,954][DEBUG][m:optional_rerun_wrapper][fn:method][ln:40] - Skipping optional rerun call to 'log' because rerun usage is disabled.
[2026-08-02 14:13:50,954][DEBUG][m:optional_rerun_wrapper][fn:method][ln:40] - Skipping optional rerun call to 'Points3D' because rerun usage is disabled.
[2026-08-02 14:13:50,954][DEBUG][m:optional_rerun_wrapper][fn:method][ln:40] - Skipping optional rerun call to 'AnyValues' because rerun usage is disabled.
[2026-08-02 14:13:50,954][DEBUG][m:optional_rerun_wrapper][fn:method][ln:40] - Skipping optional rerun call to 'log' because rerun usage is disabled.
[2026-08-02 14:13:50,954][DEBUG][m:optional_rerun_wrapper][fn:method][ln:40] - Skipping optional rerun call to 'Boxes3D' because rerun usage is disabled.
[2026-08-02 14:13:50,954][DEBUG][m:optional_rerun_wrapper][fn:method][ln:40] - Skipping optional rerun call to 'AnyValues' because rerun usage is disabled.
[2026-08-02 14:13:50,954][DEBUG][m:optional_rerun_wrapper][fn:method][ln:40] - Skipping optional rerun call to 'log' because rerun usage is disabled.
[2026-08-02 14:13:50,954][DEBUG][m:optional_rerun_wrapper][fn:method][ln:40] - Skipping optional rerun call to 'Boxes3D' because rerun usage is disabled.
[2026-08-02 14:13:50,954][DEBUG][m:optional_rerun_wrapper][fn:method][ln:40] - Skipping optional rerun call to 'AnyValues' because rerun usage is disabled.
[2026-08-02 14:13:50,954][DEBUG][m:optional_rerun_wrapper][fn:method][ln:40] - Skipping optional rerun call to 'log' because rerun usage is disabled.
[2026-08-02 14:13:50,954][DEBUG][m:optional_rerun_wrapper][fn:method][ln:40] - Skipping optional rerun call to 'Boxes3D' because rerun usage is disabled.
[2026-08-02 14:13:50,954][DEBUG][m:optional_rerun_wrapper][fn:method][ln:40] - Skipping optional rerun call to 'AnyValues' because rerun usage is disabled.
[2026-08-02 14:13:50,954][DEBUG][m:optional_rerun_wrapper][fn:method][ln:40] - Skipping optional rerun call to 'log' because rerun usage is disabled.
[2026-08-02 14:13:50,954][DEBUG][m:optional_rerun_wrapper][fn:method][ln:40] - Skipping optional rerun call to 'Points3D' because rerun usage is disabled.
[2026-08-02 14:13:50,954][DEBUG][m:optional_rerun_wrapper][fn:method][ln:40] - Skipping optional rerun call to 'AnyValues' because rerun usage is disabled.
[2026-08-02 14:13:50,954][DEBUG][m:optional_rerun_wrapper][fn:method][ln:40] - Skipping optional rerun call to 'log' because rerun usage is disabled.
[2026-08-02 14:13:50,954][DEBUG][m:optional_rerun_wrapper][fn:method][ln:40] - Skipping optional rerun call to 'Points3D' because rerun usage is disabled.
[2026-08-02 14:13:50,954][DEBUG][m:optional_rerun_wrapper][fn:method][ln:40] - Skipping optional rerun call to 'AnyValues' because rerun usage is disabled.
[2026-08-02 14:13:50,954][DEBUG][m:optional_rerun_wrapper][fn:method][ln:40] - Skipping optional rerun call to 'log' because rerun usage is disabled.
[2026-08-02 14:13:50,955][DEBUG][m:optional_rerun_wrapper][fn:method][ln:40] - Skipping optional rerun call to 'Points3D' because rerun usage is disabled.
[2026-08-02 14:13:50,955][DEBUG][m:optional_rerun_wrapper][fn:method][ln:40] - Skipping optional rerun call to 'AnyValues' because rerun usage is disabled.
[2026-08-02 14:13:50,955][DEBUG][m:optional_rerun_wrapper][fn:method][ln:40] - Skipping optional rerun call to 'log' because rerun usage is disabled.
[2026-08-02 14:13:50,955][DEBUG][m:optional_rerun_wrapper][fn:method][ln:40] - Skipping optional rerun call to 'Boxes3D' because rerun usage is disabled.
[2026-08-02 14:13:50,955][DEBUG][m:optional_rerun_wrapper][fn:method][ln:40] - Skipping optional rerun call to 'AnyValues' because rerun usage is disabled.
[2026-08-02 14:13:50,955][DEBUG][m:optional_rerun_wrapper][fn:method][ln:40] - Skipping optional rerun call to 'log' because rerun usage is disabled.
[2026-08-02 14:13:50,955][DEBUG][m:optional_rerun_wrapper][fn:method][ln:40] - Skipping optional rerun call to 'Boxes3D' because rerun usage is disabled.
[2026-08-02 14:13:50,955][DEBUG][m:optional_rerun_wrapper][fn:method][ln:40] - Skipping optional rerun call to 'AnyValues' because rerun usage is disabled.
[2026-08-02 14:13:50,955][DEBUG][m:optional_rerun_wrapper][fn:method][ln:40] - Skipping optional rerun call to 'log' because rerun usage is disabled.
[2026-08-02 14:13:50,955][DEBUG][m:optional_rerun_wrapper][fn:method][ln:40] - Skipping optional rerun call to 'Boxes3D' because rerun usage is disabled.
[2026-08-02 14:13:50,955][DEBUG][m:optional_rerun_wrapper][fn:method][ln:40] - Skipping optional rerun call to 'AnyValues' because rerun usage is disabled.
[2026-08-02 14:13:50,955][DEBUG][m:optional_rerun_wrapper][fn:method][ln:40] - Skipping optional rerun call to 'log' because rerun usage is disabled.
[2026-08-02 14:13:50,955][DEBUG][m:optional_rerun_wrapper][fn:method][ln:40] - Skipping optional rerun call to 'Points3D' because rerun usage is disabled.
[2026-08-02 14:13:50,955][DEBUG][m:optional_rerun_wrapper][fn:method][ln:40] - Skipping optional rerun call to 'AnyValues' because rerun usage is disabled.
[2026-08-02 14:13:50,955][DEBUG][m:optional_rerun_wrapper][fn:method][ln:40] - Skipping optional rerun call to 'log' because rerun usage is disabled.
[2026-08-02 14:13:50,955][DEBUG][m:optional_rerun_wrapper][fn:method][ln:40] - Skipping optional rerun call to 'Points3D' because rerun usage is disabled.
[2026-08-02 14:13:50,955][DEBUG][m:optional_rerun_wrapper][fn:method][ln:40] - Skipping optional rerun call to 'AnyValues' because rerun usage is disabled.
[2026-08-02 14:13:50,955][DEBUG][m:optional_rerun_wrapper][fn:method][ln:40] - Skipping optional rerun call to 'log' because rerun usage is disabled.
[2026-08-02 14:13:50,955][DEBUG][m:optional_rerun_wrapper][fn:method][ln:40] - Skipping optional rerun call to 'Points3D' because rerun usage is disabled.
[2026-08-02 14:13:50,955][DEBUG][m:optional_rerun_wrapper][fn:method][ln:40] - Skipping optional rerun call to 'AnyValues' because rerun usage is disabled.
[2026-08-02 14:13:50,955][DEBUG][m:optional_rerun_wrapper][fn:method][ln:40] - Skipping optional rerun call to 'log' because rerun usage is disabled.
[2026-08-02 14:13:50,955][DEBUG][m:optional_rerun_wrapper][fn:method][ln:40] - Skipping optional rerun call to 'Boxes3D' because rerun usage is disabled.
[2026-08-02 14:13:50,955][DEBUG][m:optional_rerun_wrapper][fn:method][ln:40] - Skipping optional rerun call to 'AnyValues' because rerun usage is disabled.
[2026-08-02 14:13:50,955][DEBUG][m:optional_rerun_wrapper][fn:method][ln:40] - Skipping optional rerun call to 'log' because rerun usage is disabled.
[2026-08-02 14:13:50,955][DEBUG][m:optional_rerun_wrapper][fn:method][ln:40] - Skipping optional rerun call to 'Boxes3D' because rerun usage is disabled.
[2026-08-02 14:13:50,955][DEBUG][m:optional_rerun_wrapper][fn:method][ln:40] - Skipping optional rerun call to 'AnyValues' because rerun usage is disabled.
[2026-08-02 14:13:50,955][DEBUG][m:optional_rerun_wrapper][fn:method][ln:40] - Skipping optional rerun call to 'log' because rerun usage is disabled.
[2026-08-02 14:13:50,955][DEBUG][m:optional_rerun_wrapper][fn:method][ln:40] - Skipping optional rerun call to 'Boxes3D' because rerun usage is disabled.
[2026-08-02 14:13:50,955][DEBUG][m:optional_rerun_wrapper][fn:method][ln:40] - Skipping optional rerun call to 'AnyValues' because rerun usage is disabled.
[2026-08-02 14:13:50,955][DEBUG][m:optional_rerun_wrapper][fn:method][ln:40] - Skipping optional rerun call to 'log' because rerun usage is disabled.
[2026-08-02 14:13:50,955][DEBUG][m:optional_rerun_wrapper][fn:method][ln:40] - Skipping optional rerun call to 'Points3D' because rerun usage is disabled.
[2026-08-02 14:13:50,955][DEBUG][m:optional_rerun_wrapper][fn:method][ln:40] - Skipping optional rerun call to 'AnyValues' because rerun usage is disabled.
[2026-08-02 14:13:50,956][DEBUG][m:optional_rerun_wrapper][fn:method][ln:40] - Skipping optional rerun call to 'log' because rerun usage is disabled.
[2026-08-02 14:13:50,956][DEBUG][m:optional_rerun_wrapper][fn:method][ln:40] - Skipping optional rerun call to 'Points3D' because rerun usage is disabled.
[2026-08-02 14:13:50,956][DEBUG][m:optional_rerun_wrapper][fn:method][ln:40] - Skipping optional rerun call to 'AnyValues' because rerun usage is disabled.
[2026-08-02 14:13:50,956][DEBUG][m:optional_rerun_wrapper][fn:method][ln:40] - Skipping optional rerun call to 'log' because rerun usage is disabled.
[2026-08-02 14:13:50,956][DEBUG][m:optional_rerun_wrapper][fn:method][ln:40] - Skipping optional rerun call to 'Points3D' because rerun usage is disabled.
[2026-08-02 14:13:50,956][DEBUG][m:optional_rerun_wrapper][fn:method][ln:40] - Skipping optional rerun call to 'AnyValues' because rerun usage is disabled.
[2026-08-02 14:13:50,956][DEBUG][m:optional_rerun_wrapper][fn:method][ln:40] - Skipping optional rerun call to 'log' because rerun usage is disabled.
[2026-08-02 14:13:50,956][DEBUG][m:optional_rerun_wrapper][fn:method][ln:40] - Skipping optional rerun call to 'Boxes3D' because rerun usage is disabled.
[2026-08-02 14:13:50,956][DEBUG][m:optional_rerun_wrapper][fn:method][ln:40] - Skipping optional rerun call to 'AnyValues' because rerun usage is disabled.
[2026-08-02 14:13:50,956][DEBUG][m:optional_rerun_wrapper][fn:method][ln:40] - Skipping optional rerun call to 'log' because rerun usage is disabled.
[2026-08-02 14:13:50,956][DEBUG][m:optional_rerun_wrapper][fn:method][ln:40] - Skipping optional rerun call to 'Boxes3D' because rerun usage is disabled.
[2026-08-02 14:13:50,956][DEBUG][m:optional_rerun_wrapper][fn:method][ln:40] - Skipping optional rerun call to 'AnyValues' because rerun usage is disabled.
[2026-08-02 14:13:50,956][DEBUG][m:optional_rerun_wrapper][fn:method][ln:40] - Skipping optional rerun call to 'log' because rerun usage is disabled.
[2026-08-02 14:13:50,956][DEBUG][m:optional_rerun_wrapper][fn:method][ln:40] - Skipping optional rerun call to 'Boxes3D' because rerun usage is disabled.
[2026-08-02 14:13:50,956][DEBUG][m:optional_rerun_wrapper][fn:method][ln:40] - Skipping optional rerun call to 'AnyValues' because rerun usage is disabled.
[2026-08-02 14:13:50,956][DEBUG][m:optional_rerun_wrapper][fn:method][ln:40] - Skipping optional rerun call to 'log' because rerun usage is disabled.
[2026-08-02 14:13:50,956][DEBUG][m:optional_rerun_wrapper][fn:method][ln:40] - Skipping optional rerun call to 'Clear' because rerun usage is disabled.
[2026-08-02 14:13:50,956][DEBUG][m:optional_rerun_wrapper][fn:method][ln:40] - Skipping optional rerun call to 'log' because rerun usage is disabled.
[2026-08-02 14:13:50,956][DEBUG][m:optional_wandb_wrapper][fn:method][ln:139] - Skipping optional wandb call to 'log' because wandb usage is disabled.
[2026-08-02 14:13:50,956][DEBUG][m:optional_wandb_wrapper][fn:method][ln:139] - Skipping optional wandb call to 'log' because wandb usage is disabled.
 40%|████      | 2/5 [00:01<00:02,  1.24it/s][2026-08-02 14:13:50,956][DEBUG][m:optional_rerun_wrapper][fn:method][ln:40] - Skipping optional rerun call to 'set_time_sequence' because rerun usage is disabled.
[2026-08-02 14:13:50,973][DEBUG][m:PngImagePlugin][fn:call][ln:204] - STREAM b'IHDR' 16 13
[2026-08-02 14:13:50,973][DEBUG][m:PngImagePlugin][fn:call][ln:204] - STREAM b'IDAT' 41 8192
[2026-08-02 14:13:51,055][DEBUG][m:optional_rerun_wrapper][fn:method][ln:40] - Skipping optional rerun call to 'Pinhole' because rerun usage is disabled.
[2026-08-02 14:13:51,055][DEBUG][m:optional_rerun_wrapper][fn:method][ln:40] - Skipping optional rerun call to 'log' because rerun usage is disabled.
[2026-08-02 14:13:51,055][DEBUG][m:optional_rerun_wrapper][fn:method][ln:40] - Skipping optional rerun call to 'Transform3D' because rerun usage is disabled.
[2026-08-02 14:13:51,055][DEBUG][m:optional_rerun_wrapper][fn:method][ln:40] - Skipping optional rerun call to 'log' because rerun usage is disabled.
[2026-08-02 14:13:51,056][DEBUG][m:optional_rerun_wrapper][fn:method][ln:40] - Skipping optional rerun call to 'LineStrips3D' because rerun usage is disabled.
[2026-08-02 14:13:51,056][DEBUG][m:optional_rerun_wrapper][fn:method][ln:40] - Skipping optional rerun call to 'log' because rerun usage is disabled.
[2026-08-02 14:13:51,056][DEBUG][m:optional_rerun_wrapper][fn:method][ln:40] - Skipping optional rerun call to 'ImageEncoded' because rerun usage is disabled.
[2026-08-02 14:13:51,056][DEBUG][m:optional_rerun_wrapper][fn:method][ln:40] - Skipping optional rerun call to 'log' because rerun usage is disabled.
[2026-08-02 14:13:51,056][DEBUG][m:optional_rerun_wrapper][fn:method][ln:40] - Skipping optional rerun call to 'ImageEncoded' because rerun usage is disabled.
[2026-08-02 14:13:51,056][DEBUG][m:optional_rerun_wrapper][fn:method][ln:40] - Skipping optional rerun call to 'log' because rerun usage is disabled.
[2026-08-02 14:13:51,056][DEBUG][m:optional_rerun_wrapper][fn:method][ln:40] - Skipping optional rerun call to 'DepthImage' because rerun usage is disabled.
[2026-08-02 14:13:51,056][DEBUG][m:optional_rerun_wrapper][fn:method][ln:40] - Skipping optional rerun call to 'log' because rerun usage is disabled.
[2026-08-02 14:13:51,056][WARNING][m:optional_rerun_wrapper][fn:orr_log_vlm_image][ln:132] - VLM image not found at path: /home/chenkejun/beauty/conceptgraphs/data/Replica/room0/exps/smoke_detections_stride20/vis/frame000040annotated_for_vlm.jpg
[2026-08-02 14:13:51,056][WARNING][m:optional_rerun_wrapper][fn:orr_log_vlm_image][ln:132] - VLM image not found at path: /home/chenkejun/beauty/conceptgraphs/data/Replica/room0/exps/smoke_detections_stride20/vis/frame000040annotated_for_vlm_w_edges.jpg
Done! Execution time of detections_to_obj_pcd_and_bbox function: 0.13 seconds
[2026-08-02 14:13:51,639][DEBUG][m:optional_wandb_wrapper][fn:method][ln:139] - Skipping optional wandb call to 'log' because wandb usage is disabled.
Line 624, curr_edges_3d_by_index: []
[2026-08-02 14:13:51,640][DEBUG][m:optional_rerun_wrapper][fn:method][ln:40] - Skipping optional rerun call to 'Points3D' because rerun usage is disabled.
[2026-08-02 14:13:51,640][DEBUG][m:optional_rerun_wrapper][fn:method][ln:40] - Skipping optional rerun call to 'AnyValues' because rerun usage is disabled.
[2026-08-02 14:13:51,640][DEBUG][m:optional_rerun_wrapper][fn:method][ln:40] - Skipping optional rerun call to 'log' because rerun usage is disabled.
[2026-08-02 14:13:51,640][DEBUG][m:optional_rerun_wrapper][fn:method][ln:40] - Skipping optional rerun call to 'Points3D' because rerun usage is disabled.
[2026-08-02 14:13:51,640][DEBUG][m:optional_rerun_wrapper][fn:method][ln:40] - Skipping optional rerun call to 'AnyValues' because rerun usage is disabled.
[2026-08-02 14:13:51,640][DEBUG][m:optional_rerun_wrapper][fn:method][ln:40] - Skipping optional rerun call to 'log' because rerun usage is disabled.
[2026-08-02 14:13:51,640][DEBUG][m:optional_rerun_wrapper][fn:method][ln:40] - Skipping optional rerun call to 'Points3D' because rerun usage is disabled.
[2026-08-02 14:13:51,640][DEBUG][m:optional_rerun_wrapper][fn:method][ln:40] - Skipping optional rerun call to 'AnyValues' because rerun usage is disabled.
[2026-08-02 14:13:51,640][DEBUG][m:optional_rerun_wrapper][fn:method][ln:40] - Skipping optional rerun call to 'log' because rerun usage is disabled.
[2026-08-02 14:13:51,640][DEBUG][m:optional_rerun_wrapper][fn:method][ln:40] - Skipping optional rerun call to 'Boxes3D' because rerun usage is disabled.
[2026-08-02 14:13:51,640][DEBUG][m:optional_rerun_wrapper][fn:method][ln:40] - Skipping optional rerun call to 'AnyValues' because rerun usage is disabled.
[2026-08-02 14:13:51,640][DEBUG][m:optional_rerun_wrapper][fn:method][ln:40] - Skipping optional rerun call to 'log' because rerun usage is disabled.
[2026-08-02 14:13:51,640][DEBUG][m:optional_rerun_wrapper][fn:method][ln:40] - Skipping optional rerun call to 'Boxes3D' because rerun usage is disabled.
[2026-08-02 14:13:51,640][DEBUG][m:optional_rerun_wrapper][fn:method][ln:40] - Skipping optional rerun call to 'AnyValues' because rerun usage is disabled.
[2026-08-02 14:13:51,640][DEBUG][m:optional_rerun_wrapper][fn:method][ln:40] - Skipping optional rerun call to 'log' because rerun usage is disabled.
[2026-08-02 14:13:51,640][DEBUG][m:optional_rerun_wrapper][fn:method][ln:40] - Skipping optional rerun call to 'Boxes3D' because rerun usage is disabled.
[2026-08-02 14:13:51,640][DEBUG][m:optional_rerun_wrapper][fn:method][ln:40] - Skipping optional rerun call to 'AnyValues' because rerun usage is disabled.
[2026-08-02 14:13:51,640][DEBUG][m:optional_rerun_wrapper][fn:method][ln:40] - Skipping optional rerun call to 'log' because rerun usage is disabled.
[2026-08-02 14:13:51,640][DEBUG][m:optional_rerun_wrapper][fn:method][ln:40] - Skipping optional rerun call to 'Points3D' because rerun usage is disabled.
[2026-08-02 14:13:51,640][DEBUG][m:optional_rerun_wrapper][fn:method][ln:40] - Skipping optional rerun call to 'AnyValues' because rerun usage is disabled.
[2026-08-02 14:13:51,640][DEBUG][m:optional_rerun_wrapper][fn:method][ln:40] - Skipping optional rerun call to 'log' because rerun usage is disabled.
[2026-08-02 14:13:51,640][DEBUG][m:optional_rerun_wrapper][fn:method][ln:40] - Skipping optional rerun call to 'Points3D' because rerun usage is disabled.
[2026-08-02 14:13:51,640][DEBUG][m:optional_rerun_wrapper][fn:method][ln:40] - Skipping optional rerun call to 'AnyValues' because rerun usage is disabled.
[2026-08-02 14:13:51,640][DEBUG][m:optional_rerun_wrapper][fn:method][ln:40] - Skipping optional rerun call to 'log' because rerun usage is disabled.
[2026-08-02 14:13:51,640][DEBUG][m:optional_rerun_wrapper][fn:method][ln:40] - Skipping optional rerun call to 'Points3D' because rerun usage is disabled.
[2026-08-02 14:13:51,640][DEBUG][m:optional_rerun_wrapper][fn:method][ln:40] - Skipping optional rerun call to 'AnyValues' because rerun usage is disabled.
[2026-08-02 14:13:51,640][DEBUG][m:optional_rerun_wrapper][fn:method][ln:40] - Skipping optional rerun call to 'log' because rerun usage is disabled.
[2026-08-02 14:13:51,640][DEBUG][m:optional_rerun_wrapper][fn:method][ln:40] - Skipping optional rerun call to 'Boxes3D' because rerun usage is disabled.
[2026-08-02 14:13:51,640][DEBUG][m:optional_rerun_wrapper][fn:method][ln:40] - Skipping optional rerun call to 'AnyValues' because rerun usage is disabled.
[2026-08-02 14:13:51,640][DEBUG][m:optional_rerun_wrapper][fn:method][ln:40] - Skipping optional rerun call to 'log' because rerun usage is disabled.
[2026-08-02 14:13:51,641][DEBUG][m:optional_rerun_wrapper][fn:method][ln:40] - Skipping optional rerun call to 'Boxes3D' because rerun usage is disabled.
[2026-08-02 14:13:51,641][DEBUG][m:optional_rerun_wrapper][fn:method][ln:40] - Skipping optional rerun call to 'AnyValues' because rerun usage is disabled.
[2026-08-02 14:13:51,641][DEBUG][m:optional_rerun_wrapper][fn:method][ln:40] - Skipping optional rerun call to 'log' because rerun usage is disabled.
[2026-08-02 14:13:51,641][DEBUG][m:optional_rerun_wrapper][fn:method][ln:40] - Skipping optional rerun call to 'Boxes3D' because rerun usage is disabled.
[2026-08-02 14:13:51,641][DEBUG][m:optional_rerun_wrapper][fn:method][ln:40] - Skipping optional rerun call to 'AnyValues' because rerun usage is disabled.
[2026-08-02 14:13:51,641][DEBUG][m:optional_rerun_wrapper][fn:method][ln:40] - Skipping optional rerun call to 'log' because rerun usage is disabled.
[2026-08-02 14:13:51,641][DEBUG][m:optional_rerun_wrapper][fn:method][ln:40] - Skipping optional rerun call to 'Points3D' because rerun usage is disabled.
[2026-08-02 14:13:51,641][DEBUG][m:optional_rerun_wrapper][fn:method][ln:40] - Skipping optional rerun call to 'AnyValues' because rerun usage is disabled.
[2026-08-02 14:13:51,641][DEBUG][m:optional_rerun_wrapper][fn:method][ln:40] - Skipping optional rerun call to 'log' because rerun usage is disabled.
[2026-08-02 14:13:51,641][DEBUG][m:optional_rerun_wrapper][fn:method][ln:40] - Skipping optional rerun call to 'Points3D' because rerun usage is disabled.
[2026-08-02 14:13:51,641][DEBUG][m:optional_rerun_wrapper][fn:method][ln:40] - Skipping optional rerun call to 'AnyValues' because rerun usage is disabled.
[2026-08-02 14:13:51,641][DEBUG][m:optional_rerun_wrapper][fn:method][ln:40] - Skipping optional rerun call to 'log' because rerun usage is disabled.
[2026-08-02 14:13:51,641][DEBUG][m:optional_rerun_wrapper][fn:method][ln:40] - Skipping optional rerun call to 'Points3D' because rerun usage is disabled.
[2026-08-02 14:13:51,641][DEBUG][m:optional_rerun_wrapper][fn:method][ln:40] - Skipping optional rerun call to 'AnyValues' because rerun usage is disabled.
[2026-08-02 14:13:51,641][DEBUG][m:optional_rerun_wrapper][fn:method][ln:40] - Skipping optional rerun call to 'log' because rerun usage is disabled.
[2026-08-02 14:13:51,641][DEBUG][m:optional_rerun_wrapper][fn:method][ln:40] - Skipping optional rerun call to 'Boxes3D' because rerun usage is disabled.
[2026-08-02 14:13:51,641][DEBUG][m:optional_rerun_wrapper][fn:method][ln:40] - Skipping optional rerun call to 'AnyValues' because rerun usage is disabled.
[2026-08-02 14:13:51,641][DEBUG][m:optional_rerun_wrapper][fn:method][ln:40] - Skipping optional rerun call to 'log' because rerun usage is disabled.
[2026-08-02 14:13:51,641][DEBUG][m:optional_rerun_wrapper][fn:method][ln:40] - Skipping optional rerun call to 'Boxes3D' because rerun usage is disabled.
[2026-08-02 14:13:51,641][DEBUG][m:optional_rerun_wrapper][fn:method][ln:40] - Skipping optional rerun call to 'AnyValues' because rerun usage is disabled.
[2026-08-02 14:13:51,641][DEBUG][m:optional_rerun_wrapper][fn:method][ln:40] - Skipping optional rerun call to 'log' because rerun usage is disabled.
[2026-08-02 14:13:51,641][DEBUG][m:optional_rerun_wrapper][fn:method][ln:40] - Skipping optional rerun call to 'Boxes3D' because rerun usage is disabled.
[2026-08-02 14:13:51,641][DEBUG][m:optional_rerun_wrapper][fn:method][ln:40] - Skipping optional rerun call to 'AnyValues' because rerun usage is disabled.
[2026-08-02 14:13:51,641][DEBUG][m:optional_rerun_wrapper][fn:method][ln:40] - Skipping optional rerun call to 'log' because rerun usage is disabled.
[2026-08-02 14:13:51,641][DEBUG][m:optional_rerun_wrapper][fn:method][ln:40] - Skipping optional rerun call to 'Points3D' because rerun usage is disabled.
[2026-08-02 14:13:51,642][DEBUG][m:optional_rerun_wrapper][fn:method][ln:40] - Skipping optional rerun call to 'AnyValues' because rerun usage is disabled.
[2026-08-02 14:13:51,642][DEBUG][m:optional_rerun_wrapper][fn:method][ln:40] - Skipping optional rerun call to 'log' because rerun usage is disabled.
[2026-08-02 14:13:51,642][DEBUG][m:optional_rerun_wrapper][fn:method][ln:40] - Skipping optional rerun call to 'Points3D' because rerun usage is disabled.
[2026-08-02 14:13:51,642][DEBUG][m:optional_rerun_wrapper][fn:method][ln:40] - Skipping optional rerun call to 'AnyValues' because rerun usage is disabled.
[2026-08-02 14:13:51,642][DEBUG][m:optional_rerun_wrapper][fn:method][ln:40] - Skipping optional rerun call to 'log' because rerun usage is disabled.
[2026-08-02 14:13:51,642][DEBUG][m:optional_rerun_wrapper][fn:method][ln:40] - Skipping optional rerun call to 'Points3D' because rerun usage is disabled.
[2026-08-02 14:13:51,642][DEBUG][m:optional_rerun_wrapper][fn:method][ln:40] - Skipping optional rerun call to 'AnyValues' because rerun usage is disabled.
[2026-08-02 14:13:51,642][DEBUG][m:optional_rerun_wrapper][fn:method][ln:40] - Skipping optional rerun call to 'log' because rerun usage is disabled.
[2026-08-02 14:13:51,642][DEBUG][m:optional_rerun_wrapper][fn:method][ln:40] - Skipping optional rerun call to 'Boxes3D' because rerun usage is disabled.
[2026-08-02 14:13:51,642][DEBUG][m:optional_rerun_wrapper][fn:method][ln:40] - Skipping optional rerun call to 'AnyValues' because rerun usage is disabled.
[2026-08-02 14:13:51,642][DEBUG][m:optional_rerun_wrapper][fn:method][ln:40] - Skipping optional rerun call to 'log' because rerun usage is disabled.
[2026-08-02 14:13:51,642][DEBUG][m:optional_rerun_wrapper][fn:method][ln:40] - Skipping optional rerun call to 'Boxes3D' because rerun usage is disabled.
[2026-08-02 14:13:51,642][DEBUG][m:optional_rerun_wrapper][fn:method][ln:40] - Skipping optional rerun call to 'AnyValues' because rerun usage is disabled.
[2026-08-02 14:13:51,642][DEBUG][m:optional_rerun_wrapper][fn:method][ln:40] - Skipping optional rerun call to 'log' because rerun usage is disabled.
[2026-08-02 14:13:51,642][DEBUG][m:optional_rerun_wrapper][fn:method][ln:40] - Skipping optional rerun call to 'Boxes3D' because rerun usage is disabled.
[2026-08-02 14:13:51,642][DEBUG][m:optional_rerun_wrapper][fn:method][ln:40] - Skipping optional rerun call to 'AnyValues' because rerun usage is disabled.
[2026-08-02 14:13:51,642][DEBUG][m:optional_rerun_wrapper][fn:method][ln:40] - Skipping optional rerun call to 'log' because rerun usage is disabled.
[2026-08-02 14:13:51,642][DEBUG][m:optional_rerun_wrapper][fn:method][ln:40] - Skipping optional rerun call to 'Points3D' because rerun usage is disabled.
[2026-08-02 14:13:51,642][DEBUG][m:optional_rerun_wrapper][fn:method][ln:40] - Skipping optional rerun call to 'AnyValues' because rerun usage is disabled.
[2026-08-02 14:13:51,642][DEBUG][m:optional_rerun_wrapper][fn:method][ln:40] - Skipping optional rerun call to 'log' because rerun usage is disabled.
[2026-08-02 14:13:51,642][DEBUG][m:optional_rerun_wrapper][fn:method][ln:40] - Skipping optional rerun call to 'Points3D' because rerun usage is disabled.
[2026-08-02 14:13:51,642][DEBUG][m:optional_rerun_wrapper][fn:method][ln:40] - Skipping optional rerun call to 'AnyValues' because rerun usage is disabled.
[2026-08-02 14:13:51,642][DEBUG][m:optional_rerun_wrapper][fn:method][ln:40] - Skipping optional rerun call to 'log' because rerun usage is disabled.
[2026-08-02 14:13:51,642][DEBUG][m:optional_rerun_wrapper][fn:method][ln:40] - Skipping optional rerun call to 'Points3D' because rerun usage is disabled.
[2026-08-02 14:13:51,642][DEBUG][m:optional_rerun_wrapper][fn:method][ln:40] - Skipping optional rerun call to 'AnyValues' because rerun usage is disabled.
[2026-08-02 14:13:51,642][DEBUG][m:optional_rerun_wrapper][fn:method][ln:40] - Skipping optional rerun call to 'log' because rerun usage is disabled.
[2026-08-02 14:13:51,642][DEBUG][m:optional_rerun_wrapper][fn:method][ln:40] - Skipping optional rerun call to 'Boxes3D' because rerun usage is disabled.
[2026-08-02 14:13:51,642][DEBUG][m:optional_rerun_wrapper][fn:method][ln:40] - Skipping optional rerun call to 'AnyValues' because rerun usage is disabled.
[2026-08-02 14:13:51,642][DEBUG][m:optional_rerun_wrapper][fn:method][ln:40] - Skipping optional rerun call to 'log' because rerun usage is disabled.
[2026-08-02 14:13:51,642][DEBUG][m:optional_rerun_wrapper][fn:method][ln:40] - Skipping optional rerun call to 'Boxes3D' because rerun usage is disabled.
[2026-08-02 14:13:51,642][DEBUG][m:optional_rerun_wrapper][fn:method][ln:40] - Skipping optional rerun call to 'AnyValues' because rerun usage is disabled.
[2026-08-02 14:13:51,642][DEBUG][m:optional_rerun_wrapper][fn:method][ln:40] - Skipping optional rerun call to 'log' because rerun usage is disabled.
[2026-08-02 14:13:51,642][DEBUG][m:optional_rerun_wrapper][fn:method][ln:40] - Skipping optional rerun call to 'Boxes3D' because rerun usage is disabled.
[2026-08-02 14:13:51,643][DEBUG][m:optional_rerun_wrapper][fn:method][ln:40] - Skipping optional rerun call to 'AnyValues' because rerun usage is disabled.
[2026-08-02 14:13:51,643][DEBUG][m:optional_rerun_wrapper][fn:method][ln:40] - Skipping optional rerun call to 'log' because rerun usage is disabled.
[2026-08-02 14:13:51,643][DEBUG][m:optional_rerun_wrapper][fn:method][ln:40] - Skipping optional rerun call to 'Points3D' because rerun usage is disabled.
[2026-08-02 14:13:51,643][DEBUG][m:optional_rerun_wrapper][fn:method][ln:40] - Skipping optional rerun call to 'AnyValues' because rerun usage is disabled.
[2026-08-02 14:13:51,643][DEBUG][m:optional_rerun_wrapper][fn:method][ln:40] - Skipping optional rerun call to 'log' because rerun usage is disabled.
[2026-08-02 14:13:51,643][DEBUG][m:optional_rerun_wrapper][fn:method][ln:40] - Skipping optional rerun call to 'Points3D' because rerun usage is disabled.
[2026-08-02 14:13:51,643][DEBUG][m:optional_rerun_wrapper][fn:method][ln:40] - Skipping optional rerun call to 'AnyValues' because rerun usage is disabled.
[2026-08-02 14:13:51,643][DEBUG][m:optional_rerun_wrapper][fn:method][ln:40] - Skipping optional rerun call to 'log' because rerun usage is disabled.
[2026-08-02 14:13:51,643][DEBUG][m:optional_rerun_wrapper][fn:method][ln:40] - Skipping optional rerun call to 'Points3D' because rerun usage is disabled.
[2026-08-02 14:13:51,643][DEBUG][m:optional_rerun_wrapper][fn:method][ln:40] - Skipping optional rerun call to 'AnyValues' because rerun usage is disabled.
[2026-08-02 14:13:51,643][DEBUG][m:optional_rerun_wrapper][fn:method][ln:40] - Skipping optional rerun call to 'log' because rerun usage is disabled.
[2026-08-02 14:13:51,643][DEBUG][m:optional_rerun_wrapper][fn:method][ln:40] - Skipping optional rerun call to 'Boxes3D' because rerun usage is disabled.
[2026-08-02 14:13:51,643][DEBUG][m:optional_rerun_wrapper][fn:method][ln:40] - Skipping optional rerun call to 'AnyValues' because rerun usage is disabled.
[2026-08-02 14:13:51,643][DEBUG][m:optional_rerun_wrapper][fn:method][ln:40] - Skipping optional rerun call to 'log' because rerun usage is disabled.
[2026-08-02 14:13:51,643][DEBUG][m:optional_rerun_wrapper][fn:method][ln:40] - Skipping optional rerun call to 'Boxes3D' because rerun usage is disabled.
[2026-08-02 14:13:51,643][DEBUG][m:optional_rerun_wrapper][fn:method][ln:40] - Skipping optional rerun call to 'AnyValues' because rerun usage is disabled.
[2026-08-02 14:13:51,643][DEBUG][m:optional_rerun_wrapper][fn:method][ln:40] - Skipping optional rerun call to 'log' because rerun usage is disabled.
[2026-08-02 14:13:51,643][DEBUG][m:optional_rerun_wrapper][fn:method][ln:40] - Skipping optional rerun call to 'Boxes3D' because rerun usage is disabled.
[2026-08-02 14:13:51,643][DEBUG][m:optional_rerun_wrapper][fn:method][ln:40] - Skipping optional rerun call to 'AnyValues' because rerun usage is disabled.
[2026-08-02 14:13:51,643][DEBUG][m:optional_rerun_wrapper][fn:method][ln:40] - Skipping optional rerun call to 'log' because rerun usage is disabled.
[2026-08-02 14:13:51,643][DEBUG][m:optional_rerun_wrapper][fn:method][ln:40] - Skipping optional rerun call to 'Points3D' because rerun usage is disabled.
[2026-08-02 14:13:51,643][DEBUG][m:optional_rerun_wrapper][fn:method][ln:40] - Skipping optional rerun call to 'AnyValues' because rerun usage is disabled.
[2026-08-02 14:13:51,643][DEBUG][m:optional_rerun_wrapper][fn:method][ln:40] - Skipping optional rerun call to 'log' because rerun usage is disabled.
[2026-08-02 14:13:51,643][DEBUG][m:optional_rerun_wrapper][fn:method][ln:40] - Skipping optional rerun call to 'Points3D' because rerun usage is disabled.
[2026-08-02 14:13:51,643][DEBUG][m:optional_rerun_wrapper][fn:method][ln:40] - Skipping optional rerun call to 'AnyValues' because rerun usage is disabled.
[2026-08-02 14:13:51,643][DEBUG][m:optional_rerun_wrapper][fn:method][ln:40] - Skipping optional rerun call to 'log' because rerun usage is disabled.
[2026-08-02 14:13:51,643][DEBUG][m:optional_rerun_wrapper][fn:method][ln:40] - Skipping optional rerun call to 'Points3D' because rerun usage is disabled.
[2026-08-02 14:13:51,643][DEBUG][m:optional_rerun_wrapper][fn:method][ln:40] - Skipping optional rerun call to 'AnyValues' because rerun usage is disabled.
[2026-08-02 14:13:51,643][DEBUG][m:optional_rerun_wrapper][fn:method][ln:40] - Skipping optional rerun call to 'log' because rerun usage is disabled.
[2026-08-02 14:13:51,643][DEBUG][m:optional_rerun_wrapper][fn:method][ln:40] - Skipping optional rerun call to 'Boxes3D' because rerun usage is disabled.
[2026-08-02 14:13:51,643][DEBUG][m:optional_rerun_wrapper][fn:method][ln:40] - Skipping optional rerun call to 'AnyValues' because rerun usage is disabled.
[2026-08-02 14:13:51,643][DEBUG][m:optional_rerun_wrapper][fn:method][ln:40] - Skipping optional rerun call to 'log' because rerun usage is disabled.
[2026-08-02 14:13:51,644][DEBUG][m:optional_rerun_wrapper][fn:method][ln:40] - Skipping optional rerun call to 'Boxes3D' because rerun usage is disabled.
[2026-08-02 14:13:51,644][DEBUG][m:optional_rerun_wrapper][fn:method][ln:40] - Skipping optional rerun call to 'AnyValues' because rerun usage is disabled.
[2026-08-02 14:13:51,644][DEBUG][m:optional_rerun_wrapper][fn:method][ln:40] - Skipping optional rerun call to 'log' because rerun usage is disabled.
[2026-08-02 14:13:51,644][DEBUG][m:optional_rerun_wrapper][fn:method][ln:40] - Skipping optional rerun call to 'Boxes3D' because rerun usage is disabled.
[2026-08-02 14:13:51,644][DEBUG][m:optional_rerun_wrapper][fn:method][ln:40] - Skipping optional rerun call to 'AnyValues' because rerun usage is disabled.
[2026-08-02 14:13:51,644][DEBUG][m:optional_rerun_wrapper][fn:method][ln:40] - Skipping optional rerun call to 'log' because rerun usage is disabled.
[2026-08-02 14:13:51,644][DEBUG][m:optional_rerun_wrapper][fn:method][ln:40] - Skipping optional rerun call to 'Points3D' because rerun usage is disabled.
[2026-08-02 14:13:51,644][DEBUG][m:optional_rerun_wrapper][fn:method][ln:40] - Skipping optional rerun call to 'AnyValues' because rerun usage is disabled.
[2026-08-02 14:13:51,644][DEBUG][m:optional_rerun_wrapper][fn:method][ln:40] - Skipping optional rerun call to 'log' because rerun usage is disabled.
[2026-08-02 14:13:51,644][DEBUG][m:optional_rerun_wrapper][fn:method][ln:40] - Skipping optional rerun call to 'Points3D' because rerun usage is disabled.
[2026-08-02 14:13:51,644][DEBUG][m:optional_rerun_wrapper][fn:method][ln:40] - Skipping optional rerun call to 'AnyValues' because rerun usage is disabled.
[2026-08-02 14:13:51,644][DEBUG][m:optional_rerun_wrapper][fn:method][ln:40] - Skipping optional rerun call to 'log' because rerun usage is disabled.
[2026-08-02 14:13:51,644][DEBUG][m:optional_rerun_wrapper][fn:method][ln:40] - Skipping optional rerun call to 'Points3D' because rerun usage is disabled.
[2026-08-02 14:13:51,644][DEBUG][m:optional_rerun_wrapper][fn:method][ln:40] - Skipping optional rerun call to 'AnyValues' because rerun usage is disabled.
[2026-08-02 14:13:51,644][DEBUG][m:optional_rerun_wrapper][fn:method][ln:40] - Skipping optional rerun call to 'log' because rerun usage is disabled.
[2026-08-02 14:13:51,644][DEBUG][m:optional_rerun_wrapper][fn:method][ln:40] - Skipping optional rerun call to 'Boxes3D' because rerun usage is disabled.
[2026-08-02 14:13:51,644][DEBUG][m:optional_rerun_wrapper][fn:method][ln:40] - Skipping optional rerun call to 'AnyValues' because rerun usage is disabled.
[2026-08-02 14:13:51,644][DEBUG][m:optional_rerun_wrapper][fn:method][ln:40] - Skipping optional rerun call to 'log' because rerun usage is disabled.
[2026-08-02 14:13:51,644][DEBUG][m:optional_rerun_wrapper][fn:method][ln:40] - Skipping optional rerun call to 'Boxes3D' because rerun usage is disabled.
[2026-08-02 14:13:51,644][DEBUG][m:optional_rerun_wrapper][fn:method][ln:40] - Skipping optional rerun call to 'AnyValues' because rerun usage is disabled.
[2026-08-02 14:13:51,644][DEBUG][m:optional_rerun_wrapper][fn:method][ln:40] - Skipping optional rerun call to 'log' because rerun usage is disabled.
[2026-08-02 14:13:51,644][DEBUG][m:optional_rerun_wrapper][fn:method][ln:40] - Skipping optional rerun call to 'Boxes3D' because rerun usage is disabled.
[2026-08-02 14:13:51,644][DEBUG][m:optional_rerun_wrapper][fn:method][ln:40] - Skipping optional rerun call to 'AnyValues' because rerun usage is disabled.
[2026-08-02 14:13:51,644][DEBUG][m:optional_rerun_wrapper][fn:method][ln:40] - Skipping optional rerun call to 'log' because rerun usage is disabled.
[2026-08-02 14:13:51,644][DEBUG][m:optional_rerun_wrapper][fn:method][ln:40] - Skipping optional rerun call to 'Points3D' because rerun usage is disabled.
[2026-08-02 14:13:51,644][DEBUG][m:optional_rerun_wrapper][fn:method][ln:40] - Skipping optional rerun call to 'AnyValues' because rerun usage is disabled.
[2026-08-02 14:13:51,644][DEBUG][m:optional_rerun_wrapper][fn:method][ln:40] - Skipping optional rerun call to 'log' because rerun usage is disabled.
[2026-08-02 14:13:51,644][DEBUG][m:optional_rerun_wrapper][fn:method][ln:40] - Skipping optional rerun call to 'Points3D' because rerun usage is disabled.
[2026-08-02 14:13:51,644][DEBUG][m:optional_rerun_wrapper][fn:method][ln:40] - Skipping optional rerun call to 'AnyValues' because rerun usage is disabled.
[2026-08-02 14:13:51,644][DEBUG][m:optional_rerun_wrapper][fn:method][ln:40] - Skipping optional rerun call to 'log' because rerun usage is disabled.
[2026-08-02 14:13:51,644][DEBUG][m:optional_rerun_wrapper][fn:method][ln:40] - Skipping optional rerun call to 'Points3D' because rerun usage is disabled.
[2026-08-02 14:13:51,644][DEBUG][m:optional_rerun_wrapper][fn:method][ln:40] - Skipping optional rerun call to 'AnyValues' because rerun usage is disabled.
[2026-08-02 14:13:51,645][DEBUG][m:optional_rerun_wrapper][fn:method][ln:40] - Skipping optional rerun call to 'log' because rerun usage is disabled.
[2026-08-02 14:13:51,645][DEBUG][m:optional_rerun_wrapper][fn:method][ln:40] - Skipping optional rerun call to 'Boxes3D' because rerun usage is disabled.
[2026-08-02 14:13:51,645][DEBUG][m:optional_rerun_wrapper][fn:method][ln:40] - Skipping optional rerun call to 'AnyValues' because rerun usage is disabled.
[2026-08-02 14:13:51,645][DEBUG][m:optional_rerun_wrapper][fn:method][ln:40] - Skipping optional rerun call to 'log' because rerun usage is disabled.
[2026-08-02 14:13:51,645][DEBUG][m:optional_rerun_wrapper][fn:method][ln:40] - Skipping optional rerun call to 'Boxes3D' because rerun usage is disabled.
[2026-08-02 14:13:51,645][DEBUG][m:optional_rerun_wrapper][fn:method][ln:40] - Skipping optional rerun call to 'AnyValues' because rerun usage is disabled.
[2026-08-02 14:13:51,645][DEBUG][m:optional_rerun_wrapper][fn:method][ln:40] - Skipping optional rerun call to 'log' because rerun usage is disabled.
[2026-08-02 14:13:51,645][DEBUG][m:optional_rerun_wrapper][fn:method][ln:40] - Skipping optional rerun call to 'Boxes3D' because rerun usage is disabled.
[2026-08-02 14:13:51,645][DEBUG][m:optional_rerun_wrapper][fn:method][ln:40] - Skipping optional rerun call to 'AnyValues' because rerun usage is disabled.
[2026-08-02 14:13:51,645][DEBUG][m:optional_rerun_wrapper][fn:method][ln:40] - Skipping optional rerun call to 'log' because rerun usage is disabled.
[2026-08-02 14:13:51,645][DEBUG][m:optional_rerun_wrapper][fn:method][ln:40] - Skipping optional rerun call to 'Points3D' because rerun usage is disabled.
[2026-08-02 14:13:51,645][DEBUG][m:optional_rerun_wrapper][fn:method][ln:40] - Skipping optional rerun call to 'AnyValues' because rerun usage is disabled.
[2026-08-02 14:13:51,645][DEBUG][m:optional_rerun_wrapper][fn:method][ln:40] - Skipping optional rerun call to 'log' because rerun usage is disabled.
[2026-08-02 14:13:51,645][DEBUG][m:optional_rerun_wrapper][fn:method][ln:40] - Skipping optional rerun call to 'Points3D' because rerun usage is disabled.
[2026-08-02 14:13:51,645][DEBUG][m:optional_rerun_wrapper][fn:method][ln:40] - Skipping optional rerun call to 'AnyValues' because rerun usage is disabled.
[2026-08-02 14:13:51,645][DEBUG][m:optional_rerun_wrapper][fn:method][ln:40] - Skipping optional rerun call to 'log' because rerun usage is disabled.
[2026-08-02 14:13:51,645][DEBUG][m:optional_rerun_wrapper][fn:method][ln:40] - Skipping optional rerun call to 'Points3D' because rerun usage is disabled.
[2026-08-02 14:13:51,645][DEBUG][m:optional_rerun_wrapper][fn:method][ln:40] - Skipping optional rerun call to 'AnyValues' because rerun usage is disabled.
[2026-08-02 14:13:51,645][DEBUG][m:optional_rerun_wrapper][fn:method][ln:40] - Skipping optional rerun call to 'log' because rerun usage is disabled.
[2026-08-02 14:13:51,645][DEBUG][m:optional_rerun_wrapper][fn:method][ln:40] - Skipping optional rerun call to 'Boxes3D' because rerun usage is disabled.
[2026-08-02 14:13:51,645][DEBUG][m:optional_rerun_wrapper][fn:method][ln:40] - Skipping optional rerun call to 'AnyValues' because rerun usage is disabled.
[2026-08-02 14:13:51,645][DEBUG][m:optional_rerun_wrapper][fn:method][ln:40] - Skipping optional rerun call to 'log' because rerun usage is disabled.
[2026-08-02 14:13:51,645][DEBUG][m:optional_rerun_wrapper][fn:method][ln:40] - Skipping optional rerun call to 'Boxes3D' because rerun usage is disabled.
[2026-08-02 14:13:51,645][DEBUG][m:optional_rerun_wrapper][fn:method][ln:40] - Skipping optional rerun call to 'AnyValues' because rerun usage is disabled.
[2026-08-02 14:13:51,645][DEBUG][m:optional_rerun_wrapper][fn:method][ln:40] - Skipping optional rerun call to 'log' because rerun usage is disabled.
[2026-08-02 14:13:51,645][DEBUG][m:optional_rerun_wrapper][fn:method][ln:40] - Skipping optional rerun call to 'Boxes3D' because rerun usage is disabled.
[2026-08-02 14:13:51,645][DEBUG][m:optional_rerun_wrapper][fn:method][ln:40] - Skipping optional rerun call to 'AnyValues' because rerun usage is disabled.
[2026-08-02 14:13:51,645][DEBUG][m:optional_rerun_wrapper][fn:method][ln:40] - Skipping optional rerun call to 'log' because rerun usage is disabled.
[2026-08-02 14:13:51,645][DEBUG][m:optional_rerun_wrapper][fn:method][ln:40] - Skipping optional rerun call to 'Points3D' because rerun usage is disabled.
[2026-08-02 14:13:51,645][DEBUG][m:optional_rerun_wrapper][fn:method][ln:40] - Skipping optional rerun call to 'AnyValues' because rerun usage is disabled.
[2026-08-02 14:13:51,645][DEBUG][m:optional_rerun_wrapper][fn:method][ln:40] - Skipping optional rerun call to 'log' because rerun usage is disabled.
[2026-08-02 14:13:51,645][DEBUG][m:optional_rerun_wrapper][fn:method][ln:40] - Skipping optional rerun call to 'Points3D' because rerun usage is disabled.
[2026-08-02 14:13:51,646][DEBUG][m:optional_rerun_wrapper][fn:method][ln:40] - Skipping optional rerun call to 'AnyValues' because rerun usage is disabled.
[2026-08-02 14:13:51,646][DEBUG][m:optional_rerun_wrapper][fn:method][ln:40] - Skipping optional rerun call to 'log' because rerun usage is disabled.
[2026-08-02 14:13:51,646][DEBUG][m:optional_rerun_wrapper][fn:method][ln:40] - Skipping optional rerun call to 'Points3D' because rerun usage is disabled.
[2026-08-02 14:13:51,646][DEBUG][m:optional_rerun_wrapper][fn:method][ln:40] - Skipping optional rerun call to 'AnyValues' because rerun usage is disabled.
[2026-08-02 14:13:51,646][DEBUG][m:optional_rerun_wrapper][fn:method][ln:40] - Skipping optional rerun call to 'log' because rerun usage is disabled.
[2026-08-02 14:13:51,646][DEBUG][m:optional_rerun_wrapper][fn:method][ln:40] - Skipping optional rerun call to 'Boxes3D' because rerun usage is disabled.
[2026-08-02 14:13:51,646][DEBUG][m:optional_rerun_wrapper][fn:method][ln:40] - Skipping optional rerun call to 'AnyValues' because rerun usage is disabled.
[2026-08-02 14:13:51,646][DEBUG][m:optional_rerun_wrapper][fn:method][ln:40] - Skipping optional rerun call to 'log' because rerun usage is disabled.
[2026-08-02 14:13:51,646][DEBUG][m:optional_rerun_wrapper][fn:method][ln:40] - Skipping optional rerun call to 'Boxes3D' because rerun usage is disabled.
[2026-08-02 14:13:51,646][DEBUG][m:optional_rerun_wrapper][fn:method][ln:40] - Skipping optional rerun call to 'AnyValues' because rerun usage is disabled.
[2026-08-02 14:13:51,646][DEBUG][m:optional_rerun_wrapper][fn:method][ln:40] - Skipping optional rerun call to 'log' because rerun usage is disabled.
[2026-08-02 14:13:51,646][DEBUG][m:optional_rerun_wrapper][fn:method][ln:40] - Skipping optional rerun call to 'Boxes3D' because rerun usage is disabled.
[2026-08-02 14:13:51,646][DEBUG][m:optional_rerun_wrapper][fn:method][ln:40] - Skipping optional rerun call to 'AnyValues' because rerun usage is disabled.
[2026-08-02 14:13:51,646][DEBUG][m:optional_rerun_wrapper][fn:method][ln:40] - Skipping optional rerun call to 'log' because rerun usage is disabled.
[2026-08-02 14:13:51,646][DEBUG][m:optional_rerun_wrapper][fn:method][ln:40] - Skipping optional rerun call to 'Points3D' because rerun usage is disabled.
[2026-08-02 14:13:51,646][DEBUG][m:optional_rerun_wrapper][fn:method][ln:40] - Skipping optional rerun call to 'AnyValues' because rerun usage is disabled.
[2026-08-02 14:13:51,646][DEBUG][m:optional_rerun_wrapper][fn:method][ln:40] - Skipping optional rerun call to 'log' because rerun usage is disabled.
[2026-08-02 14:13:51,646][DEBUG][m:optional_rerun_wrapper][fn:method][ln:40] - Skipping optional rerun call to 'Points3D' because rerun usage is disabled.
[2026-08-02 14:13:51,646][DEBUG][m:optional_rerun_wrapper][fn:method][ln:40] - Skipping optional rerun call to 'AnyValues' because rerun usage is disabled.
[2026-08-02 14:13:51,646][DEBUG][m:optional_rerun_wrapper][fn:method][ln:40] - Skipping optional rerun call to 'log' because rerun usage is disabled.
[2026-08-02 14:13:51,646][DEBUG][m:optional_rerun_wrapper][fn:method][ln:40] - Skipping optional rerun call to 'Points3D' because rerun usage is disabled.
[2026-08-02 14:13:51,646][DEBUG][m:optional_rerun_wrapper][fn:method][ln:40] - Skipping optional rerun call to 'AnyValues' because rerun usage is disabled.
[2026-08-02 14:13:51,646][DEBUG][m:optional_rerun_wrapper][fn:method][ln:40] - Skipping optional rerun call to 'log' because rerun usage is disabled.
[2026-08-02 14:13:51,646][DEBUG][m:optional_rerun_wrapper][fn:method][ln:40] - Skipping optional rerun call to 'Boxes3D' because rerun usage is disabled.
[2026-08-02 14:13:51,646][DEBUG][m:optional_rerun_wrapper][fn:method][ln:40] - Skipping optional rerun call to 'AnyValues' because rerun usage is disabled.
[2026-08-02 14:13:51,646][DEBUG][m:optional_rerun_wrapper][fn:method][ln:40] - Skipping optional rerun call to 'log' because rerun usage is disabled.
[2026-08-02 14:13:51,646][DEBUG][m:optional_rerun_wrapper][fn:method][ln:40] - Skipping optional rerun call to 'Boxes3D' because rerun usage is disabled.
[2026-08-02 14:13:51,646][DEBUG][m:optional_rerun_wrapper][fn:method][ln:40] - Skipping optional rerun call to 'AnyValues' because rerun usage is disabled.
[2026-08-02 14:13:51,646][DEBUG][m:optional_rerun_wrapper][fn:method][ln:40] - Skipping optional rerun call to 'log' because rerun usage is disabled.
[2026-08-02 14:13:51,646][DEBUG][m:optional_rerun_wrapper][fn:method][ln:40] - Skipping optional rerun call to 'Boxes3D' because rerun usage is disabled.
[2026-08-02 14:13:51,646][DEBUG][m:optional_rerun_wrapper][fn:method][ln:40] - Skipping optional rerun call to 'AnyValues' because rerun usage is disabled.
[2026-08-02 14:13:51,646][DEBUG][m:optional_rerun_wrapper][fn:method][ln:40] - Skipping optional rerun call to 'log' because rerun usage is disabled.
[2026-08-02 14:13:51,646][DEBUG][m:optional_rerun_wrapper][fn:method][ln:40] - Skipping optional rerun call to 'Points3D' because rerun usage is disabled.
[2026-08-02 14:13:51,646][DEBUG][m:optional_rerun_wrapper][fn:method][ln:40] - Skipping optional rerun call to 'AnyValues' because rerun usage is disabled.
[2026-08-02 14:13:51,647][DEBUG][m:optional_rerun_wrapper][fn:method][ln:40] - Skipping optional rerun call to 'log' because rerun usage is disabled.
[2026-08-02 14:13:51,647][DEBUG][m:optional_rerun_wrapper][fn:method][ln:40] - Skipping optional rerun call to 'Points3D' because rerun usage is disabled.
[2026-08-02 14:13:51,647][DEBUG][m:optional_rerun_wrapper][fn:method][ln:40] - Skipping optional rerun call to 'AnyValues' because rerun usage is disabled.
[2026-08-02 14:13:51,647][DEBUG][m:optional_rerun_wrapper][fn:method][ln:40] - Skipping optional rerun call to 'log' because rerun usage is disabled.
[2026-08-02 14:13:51,647][DEBUG][m:optional_rerun_wrapper][fn:method][ln:40] - Skipping optional rerun call to 'Points3D' because rerun usage is disabled.
[2026-08-02 14:13:51,647][DEBUG][m:optional_rerun_wrapper][fn:method][ln:40] - Skipping optional rerun call to 'AnyValues' because rerun usage is disabled.
[2026-08-02 14:13:51,647][DEBUG][m:optional_rerun_wrapper][fn:method][ln:40] - Skipping optional rerun call to 'log' because rerun usage is disabled.
[2026-08-02 14:13:51,647][DEBUG][m:optional_rerun_wrapper][fn:method][ln:40] - Skipping optional rerun call to 'Boxes3D' because rerun usage is disabled.
[2026-08-02 14:13:51,647][DEBUG][m:optional_rerun_wrapper][fn:method][ln:40] - Skipping optional rerun call to 'AnyValues' because rerun usage is disabled.
[2026-08-02 14:13:51,647][DEBUG][m:optional_rerun_wrapper][fn:method][ln:40] - Skipping optional rerun call to 'log' because rerun usage is disabled.
[2026-08-02 14:13:51,647][DEBUG][m:optional_rerun_wrapper][fn:method][ln:40] - Skipping optional rerun call to 'Boxes3D' because rerun usage is disabled.
[2026-08-02 14:13:51,647][DEBUG][m:optional_rerun_wrapper][fn:method][ln:40] - Skipping optional rerun call to 'AnyValues' because rerun usage is disabled.
[2026-08-02 14:13:51,647][DEBUG][m:optional_rerun_wrapper][fn:method][ln:40] - Skipping optional rerun call to 'log' because rerun usage is disabled.
[2026-08-02 14:13:51,647][DEBUG][m:optional_rerun_wrapper][fn:method][ln:40] - Skipping optional rerun call to 'Boxes3D' because rerun usage is disabled.
[2026-08-02 14:13:51,647][DEBUG][m:optional_rerun_wrapper][fn:method][ln:40] - Skipping optional rerun call to 'AnyValues' because rerun usage is disabled.
[2026-08-02 14:13:51,647][DEBUG][m:optional_rerun_wrapper][fn:method][ln:40] - Skipping optional rerun call to 'log' because rerun usage is disabled.
[2026-08-02 14:13:51,647][DEBUG][m:optional_rerun_wrapper][fn:method][ln:40] - Skipping optional rerun call to 'Points3D' because rerun usage is disabled.
[2026-08-02 14:13:51,647][DEBUG][m:optional_rerun_wrapper][fn:method][ln:40] - Skipping optional rerun call to 'AnyValues' because rerun usage is disabled.
[2026-08-02 14:13:51,647][DEBUG][m:optional_rerun_wrapper][fn:method][ln:40] - Skipping optional rerun call to 'log' because rerun usage is disabled.
[2026-08-02 14:13:51,647][DEBUG][m:optional_rerun_wrapper][fn:method][ln:40] - Skipping optional rerun call to 'Points3D' because rerun usage is disabled.
[2026-08-02 14:13:51,647][DEBUG][m:optional_rerun_wrapper][fn:method][ln:40] - Skipping optional rerun call to 'AnyValues' because rerun usage is disabled.
[2026-08-02 14:13:51,647][DEBUG][m:optional_rerun_wrapper][fn:method][ln:40] - Skipping optional rerun call to 'log' because rerun usage is disabled.
[2026-08-02 14:13:51,647][DEBUG][m:optional_rerun_wrapper][fn:method][ln:40] - Skipping optional rerun call to 'Points3D' because rerun usage is disabled.
[2026-08-02 14:13:51,647][DEBUG][m:optional_rerun_wrapper][fn:method][ln:40] - Skipping optional rerun call to 'AnyValues' because rerun usage is disabled.
[2026-08-02 14:13:51,647][DEBUG][m:optional_rerun_wrapper][fn:method][ln:40] - Skipping optional rerun call to 'log' because rerun usage is disabled.
[2026-08-02 14:13:51,647][DEBUG][m:optional_rerun_wrapper][fn:method][ln:40] - Skipping optional rerun call to 'Boxes3D' because rerun usage is disabled.
[2026-08-02 14:13:51,647][DEBUG][m:optional_rerun_wrapper][fn:method][ln:40] - Skipping optional rerun call to 'AnyValues' because rerun usage is disabled.
[2026-08-02 14:13:51,647][DEBUG][m:optional_rerun_wrapper][fn:method][ln:40] - Skipping optional rerun call to 'log' because rerun usage is disabled.
[2026-08-02 14:13:51,647][DEBUG][m:optional_rerun_wrapper][fn:method][ln:40] - Skipping optional rerun call to 'Boxes3D' because rerun usage is disabled.
[2026-08-02 14:13:51,647][DEBUG][m:optional_rerun_wrapper][fn:method][ln:40] - Skipping optional rerun call to 'AnyValues' because rerun usage is disabled.
[2026-08-02 14:13:51,647][DEBUG][m:optional_rerun_wrapper][fn:method][ln:40] - Skipping optional rerun call to 'log' because rerun usage is disabled.
[2026-08-02 14:13:51,647][DEBUG][m:optional_rerun_wrapper][fn:method][ln:40] - Skipping optional rerun call to 'Boxes3D' because rerun usage is disabled.
[2026-08-02 14:13:51,647][DEBUG][m:optional_rerun_wrapper][fn:method][ln:40] - Skipping optional rerun call to 'AnyValues' because rerun usage is disabled.
[2026-08-02 14:13:51,648][DEBUG][m:optional_rerun_wrapper][fn:method][ln:40] - Skipping optional rerun call to 'log' because rerun usage is disabled.
[2026-08-02 14:13:51,648][DEBUG][m:optional_rerun_wrapper][fn:method][ln:40] - Skipping optional rerun call to 'Points3D' because rerun usage is disabled.
[2026-08-02 14:13:51,648][DEBUG][m:optional_rerun_wrapper][fn:method][ln:40] - Skipping optional rerun call to 'AnyValues' because rerun usage is disabled.
[2026-08-02 14:13:51,648][DEBUG][m:optional_rerun_wrapper][fn:method][ln:40] - Skipping optional rerun call to 'log' because rerun usage is disabled.
[2026-08-02 14:13:51,648][DEBUG][m:optional_rerun_wrapper][fn:method][ln:40] - Skipping optional rerun call to 'Points3D' because rerun usage is disabled.
[2026-08-02 14:13:51,648][DEBUG][m:optional_rerun_wrapper][fn:method][ln:40] - Skipping optional rerun call to 'AnyValues' because rerun usage is disabled.
[2026-08-02 14:13:51,648][DEBUG][m:optional_rerun_wrapper][fn:method][ln:40] - Skipping optional rerun call to 'log' because rerun usage is disabled.
[2026-08-02 14:13:51,648][DEBUG][m:optional_rerun_wrapper][fn:method][ln:40] - Skipping optional rerun call to 'Points3D' because rerun usage is disabled.
[2026-08-02 14:13:51,648][DEBUG][m:optional_rerun_wrapper][fn:method][ln:40] - Skipping optional rerun call to 'AnyValues' because rerun usage is disabled.
[2026-08-02 14:13:51,648][DEBUG][m:optional_rerun_wrapper][fn:method][ln:40] - Skipping optional rerun call to 'log' because rerun usage is disabled.
[2026-08-02 14:13:51,648][DEBUG][m:optional_rerun_wrapper][fn:method][ln:40] - Skipping optional rerun call to 'Boxes3D' because rerun usage is disabled.
[2026-08-02 14:13:51,648][DEBUG][m:optional_rerun_wrapper][fn:method][ln:40] - Skipping optional rerun call to 'AnyValues' because rerun usage is disabled.
[2026-08-02 14:13:51,648][DEBUG][m:optional_rerun_wrapper][fn:method][ln:40] - Skipping optional rerun call to 'log' because rerun usage is disabled.
[2026-08-02 14:13:51,648][DEBUG][m:optional_rerun_wrapper][fn:method][ln:40] - Skipping optional rerun call to 'Boxes3D' because rerun usage is disabled.
[2026-08-02 14:13:51,648][DEBUG][m:optional_rerun_wrapper][fn:method][ln:40] - Skipping optional rerun call to 'AnyValues' because rerun usage is disabled.
[2026-08-02 14:13:51,648][DEBUG][m:optional_rerun_wrapper][fn:method][ln:40] - Skipping optional rerun call to 'log' because rerun usage is disabled.
[2026-08-02 14:13:51,648][DEBUG][m:optional_rerun_wrapper][fn:method][ln:40] - Skipping optional rerun call to 'Boxes3D' because rerun usage is disabled.
[2026-08-02 14:13:51,648][DEBUG][m:optional_rerun_wrapper][fn:method][ln:40] - Skipping optional rerun call to 'AnyValues' because rerun usage is disabled.
[2026-08-02 14:13:51,648][DEBUG][m:optional_rerun_wrapper][fn:method][ln:40] - Skipping optional rerun call to 'log' because rerun usage is disabled.
[2026-08-02 14:13:51,648][DEBUG][m:optional_rerun_wrapper][fn:method][ln:40] - Skipping optional rerun call to 'Points3D' because rerun usage is disabled.
[2026-08-02 14:13:51,648][DEBUG][m:optional_rerun_wrapper][fn:method][ln:40] - Skipping optional rerun call to 'AnyValues' because rerun usage is disabled.
[2026-08-02 14:13:51,648][DEBUG][m:optional_rerun_wrapper][fn:method][ln:40] - Skipping optional rerun call to 'log' because rerun usage is disabled.
[2026-08-02 14:13:51,648][DEBUG][m:optional_rerun_wrapper][fn:method][ln:40] - Skipping optional rerun call to 'Points3D' because rerun usage is disabled.
[2026-08-02 14:13:51,648][DEBUG][m:optional_rerun_wrapper][fn:method][ln:40] - Skipping optional rerun call to 'AnyValues' because rerun usage is disabled.
[2026-08-02 14:13:51,648][DEBUG][m:optional_rerun_wrapper][fn:method][ln:40] - Skipping optional rerun call to 'log' because rerun usage is disabled.
[2026-08-02 14:13:51,648][DEBUG][m:optional_rerun_wrapper][fn:method][ln:40] - Skipping optional rerun call to 'Points3D' because rerun usage is disabled.
[2026-08-02 14:13:51,648][DEBUG][m:optional_rerun_wrapper][fn:method][ln:40] - Skipping optional rerun call to 'AnyValues' because rerun usage is disabled.
[2026-08-02 14:13:51,648][DEBUG][m:optional_rerun_wrapper][fn:method][ln:40] - Skipping optional rerun call to 'log' because rerun usage is disabled.
[2026-08-02 14:13:51,648][DEBUG][m:optional_rerun_wrapper][fn:method][ln:40] - Skipping optional rerun call to 'Boxes3D' because rerun usage is disabled.
[2026-08-02 14:13:51,648][DEBUG][m:optional_rerun_wrapper][fn:method][ln:40] - Skipping optional rerun call to 'AnyValues' because rerun usage is disabled.
[2026-08-02 14:13:51,648][DEBUG][m:optional_rerun_wrapper][fn:method][ln:40] - Skipping optional rerun call to 'log' because rerun usage is disabled.
[2026-08-02 14:13:51,648][DEBUG][m:optional_rerun_wrapper][fn:method][ln:40] - Skipping optional rerun call to 'Boxes3D' because rerun usage is disabled.
[2026-08-02 14:13:51,648][DEBUG][m:optional_rerun_wrapper][fn:method][ln:40] - Skipping optional rerun call to 'AnyValues' because rerun usage is disabled.
[2026-08-02 14:13:51,648][DEBUG][m:optional_rerun_wrapper][fn:method][ln:40] - Skipping optional rerun call to 'log' because rerun usage is disabled.
[2026-08-02 14:13:51,649][DEBUG][m:optional_rerun_wrapper][fn:method][ln:40] - Skipping optional rerun call to 'Boxes3D' because rerun usage is disabled.
[2026-08-02 14:13:51,649][DEBUG][m:optional_rerun_wrapper][fn:method][ln:40] - Skipping optional rerun call to 'AnyValues' because rerun usage is disabled.
[2026-08-02 14:13:51,649][DEBUG][m:optional_rerun_wrapper][fn:method][ln:40] - Skipping optional rerun call to 'log' because rerun usage is disabled.
[2026-08-02 14:13:51,649][DEBUG][m:optional_rerun_wrapper][fn:method][ln:40] - Skipping optional rerun call to 'Points3D' because rerun usage is disabled.
[2026-08-02 14:13:51,649][DEBUG][m:optional_rerun_wrapper][fn:method][ln:40] - Skipping optional rerun call to 'AnyValues' because rerun usage is disabled.
[2026-08-02 14:13:51,649][DEBUG][m:optional_rerun_wrapper][fn:method][ln:40] - Skipping optional rerun call to 'log' because rerun usage is disabled.
[2026-08-02 14:13:51,649][DEBUG][m:optional_rerun_wrapper][fn:method][ln:40] - Skipping optional rerun call to 'Points3D' because rerun usage is disabled.
[2026-08-02 14:13:51,649][DEBUG][m:optional_rerun_wrapper][fn:method][ln:40] - Skipping optional rerun call to 'AnyValues' because rerun usage is disabled.
[2026-08-02 14:13:51,649][DEBUG][m:optional_rerun_wrapper][fn:method][ln:40] - Skipping optional rerun call to 'log' because rerun usage is disabled.
[2026-08-02 14:13:51,649][DEBUG][m:optional_rerun_wrapper][fn:method][ln:40] - Skipping optional rerun call to 'Points3D' because rerun usage is disabled.
[2026-08-02 14:13:51,649][DEBUG][m:optional_rerun_wrapper][fn:method][ln:40] - Skipping optional rerun call to 'AnyValues' because rerun usage is disabled.
[2026-08-02 14:13:51,649][DEBUG][m:optional_rerun_wrapper][fn:method][ln:40] - Skipping optional rerun call to 'log' because rerun usage is disabled.
[2026-08-02 14:13:51,649][DEBUG][m:optional_rerun_wrapper][fn:method][ln:40] - Skipping optional rerun call to 'Boxes3D' because rerun usage is disabled.
[2026-08-02 14:13:51,649][DEBUG][m:optional_rerun_wrapper][fn:method][ln:40] - Skipping optional rerun call to 'AnyValues' because rerun usage is disabled.
[2026-08-02 14:13:51,649][DEBUG][m:optional_rerun_wrapper][fn:method][ln:40] - Skipping optional rerun call to 'log' because rerun usage is disabled.
[2026-08-02 14:13:51,649][DEBUG][m:optional_rerun_wrapper][fn:method][ln:40] - Skipping optional rerun call to 'Boxes3D' because rerun usage is disabled.
[2026-08-02 14:13:51,649][DEBUG][m:optional_rerun_wrapper][fn:method][ln:40] - Skipping optional rerun call to 'AnyValues' because rerun usage is disabled.
[2026-08-02 14:13:51,649][DEBUG][m:optional_rerun_wrapper][fn:method][ln:40] - Skipping optional rerun call to 'log' because rerun usage is disabled.
[2026-08-02 14:13:51,649][DEBUG][m:optional_rerun_wrapper][fn:method][ln:40] - Skipping optional rerun call to 'Boxes3D' because rerun usage is disabled.
[2026-08-02 14:13:51,649][DEBUG][m:optional_rerun_wrapper][fn:method][ln:40] - Skipping optional rerun call to 'AnyValues' because rerun usage is disabled.
[2026-08-02 14:13:51,649][DEBUG][m:optional_rerun_wrapper][fn:method][ln:40] - Skipping optional rerun call to 'log' because rerun usage is disabled.
[2026-08-02 14:13:51,649][DEBUG][m:optional_rerun_wrapper][fn:method][ln:40] - Skipping optional rerun call to 'Points3D' because rerun usage is disabled.
[2026-08-02 14:13:51,649][DEBUG][m:optional_rerun_wrapper][fn:method][ln:40] - Skipping optional rerun call to 'AnyValues' because rerun usage is disabled.
[2026-08-02 14:13:51,649][DEBUG][m:optional_rerun_wrapper][fn:method][ln:40] - Skipping optional rerun call to 'log' because rerun usage is disabled.
[2026-08-02 14:13:51,649][DEBUG][m:optional_rerun_wrapper][fn:method][ln:40] - Skipping optional rerun call to 'Points3D' because rerun usage is disabled.
[2026-08-02 14:13:51,649][DEBUG][m:optional_rerun_wrapper][fn:method][ln:40] - Skipping optional rerun call to 'AnyValues' because rerun usage is disabled.
[2026-08-02 14:13:51,649][DEBUG][m:optional_rerun_wrapper][fn:method][ln:40] - Skipping optional rerun call to 'log' because rerun usage is disabled.
[2026-08-02 14:13:51,649][DEBUG][m:optional_rerun_wrapper][fn:method][ln:40] - Skipping optional rerun call to 'Points3D' because rerun usage is disabled.
[2026-08-02 14:13:51,649][DEBUG][m:optional_rerun_wrapper][fn:method][ln:40] - Skipping optional rerun call to 'AnyValues' because rerun usage is disabled.
[2026-08-02 14:13:51,649][DEBUG][m:optional_rerun_wrapper][fn:method][ln:40] - Skipping optional rerun call to 'log' because rerun usage is disabled.
[2026-08-02 14:13:51,649][DEBUG][m:optional_rerun_wrapper][fn:method][ln:40] - Skipping optional rerun call to 'Boxes3D' because rerun usage is disabled.
[2026-08-02 14:13:51,649][DEBUG][m:optional_rerun_wrapper][fn:method][ln:40] - Skipping optional rerun call to 'AnyValues' because rerun usage is disabled.
[2026-08-02 14:13:51,650][DEBUG][m:optional_rerun_wrapper][fn:method][ln:40] - Skipping optional rerun call to 'log' because rerun usage is disabled.
[2026-08-02 14:13:51,650][DEBUG][m:optional_rerun_wrapper][fn:method][ln:40] - Skipping optional rerun call to 'Boxes3D' because rerun usage is disabled.
[2026-08-02 14:13:51,650][DEBUG][m:optional_rerun_wrapper][fn:method][ln:40] - Skipping optional rerun call to 'AnyValues' because rerun usage is disabled.
[2026-08-02 14:13:51,650][DEBUG][m:optional_rerun_wrapper][fn:method][ln:40] - Skipping optional rerun call to 'log' because rerun usage is disabled.
[2026-08-02 14:13:51,650][DEBUG][m:optional_rerun_wrapper][fn:method][ln:40] - Skipping optional rerun call to 'Boxes3D' because rerun usage is disabled.
[2026-08-02 14:13:51,650][DEBUG][m:optional_rerun_wrapper][fn:method][ln:40] - Skipping optional rerun call to 'AnyValues' because rerun usage is disabled.
[2026-08-02 14:13:51,650][DEBUG][m:optional_rerun_wrapper][fn:method][ln:40] - Skipping optional rerun call to 'log' because rerun usage is disabled.
[2026-08-02 14:13:51,650][DEBUG][m:optional_rerun_wrapper][fn:method][ln:40] - Skipping optional rerun call to 'Points3D' because rerun usage is disabled.
[2026-08-02 14:13:51,650][DEBUG][m:optional_rerun_wrapper][fn:method][ln:40] - Skipping optional rerun call to 'AnyValues' because rerun usage is disabled.
[2026-08-02 14:13:51,650][DEBUG][m:optional_rerun_wrapper][fn:method][ln:40] - Skipping optional rerun call to 'log' because rerun usage is disabled.
[2026-08-02 14:13:51,650][DEBUG][m:optional_rerun_wrapper][fn:method][ln:40] - Skipping optional rerun call to 'Points3D' because rerun usage is disabled.
[2026-08-02 14:13:51,650][DEBUG][m:optional_rerun_wrapper][fn:method][ln:40] - Skipping optional rerun call to 'AnyValues' because rerun usage is disabled.
[2026-08-02 14:13:51,650][DEBUG][m:optional_rerun_wrapper][fn:method][ln:40] - Skipping optional rerun call to 'log' because rerun usage is disabled.
[2026-08-02 14:13:51,650][DEBUG][m:optional_rerun_wrapper][fn:method][ln:40] - Skipping optional rerun call to 'Points3D' because rerun usage is disabled.
[2026-08-02 14:13:51,650][DEBUG][m:optional_rerun_wrapper][fn:method][ln:40] - Skipping optional rerun call to 'AnyValues' because rerun usage is disabled.
[2026-08-02 14:13:51,650][DEBUG][m:optional_rerun_wrapper][fn:method][ln:40] - Skipping optional rerun call to 'log' because rerun usage is disabled.
[2026-08-02 14:13:51,650][DEBUG][m:optional_rerun_wrapper][fn:method][ln:40] - Skipping optional rerun call to 'Boxes3D' because rerun usage is disabled.
[2026-08-02 14:13:51,650][DEBUG][m:optional_rerun_wrapper][fn:method][ln:40] - Skipping optional rerun call to 'AnyValues' because rerun usage is disabled.
[2026-08-02 14:13:51,650][DEBUG][m:optional_rerun_wrapper][fn:method][ln:40] - Skipping optional rerun call to 'log' because rerun usage is disabled.
[2026-08-02 14:13:51,650][DEBUG][m:optional_rerun_wrapper][fn:method][ln:40] - Skipping optional rerun call to 'Boxes3D' because rerun usage is disabled.
[2026-08-02 14:13:51,650][DEBUG][m:optional_rerun_wrapper][fn:method][ln:40] - Skipping optional rerun call to 'AnyValues' because rerun usage is disabled.
[2026-08-02 14:13:51,650][DEBUG][m:optional_rerun_wrapper][fn:method][ln:40] - Skipping optional rerun call to 'log' because rerun usage is disabled.
[2026-08-02 14:13:51,650][DEBUG][m:optional_rerun_wrapper][fn:method][ln:40] - Skipping optional rerun call to 'Boxes3D' because rerun usage is disabled.
[2026-08-02 14:13:51,650][DEBUG][m:optional_rerun_wrapper][fn:method][ln:40] - Skipping optional rerun call to 'AnyValues' because rerun usage is disabled.
[2026-08-02 14:13:51,650][DEBUG][m:optional_rerun_wrapper][fn:method][ln:40] - Skipping optional rerun call to 'log' because rerun usage is disabled.
[2026-08-02 14:13:51,650][DEBUG][m:optional_rerun_wrapper][fn:method][ln:40] - Skipping optional rerun call to 'Points3D' because rerun usage is disabled.
[2026-08-02 14:13:51,650][DEBUG][m:optional_rerun_wrapper][fn:method][ln:40] - Skipping optional rerun call to 'AnyValues' because rerun usage is disabled.
[2026-08-02 14:13:51,650][DEBUG][m:optional_rerun_wrapper][fn:method][ln:40] - Skipping optional rerun call to 'log' because rerun usage is disabled.
[2026-08-02 14:13:51,650][DEBUG][m:optional_rerun_wrapper][fn:method][ln:40] - Skipping optional rerun call to 'Points3D' because rerun usage is disabled.
[2026-08-02 14:13:51,650][DEBUG][m:optional_rerun_wrapper][fn:method][ln:40] - Skipping optional rerun call to 'AnyValues' because rerun usage is disabled.
[2026-08-02 14:13:51,650][DEBUG][m:optional_rerun_wrapper][fn:method][ln:40] - Skipping optional rerun call to 'log' because rerun usage is disabled.
[2026-08-02 14:13:51,650][DEBUG][m:optional_rerun_wrapper][fn:method][ln:40] - Skipping optional rerun call to 'Points3D' because rerun usage is disabled.
[2026-08-02 14:13:51,651][DEBUG][m:optional_rerun_wrapper][fn:method][ln:40] - Skipping optional rerun call to 'AnyValues' because rerun usage is disabled.
[2026-08-02 14:13:51,651][DEBUG][m:optional_rerun_wrapper][fn:method][ln:40] - Skipping optional rerun call to 'log' because rerun usage is disabled.
[2026-08-02 14:13:51,651][DEBUG][m:optional_rerun_wrapper][fn:method][ln:40] - Skipping optional rerun call to 'Boxes3D' because rerun usage is disabled.
[2026-08-02 14:13:51,651][DEBUG][m:optional_rerun_wrapper][fn:method][ln:40] - Skipping optional rerun call to 'AnyValues' because rerun usage is disabled.
[2026-08-02 14:13:51,651][DEBUG][m:optional_rerun_wrapper][fn:method][ln:40] - Skipping optional rerun call to 'log' because rerun usage is disabled.
[2026-08-02 14:13:51,651][DEBUG][m:optional_rerun_wrapper][fn:method][ln:40] - Skipping optional rerun call to 'Boxes3D' because rerun usage is disabled.
[2026-08-02 14:13:51,651][DEBUG][m:optional_rerun_wrapper][fn:method][ln:40] - Skipping optional rerun call to 'AnyValues' because rerun usage is disabled.
[2026-08-02 14:13:51,651][DEBUG][m:optional_rerun_wrapper][fn:method][ln:40] - Skipping optional rerun call to 'log' because rerun usage is disabled.
[2026-08-02 14:13:51,651][DEBUG][m:optional_rerun_wrapper][fn:method][ln:40] - Skipping optional rerun call to 'Boxes3D' because rerun usage is disabled.
[2026-08-02 14:13:51,651][DEBUG][m:optional_rerun_wrapper][fn:method][ln:40] - Skipping optional rerun call to 'AnyValues' because rerun usage is disabled.
[2026-08-02 14:13:51,651][DEBUG][m:optional_rerun_wrapper][fn:method][ln:40] - Skipping optional rerun call to 'log' because rerun usage is disabled.
[2026-08-02 14:13:51,651][DEBUG][m:optional_rerun_wrapper][fn:method][ln:40] - Skipping optional rerun call to 'Points3D' because rerun usage is disabled.
[2026-08-02 14:13:51,651][DEBUG][m:optional_rerun_wrapper][fn:method][ln:40] - Skipping optional rerun call to 'AnyValues' because rerun usage is disabled.
[2026-08-02 14:13:51,651][DEBUG][m:optional_rerun_wrapper][fn:method][ln:40] - Skipping optional rerun call to 'log' because rerun usage is disabled.
[2026-08-02 14:13:51,651][DEBUG][m:optional_rerun_wrapper][fn:method][ln:40] - Skipping optional rerun call to 'Points3D' because rerun usage is disabled.
[2026-08-02 14:13:51,651][DEBUG][m:optional_rerun_wrapper][fn:method][ln:40] - Skipping optional rerun call to 'AnyValues' because rerun usage is disabled.
[2026-08-02 14:13:51,651][DEBUG][m:optional_rerun_wrapper][fn:method][ln:40] - Skipping optional rerun call to 'log' because rerun usage is disabled.
[2026-08-02 14:13:51,651][DEBUG][m:optional_rerun_wrapper][fn:method][ln:40] - Skipping optional rerun call to 'Points3D' because rerun usage is disabled.
[2026-08-02 14:13:51,651][DEBUG][m:optional_rerun_wrapper][fn:method][ln:40] - Skipping optional rerun call to 'AnyValues' because rerun usage is disabled.
[2026-08-02 14:13:51,651][DEBUG][m:optional_rerun_wrapper][fn:method][ln:40] - Skipping optional rerun call to 'log' because rerun usage is disabled.
[2026-08-02 14:13:51,651][DEBUG][m:optional_rerun_wrapper][fn:method][ln:40] - Skipping optional rerun call to 'Boxes3D' because rerun usage is disabled.
[2026-08-02 14:13:51,651][DEBUG][m:optional_rerun_wrapper][fn:method][ln:40] - Skipping optional rerun call to 'AnyValues' because rerun usage is disabled.
[2026-08-02 14:13:51,651][DEBUG][m:optional_rerun_wrapper][fn:method][ln:40] - Skipping optional rerun call to 'log' because rerun usage is disabled.
[2026-08-02 14:13:51,651][DEBUG][m:optional_rerun_wrapper][fn:method][ln:40] - Skipping optional rerun call to 'Boxes3D' because rerun usage is disabled.
[2026-08-02 14:13:51,651][DEBUG][m:optional_rerun_wrapper][fn:method][ln:40] - Skipping optional rerun call to 'AnyValues' because rerun usage is disabled.
[2026-08-02 14:13:51,651][DEBUG][m:optional_rerun_wrapper][fn:method][ln:40] - Skipping optional rerun call to 'log' because rerun usage is disabled.
[2026-08-02 14:13:51,651][DEBUG][m:optional_rerun_wrapper][fn:method][ln:40] - Skipping optional rerun call to 'Boxes3D' because rerun usage is disabled.
[2026-08-02 14:13:51,651][DEBUG][m:optional_rerun_wrapper][fn:method][ln:40] - Skipping optional rerun call to 'AnyValues' because rerun usage is disabled.
[2026-08-02 14:13:51,651][DEBUG][m:optional_rerun_wrapper][fn:method][ln:40] - Skipping optional rerun call to 'log' because rerun usage is disabled.
[2026-08-02 14:13:51,651][DEBUG][m:optional_rerun_wrapper][fn:method][ln:40] - Skipping optional rerun call to 'Points3D' because rerun usage is disabled.
[2026-08-02 14:13:51,651][DEBUG][m:optional_rerun_wrapper][fn:method][ln:40] - Skipping optional rerun call to 'AnyValues' because rerun usage is disabled.
[2026-08-02 14:13:51,651][DEBUG][m:optional_rerun_wrapper][fn:method][ln:40] - Skipping optional rerun call to 'log' because rerun usage is disabled.
[2026-08-02 14:13:51,652][DEBUG][m:optional_rerun_wrapper][fn:method][ln:40] - Skipping optional rerun call to 'Points3D' because rerun usage is disabled.
[2026-08-02 14:13:51,652][DEBUG][m:optional_rerun_wrapper][fn:method][ln:40] - Skipping optional rerun call to 'AnyValues' because rerun usage is disabled.
[2026-08-02 14:13:51,652][DEBUG][m:optional_rerun_wrapper][fn:method][ln:40] - Skipping optional rerun call to 'log' because rerun usage is disabled.
[2026-08-02 14:13:51,652][DEBUG][m:optional_rerun_wrapper][fn:method][ln:40] - Skipping optional rerun call to 'Points3D' because rerun usage is disabled.
[2026-08-02 14:13:51,652][DEBUG][m:optional_rerun_wrapper][fn:method][ln:40] - Skipping optional rerun call to 'AnyValues' because rerun usage is disabled.
[2026-08-02 14:13:51,652][DEBUG][m:optional_rerun_wrapper][fn:method][ln:40] - Skipping optional rerun call to 'log' because rerun usage is disabled.
[2026-08-02 14:13:51,652][DEBUG][m:optional_rerun_wrapper][fn:method][ln:40] - Skipping optional rerun call to 'Boxes3D' because rerun usage is disabled.
[2026-08-02 14:13:51,652][DEBUG][m:optional_rerun_wrapper][fn:method][ln:40] - Skipping optional rerun call to 'AnyValues' because rerun usage is disabled.
[2026-08-02 14:13:51,652][DEBUG][m:optional_rerun_wrapper][fn:method][ln:40] - Skipping optional rerun call to 'log' because rerun usage is disabled.
[2026-08-02 14:13:51,652][DEBUG][m:optional_rerun_wrapper][fn:method][ln:40] - Skipping optional rerun call to 'Boxes3D' because rerun usage is disabled.
[2026-08-02 14:13:51,652][DEBUG][m:optional_rerun_wrapper][fn:method][ln:40] - Skipping optional rerun call to 'AnyValues' because rerun usage is disabled.
[2026-08-02 14:13:51,652][DEBUG][m:optional_rerun_wrapper][fn:method][ln:40] - Skipping optional rerun call to 'log' because rerun usage is disabled.
[2026-08-02 14:13:51,652][DEBUG][m:optional_rerun_wrapper][fn:method][ln:40] - Skipping optional rerun call to 'Boxes3D' because rerun usage is disabled.
[2026-08-02 14:13:51,652][DEBUG][m:optional_rerun_wrapper][fn:method][ln:40] - Skipping optional rerun call to 'AnyValues' because rerun usage is disabled.
[2026-08-02 14:13:51,652][DEBUG][m:optional_rerun_wrapper][fn:method][ln:40] - Skipping optional rerun call to 'log' because rerun usage is disabled.
[2026-08-02 14:13:51,652][DEBUG][m:optional_rerun_wrapper][fn:method][ln:40] - Skipping optional rerun call to 'Points3D' because rerun usage is disabled.
[2026-08-02 14:13:51,652][DEBUG][m:optional_rerun_wrapper][fn:method][ln:40] - Skipping optional rerun call to 'AnyValues' because rerun usage is disabled.
[2026-08-02 14:13:51,652][DEBUG][m:optional_rerun_wrapper][fn:method][ln:40] - Skipping optional rerun call to 'log' because rerun usage is disabled.
[2026-08-02 14:13:51,652][DEBUG][m:optional_rerun_wrapper][fn:method][ln:40] - Skipping optional rerun call to 'Points3D' because rerun usage is disabled.
[2026-08-02 14:13:51,652][DEBUG][m:optional_rerun_wrapper][fn:method][ln:40] - Skipping optional rerun call to 'AnyValues' because rerun usage is disabled.
[2026-08-02 14:13:51,652][DEBUG][m:optional_rerun_wrapper][fn:method][ln:40] - Skipping optional rerun call to 'log' because rerun usage is disabled.
[2026-08-02 14:13:51,652][DEBUG][m:optional_rerun_wrapper][fn:method][ln:40] - Skipping optional rerun call to 'Points3D' because rerun usage is disabled.
[2026-08-02 14:13:51,652][DEBUG][m:optional_rerun_wrapper][fn:method][ln:40] - Skipping optional rerun call to 'AnyValues' because rerun usage is disabled.
[2026-08-02 14:13:51,652][DEBUG][m:optional_rerun_wrapper][fn:method][ln:40] - Skipping optional rerun call to 'log' because rerun usage is disabled.
[2026-08-02 14:13:51,652][DEBUG][m:optional_rerun_wrapper][fn:method][ln:40] - Skipping optional rerun call to 'Boxes3D' because rerun usage is disabled.
[2026-08-02 14:13:51,652][DEBUG][m:optional_rerun_wrapper][fn:method][ln:40] - Skipping optional rerun call to 'AnyValues' because rerun usage is disabled.
[2026-08-02 14:13:51,652][DEBUG][m:optional_rerun_wrapper][fn:method][ln:40] - Skipping optional rerun call to 'log' because rerun usage is disabled.
[2026-08-02 14:13:51,652][DEBUG][m:optional_rerun_wrapper][fn:method][ln:40] - Skipping optional rerun call to 'Boxes3D' because rerun usage is disabled.
[2026-08-02 14:13:51,652][DEBUG][m:optional_rerun_wrapper][fn:method][ln:40] - Skipping optional rerun call to 'AnyValues' because rerun usage is disabled.
[2026-08-02 14:13:51,652][DEBUG][m:optional_rerun_wrapper][fn:method][ln:40] - Skipping optional rerun call to 'log' because rerun usage is disabled.
[2026-08-02 14:13:51,652][DEBUG][m:optional_rerun_wrapper][fn:method][ln:40] - Skipping optional rerun call to 'Boxes3D' because rerun usage is disabled.
[2026-08-02 14:13:51,652][DEBUG][m:optional_rerun_wrapper][fn:method][ln:40] - Skipping optional rerun call to 'AnyValues' because rerun usage is disabled.
[2026-08-02 14:13:51,652][DEBUG][m:optional_rerun_wrapper][fn:method][ln:40] - Skipping optional rerun call to 'log' because rerun usage is disabled.
[2026-08-02 14:13:51,653][DEBUG][m:optional_rerun_wrapper][fn:method][ln:40] - Skipping optional rerun call to 'Points3D' because rerun usage is disabled.
[2026-08-02 14:13:51,653][DEBUG][m:optional_rerun_wrapper][fn:method][ln:40] - Skipping optional rerun call to 'AnyValues' because rerun usage is disabled.
[2026-08-02 14:13:51,653][DEBUG][m:optional_rerun_wrapper][fn:method][ln:40] - Skipping optional rerun call to 'log' because rerun usage is disabled.
[2026-08-02 14:13:51,653][DEBUG][m:optional_rerun_wrapper][fn:method][ln:40] - Skipping optional rerun call to 'Points3D' because rerun usage is disabled.
[2026-08-02 14:13:51,653][DEBUG][m:optional_rerun_wrapper][fn:method][ln:40] - Skipping optional rerun call to 'AnyValues' because rerun usage is disabled.
[2026-08-02 14:13:51,653][DEBUG][m:optional_rerun_wrapper][fn:method][ln:40] - Skipping optional rerun call to 'log' because rerun usage is disabled.
[2026-08-02 14:13:51,653][DEBUG][m:optional_rerun_wrapper][fn:method][ln:40] - Skipping optional rerun call to 'Points3D' because rerun usage is disabled.
[2026-08-02 14:13:51,653][DEBUG][m:optional_rerun_wrapper][fn:method][ln:40] - Skipping optional rerun call to 'AnyValues' because rerun usage is disabled.
[2026-08-02 14:13:51,653][DEBUG][m:optional_rerun_wrapper][fn:method][ln:40] - Skipping optional rerun call to 'log' because rerun usage is disabled.
[2026-08-02 14:13:51,653][DEBUG][m:optional_rerun_wrapper][fn:method][ln:40] - Skipping optional rerun call to 'Boxes3D' because rerun usage is disabled.
[2026-08-02 14:13:51,653][DEBUG][m:optional_rerun_wrapper][fn:method][ln:40] - Skipping optional rerun call to 'AnyValues' because rerun usage is disabled.
[2026-08-02 14:13:51,653][DEBUG][m:optional_rerun_wrapper][fn:method][ln:40] - Skipping optional rerun call to 'log' because rerun usage is disabled.
[2026-08-02 14:13:51,653][DEBUG][m:optional_rerun_wrapper][fn:method][ln:40] - Skipping optional rerun call to 'Boxes3D' because rerun usage is disabled.
[2026-08-02 14:13:51,653][DEBUG][m:optional_rerun_wrapper][fn:method][ln:40] - Skipping optional rerun call to 'AnyValues' because rerun usage is disabled.
[2026-08-02 14:13:51,653][DEBUG][m:optional_rerun_wrapper][fn:method][ln:40] - Skipping optional rerun call to 'log' because rerun usage is disabled.
[2026-08-02 14:13:51,653][DEBUG][m:optional_rerun_wrapper][fn:method][ln:40] - Skipping optional rerun call to 'Boxes3D' because rerun usage is disabled.
[2026-08-02 14:13:51,653][DEBUG][m:optional_rerun_wrapper][fn:method][ln:40] - Skipping optional rerun call to 'AnyValues' because rerun usage is disabled.
[2026-08-02 14:13:51,653][DEBUG][m:optional_rerun_wrapper][fn:method][ln:40] - Skipping optional rerun call to 'log' because rerun usage is disabled.
[2026-08-02 14:13:51,653][DEBUG][m:optional_rerun_wrapper][fn:method][ln:40] - Skipping optional rerun call to 'Points3D' because rerun usage is disabled.
[2026-08-02 14:13:51,653][DEBUG][m:optional_rerun_wrapper][fn:method][ln:40] - Skipping optional rerun call to 'AnyValues' because rerun usage is disabled.
[2026-08-02 14:13:51,653][DEBUG][m:optional_rerun_wrapper][fn:method][ln:40] - Skipping optional rerun call to 'log' because rerun usage is disabled.
[2026-08-02 14:13:51,653][DEBUG][m:optional_rerun_wrapper][fn:method][ln:40] - Skipping optional rerun call to 'Points3D' because rerun usage is disabled.
[2026-08-02 14:13:51,653][DEBUG][m:optional_rerun_wrapper][fn:method][ln:40] - Skipping optional rerun call to 'AnyValues' because rerun usage is disabled.
[2026-08-02 14:13:51,653][DEBUG][m:optional_rerun_wrapper][fn:method][ln:40] - Skipping optional rerun call to 'log' because rerun usage is disabled.
[2026-08-02 14:13:51,653][DEBUG][m:optional_rerun_wrapper][fn:method][ln:40] - Skipping optional rerun call to 'Points3D' because rerun usage is disabled.
[2026-08-02 14:13:51,653][DEBUG][m:optional_rerun_wrapper][fn:method][ln:40] - Skipping optional rerun call to 'AnyValues' because rerun usage is disabled.
[2026-08-02 14:13:51,653][DEBUG][m:optional_rerun_wrapper][fn:method][ln:40] - Skipping optional rerun call to 'log' because rerun usage is disabled.
[2026-08-02 14:13:51,653][DEBUG][m:optional_rerun_wrapper][fn:method][ln:40] - Skipping optional rerun call to 'Boxes3D' because rerun usage is disabled.
[2026-08-02 14:13:51,653][DEBUG][m:optional_rerun_wrapper][fn:method][ln:40] - Skipping optional rerun call to 'AnyValues' because rerun usage is disabled.
[2026-08-02 14:13:51,653][DEBUG][m:optional_rerun_wrapper][fn:method][ln:40] - Skipping optional rerun call to 'log' because rerun usage is disabled.
[2026-08-02 14:13:51,653][DEBUG][m:optional_rerun_wrapper][fn:method][ln:40] - Skipping optional rerun call to 'Boxes3D' because rerun usage is disabled.
[2026-08-02 14:13:51,653][DEBUG][m:optional_rerun_wrapper][fn:method][ln:40] - Skipping optional rerun call to 'AnyValues' because rerun usage is disabled.
[2026-08-02 14:13:51,653][DEBUG][m:optional_rerun_wrapper][fn:method][ln:40] - Skipping optional rerun call to 'log' because rerun usage is disabled.
[2026-08-02 14:13:51,654][DEBUG][m:optional_rerun_wrapper][fn:method][ln:40] - Skipping optional rerun call to 'Boxes3D' because rerun usage is disabled.
[2026-08-02 14:13:51,654][DEBUG][m:optional_rerun_wrapper][fn:method][ln:40] - Skipping optional rerun call to 'AnyValues' because rerun usage is disabled.
[2026-08-02 14:13:51,654][DEBUG][m:optional_rerun_wrapper][fn:method][ln:40] - Skipping optional rerun call to 'log' because rerun usage is disabled.
[2026-08-02 14:13:51,654][DEBUG][m:optional_rerun_wrapper][fn:method][ln:40] - Skipping optional rerun call to 'Points3D' because rerun usage is disabled.
[2026-08-02 14:13:51,654][DEBUG][m:optional_rerun_wrapper][fn:method][ln:40] - Skipping optional rerun call to 'AnyValues' because rerun usage is disabled.
[2026-08-02 14:13:51,654][DEBUG][m:optional_rerun_wrapper][fn:method][ln:40] - Skipping optional rerun call to 'log' because rerun usage is disabled.
[2026-08-02 14:13:51,654][DEBUG][m:optional_rerun_wrapper][fn:method][ln:40] - Skipping optional rerun call to 'Points3D' because rerun usage is disabled.
[2026-08-02 14:13:51,654][DEBUG][m:optional_rerun_wrapper][fn:method][ln:40] - Skipping optional rerun call to 'AnyValues' because rerun usage is disabled.
[2026-08-02 14:13:51,654][DEBUG][m:optional_rerun_wrapper][fn:method][ln:40] - Skipping optional rerun call to 'log' because rerun usage is disabled.
[2026-08-02 14:13:51,654][DEBUG][m:optional_rerun_wrapper][fn:method][ln:40] - Skipping optional rerun call to 'Points3D' because rerun usage is disabled.
[2026-08-02 14:13:51,654][DEBUG][m:optional_rerun_wrapper][fn:method][ln:40] - Skipping optional rerun call to 'AnyValues' because rerun usage is disabled.
[2026-08-02 14:13:51,654][DEBUG][m:optional_rerun_wrapper][fn:method][ln:40] - Skipping optional rerun call to 'log' because rerun usage is disabled.
[2026-08-02 14:13:51,654][DEBUG][m:optional_rerun_wrapper][fn:method][ln:40] - Skipping optional rerun call to 'Boxes3D' because rerun usage is disabled.
[2026-08-02 14:13:51,654][DEBUG][m:optional_rerun_wrapper][fn:method][ln:40] - Skipping optional rerun call to 'AnyValues' because rerun usage is disabled.
[2026-08-02 14:13:51,654][DEBUG][m:optional_rerun_wrapper][fn:method][ln:40] - Skipping optional rerun call to 'log' because rerun usage is disabled.
[2026-08-02 14:13:51,654][DEBUG][m:optional_rerun_wrapper][fn:method][ln:40] - Skipping optional rerun call to 'Boxes3D' because rerun usage is disabled.
[2026-08-02 14:13:51,654][DEBUG][m:optional_rerun_wrapper][fn:method][ln:40] - Skipping optional rerun call to 'AnyValues' because rerun usage is disabled.
[2026-08-02 14:13:51,654][DEBUG][m:optional_rerun_wrapper][fn:method][ln:40] - Skipping optional rerun call to 'log' because rerun usage is disabled.
[2026-08-02 14:13:51,654][DEBUG][m:optional_rerun_wrapper][fn:method][ln:40] - Skipping optional rerun call to 'Boxes3D' because rerun usage is disabled.
[2026-08-02 14:13:51,654][DEBUG][m:optional_rerun_wrapper][fn:method][ln:40] - Skipping optional rerun call to 'AnyValues' because rerun usage is disabled.
[2026-08-02 14:13:51,654][DEBUG][m:optional_rerun_wrapper][fn:method][ln:40] - Skipping optional rerun call to 'log' because rerun usage is disabled.
[2026-08-02 14:13:51,654][DEBUG][m:optional_rerun_wrapper][fn:method][ln:40] - Skipping optional rerun call to 'Clear' because rerun usage is disabled.
[2026-08-02 14:13:51,654][DEBUG][m:optional_rerun_wrapper][fn:method][ln:40] - Skipping optional rerun call to 'log' because rerun usage is disabled.
[2026-08-02 14:13:51,654][DEBUG][m:optional_rerun_wrapper][fn:method][ln:40] - Skipping optional rerun call to 'Clear' because rerun usage is disabled.
[2026-08-02 14:13:51,654][DEBUG][m:optional_rerun_wrapper][fn:method][ln:40] - Skipping optional rerun call to 'log' because rerun usage is disabled.
[2026-08-02 14:13:51,654][DEBUG][m:optional_rerun_wrapper][fn:method][ln:40] - Skipping optional rerun call to 'Clear' because rerun usage is disabled.
[2026-08-02 14:13:51,654][DEBUG][m:optional_rerun_wrapper][fn:method][ln:40] - Skipping optional rerun call to 'log' because rerun usage is disabled.
[2026-08-02 14:13:51,654][DEBUG][m:optional_rerun_wrapper][fn:method][ln:40] - Skipping optional rerun call to 'Clear' because rerun usage is disabled.
[2026-08-02 14:13:51,654][DEBUG][m:optional_rerun_wrapper][fn:method][ln:40] - Skipping optional rerun call to 'log' because rerun usage is disabled.
[2026-08-02 14:13:51,654][DEBUG][m:optional_rerun_wrapper][fn:method][ln:40] - Skipping optional rerun call to 'Clear' because rerun usage is disabled.
[2026-08-02 14:13:51,654][DEBUG][m:optional_rerun_wrapper][fn:method][ln:40] - Skipping optional rerun call to 'log' because rerun usage is disabled.
[2026-08-02 14:13:51,654][DEBUG][m:optional_rerun_wrapper][fn:method][ln:40] - Skipping optional rerun call to 'Clear' because rerun usage is disabled.
[2026-08-02 14:13:51,654][DEBUG][m:optional_rerun_wrapper][fn:method][ln:40] - Skipping optional rerun call to 'log' because rerun usage is disabled.
[2026-08-02 14:13:51,654][DEBUG][m:optional_rerun_wrapper][fn:method][ln:40] - Skipping optional rerun call to 'Clear' because rerun usage is disabled.
[2026-08-02 14:13:51,655][DEBUG][m:optional_rerun_wrapper][fn:method][ln:40] - Skipping optional rerun call to 'log' because rerun usage is disabled.
[2026-08-02 14:13:51,655][DEBUG][m:optional_wandb_wrapper][fn:method][ln:139] - Skipping optional wandb call to 'log' because wandb usage is disabled.
[2026-08-02 14:13:51,655][DEBUG][m:optional_wandb_wrapper][fn:method][ln:139] - Skipping optional wandb call to 'log' because wandb usage is disabled.
 60%|██████    | 3/5 [00:02<00:01,  1.32it/s][2026-08-02 14:13:51,655][DEBUG][m:optional_rerun_wrapper][fn:method][ln:40] - Skipping optional rerun call to 'set_time_sequence' because rerun usage is disabled.
[2026-08-02 14:13:51,672][DEBUG][m:PngImagePlugin][fn:call][ln:204] - STREAM b'IHDR' 16 13
[2026-08-02 14:13:51,672][DEBUG][m:PngImagePlugin][fn:call][ln:204] - STREAM b'IDAT' 41 8192
[2026-08-02 14:13:51,749][DEBUG][m:optional_rerun_wrapper][fn:method][ln:40] - Skipping optional rerun call to 'Pinhole' because rerun usage is disabled.
[2026-08-02 14:13:51,749][DEBUG][m:optional_rerun_wrapper][fn:method][ln:40] - Skipping optional rerun call to 'log' because rerun usage is disabled.
[2026-08-02 14:13:51,749][DEBUG][m:optional_rerun_wrapper][fn:method][ln:40] - Skipping optional rerun call to 'Transform3D' because rerun usage is disabled.
[2026-08-02 14:13:51,750][DEBUG][m:optional_rerun_wrapper][fn:method][ln:40] - Skipping optional rerun call to 'log' because rerun usage is disabled.
[2026-08-02 14:13:51,750][DEBUG][m:optional_rerun_wrapper][fn:method][ln:40] - Skipping optional rerun call to 'LineStrips3D' because rerun usage is disabled.
[2026-08-02 14:13:51,750][DEBUG][m:optional_rerun_wrapper][fn:method][ln:40] - Skipping optional rerun call to 'log' because rerun usage is disabled.
[2026-08-02 14:13:51,750][DEBUG][m:optional_rerun_wrapper][fn:method][ln:40] - Skipping optional rerun call to 'ImageEncoded' because rerun usage is disabled.
[2026-08-02 14:13:51,750][DEBUG][m:optional_rerun_wrapper][fn:method][ln:40] - Skipping optional rerun call to 'log' because rerun usage is disabled.
[2026-08-02 14:13:51,750][DEBUG][m:optional_rerun_wrapper][fn:method][ln:40] - Skipping optional rerun call to 'ImageEncoded' because rerun usage is disabled.
[2026-08-02 14:13:51,750][DEBUG][m:optional_rerun_wrapper][fn:method][ln:40] - Skipping optional rerun call to 'log' because rerun usage is disabled.
[2026-08-02 14:13:51,750][DEBUG][m:optional_rerun_wrapper][fn:method][ln:40] - Skipping optional rerun call to 'DepthImage' because rerun usage is disabled.
[2026-08-02 14:13:51,750][DEBUG][m:optional_rerun_wrapper][fn:method][ln:40] - Skipping optional rerun call to 'log' because rerun usage is disabled.
[2026-08-02 14:13:51,750][WARNING][m:optional_rerun_wrapper][fn:orr_log_vlm_image][ln:132] - VLM image not found at path: /home/chenkejun/beauty/conceptgraphs/data/Replica/room0/exps/smoke_detections_stride20/vis/frame000060annotated_for_vlm.jpg
[2026-08-02 14:13:51,750][WARNING][m:optional_rerun_wrapper][fn:orr_log_vlm_image][ln:132] - VLM image not found at path: /home/chenkejun/beauty/conceptgraphs/data/Replica/room0/exps/smoke_detections_stride20/vis/frame000060annotated_for_vlm_w_edges.jpg
Done! Execution time of detections_to_obj_pcd_and_bbox function: 0.11 seconds
[2026-08-02 14:13:52,320][DEBUG][m:optional_wandb_wrapper][fn:method][ln:139] - Skipping optional wandb call to 'log' because wandb usage is disabled.
Line 624, curr_edges_3d_by_index: []
[2026-08-02 14:13:52,321][DEBUG][m:optional_rerun_wrapper][fn:method][ln:40] - Skipping optional rerun call to 'Points3D' because rerun usage is disabled.
[2026-08-02 14:13:52,321][DEBUG][m:optional_rerun_wrapper][fn:method][ln:40] - Skipping optional rerun call to 'AnyValues' because rerun usage is disabled.
[2026-08-02 14:13:52,321][DEBUG][m:optional_rerun_wrapper][fn:method][ln:40] - Skipping optional rerun call to 'log' because rerun usage is disabled.
[2026-08-02 14:13:52,321][DEBUG][m:optional_rerun_wrapper][fn:method][ln:40] - Skipping optional rerun call to 'Points3D' because rerun usage is disabled.
[2026-08-02 14:13:52,321][DEBUG][m:optional_rerun_wrapper][fn:method][ln:40] - Skipping optional rerun call to 'AnyValues' because rerun usage is disabled.
[2026-08-02 14:13:52,321][DEBUG][m:optional_rerun_wrapper][fn:method][ln:40] - Skipping optional rerun call to 'log' because rerun usage is disabled.
[2026-08-02 14:13:52,321][DEBUG][m:optional_rerun_wrapper][fn:method][ln:40] - Skipping optional rerun call to 'Points3D' because rerun usage is disabled.
[2026-08-02 14:13:52,321][DEBUG][m:optional_rerun_wrapper][fn:method][ln:40] - Skipping optional rerun call to 'AnyValues' because rerun usage is disabled.
[2026-08-02 14:13:52,321][DEBUG][m:optional_rerun_wrapper][fn:method][ln:40] - Skipping optional rerun call to 'log' because rerun usage is disabled.
[2026-08-02 14:13:52,321][DEBUG][m:optional_rerun_wrapper][fn:method][ln:40] - Skipping optional rerun call to 'Boxes3D' because rerun usage is disabled.
[2026-08-02 14:13:52,321][DEBUG][m:optional_rerun_wrapper][fn:method][ln:40] - Skipping optional rerun call to 'AnyValues' because rerun usage is disabled.
[2026-08-02 14:13:52,321][DEBUG][m:optional_rerun_wrapper][fn:method][ln:40] - Skipping optional rerun call to 'log' because rerun usage is disabled.
[2026-08-02 14:13:52,321][DEBUG][m:optional_rerun_wrapper][fn:method][ln:40] - Skipping optional rerun call to 'Boxes3D' because rerun usage is disabled.
[2026-08-02 14:13:52,321][DEBUG][m:optional_rerun_wrapper][fn:method][ln:40] - Skipping optional rerun call to 'AnyValues' because rerun usage is disabled.
[2026-08-02 14:13:52,321][DEBUG][m:optional_rerun_wrapper][fn:method][ln:40] - Skipping optional rerun call to 'log' because rerun usage is disabled.
[2026-08-02 14:13:52,321][DEBUG][m:optional_rerun_wrapper][fn:method][ln:40] - Skipping optional rerun call to 'Boxes3D' because rerun usage is disabled.
[2026-08-02 14:13:52,321][DEBUG][m:optional_rerun_wrapper][fn:method][ln:40] - Skipping optional rerun call to 'AnyValues' because rerun usage is disabled.
[2026-08-02 14:13:52,321][DEBUG][m:optional_rerun_wrapper][fn:method][ln:40] - Skipping optional rerun call to 'log' because rerun usage is disabled.
[2026-08-02 14:13:52,321][DEBUG][m:optional_rerun_wrapper][fn:method][ln:40] - Skipping optional rerun call to 'Points3D' because rerun usage is disabled.
[2026-08-02 14:13:52,321][DEBUG][m:optional_rerun_wrapper][fn:method][ln:40] - Skipping optional rerun call to 'AnyValues' because rerun usage is disabled.
[2026-08-02 14:13:52,321][DEBUG][m:optional_rerun_wrapper][fn:method][ln:40] - Skipping optional rerun call to 'log' because rerun usage is disabled.
[2026-08-02 14:13:52,322][DEBUG][m:optional_rerun_wrapper][fn:method][ln:40] - Skipping optional rerun call to 'Points3D' because rerun usage is disabled.
[2026-08-02 14:13:52,322][DEBUG][m:optional_rerun_wrapper][fn:method][ln:40] - Skipping optional rerun call to 'AnyValues' because rerun usage is disabled.
[2026-08-02 14:13:52,322][DEBUG][m:optional_rerun_wrapper][fn:method][ln:40] - Skipping optional rerun call to 'log' because rerun usage is disabled.
[2026-08-02 14:13:52,322][DEBUG][m:optional_rerun_wrapper][fn:method][ln:40] - Skipping optional rerun call to 'Points3D' because rerun usage is disabled.
[2026-08-02 14:13:52,322][DEBUG][m:optional_rerun_wrapper][fn:method][ln:40] - Skipping optional rerun call to 'AnyValues' because rerun usage is disabled.
[2026-08-02 14:13:52,322][DEBUG][m:optional_rerun_wrapper][fn:method][ln:40] - Skipping optional rerun call to 'log' because rerun usage is disabled.
[2026-08-02 14:13:52,322][DEBUG][m:optional_rerun_wrapper][fn:method][ln:40] - Skipping optional rerun call to 'Boxes3D' because rerun usage is disabled.
[2026-08-02 14:13:52,322][DEBUG][m:optional_rerun_wrapper][fn:method][ln:40] - Skipping optional rerun call to 'AnyValues' because rerun usage is disabled.
[2026-08-02 14:13:52,322][DEBUG][m:optional_rerun_wrapper][fn:method][ln:40] - Skipping optional rerun call to 'log' because rerun usage is disabled.
[2026-08-02 14:13:52,322][DEBUG][m:optional_rerun_wrapper][fn:method][ln:40] - Skipping optional rerun call to 'Boxes3D' because rerun usage is disabled.
[2026-08-02 14:13:52,322][DEBUG][m:optional_rerun_wrapper][fn:method][ln:40] - Skipping optional rerun call to 'AnyValues' because rerun usage is disabled.
[2026-08-02 14:13:52,322][DEBUG][m:optional_rerun_wrapper][fn:method][ln:40] - Skipping optional rerun call to 'log' because rerun usage is disabled.
[2026-08-02 14:13:52,322][DEBUG][m:optional_rerun_wrapper][fn:method][ln:40] - Skipping optional rerun call to 'Boxes3D' because rerun usage is disabled.
[2026-08-02 14:13:52,322][DEBUG][m:optional_rerun_wrapper][fn:method][ln:40] - Skipping optional rerun call to 'AnyValues' because rerun usage is disabled.
[2026-08-02 14:13:52,322][DEBUG][m:optional_rerun_wrapper][fn:method][ln:40] - Skipping optional rerun call to 'log' because rerun usage is disabled.
[2026-08-02 14:13:52,322][DEBUG][m:optional_rerun_wrapper][fn:method][ln:40] - Skipping optional rerun call to 'Points3D' because rerun usage is disabled.
[2026-08-02 14:13:52,322][DEBUG][m:optional_rerun_wrapper][fn:method][ln:40] - Skipping optional rerun call to 'AnyValues' because rerun usage is disabled.
[2026-08-02 14:13:52,322][DEBUG][m:optional_rerun_wrapper][fn:method][ln:40] - Skipping optional rerun call to 'log' because rerun usage is disabled.
[2026-08-02 14:13:52,322][DEBUG][m:optional_rerun_wrapper][fn:method][ln:40] - Skipping optional rerun call to 'Points3D' because rerun usage is disabled.
[2026-08-02 14:13:52,322][DEBUG][m:optional_rerun_wrapper][fn:method][ln:40] - Skipping optional rerun call to 'AnyValues' because rerun usage is disabled.
[2026-08-02 14:13:52,322][DEBUG][m:optional_rerun_wrapper][fn:method][ln:40] - Skipping optional rerun call to 'log' because rerun usage is disabled.
[2026-08-02 14:13:52,322][DEBUG][m:optional_rerun_wrapper][fn:method][ln:40] - Skipping optional rerun call to 'Points3D' because rerun usage is disabled.
[2026-08-02 14:13:52,322][DEBUG][m:optional_rerun_wrapper][fn:method][ln:40] - Skipping optional rerun call to 'AnyValues' because rerun usage is disabled.
[2026-08-02 14:13:52,322][DEBUG][m:optional_rerun_wrapper][fn:method][ln:40] - Skipping optional rerun call to 'log' because rerun usage is disabled.
[2026-08-02 14:13:52,322][DEBUG][m:optional_rerun_wrapper][fn:method][ln:40] - Skipping optional rerun call to 'Boxes3D' because rerun usage is disabled.
[2026-08-02 14:13:52,322][DEBUG][m:optional_rerun_wrapper][fn:method][ln:40] - Skipping optional rerun call to 'AnyValues' because rerun usage is disabled.
[2026-08-02 14:13:52,322][DEBUG][m:optional_rerun_wrapper][fn:method][ln:40] - Skipping optional rerun call to 'log' because rerun usage is disabled.
[2026-08-02 14:13:52,322][DEBUG][m:optional_rerun_wrapper][fn:method][ln:40] - Skipping optional rerun call to 'Boxes3D' because rerun usage is disabled.
[2026-08-02 14:13:52,322][DEBUG][m:optional_rerun_wrapper][fn:method][ln:40] - Skipping optional rerun call to 'AnyValues' because rerun usage is disabled.
[2026-08-02 14:13:52,322][DEBUG][m:optional_rerun_wrapper][fn:method][ln:40] - Skipping optional rerun call to 'log' because rerun usage is disabled.
[2026-08-02 14:13:52,322][DEBUG][m:optional_rerun_wrapper][fn:method][ln:40] - Skipping optional rerun call to 'Boxes3D' because rerun usage is disabled.
[2026-08-02 14:13:52,322][DEBUG][m:optional_rerun_wrapper][fn:method][ln:40] - Skipping optional rerun call to 'AnyValues' because rerun usage is disabled.
[2026-08-02 14:13:52,322][DEBUG][m:optional_rerun_wrapper][fn:method][ln:40] - Skipping optional rerun call to 'log' because rerun usage is disabled.
[2026-08-02 14:13:52,323][DEBUG][m:optional_rerun_wrapper][fn:method][ln:40] - Skipping optional rerun call to 'Points3D' because rerun usage is disabled.
[2026-08-02 14:13:52,323][DEBUG][m:optional_rerun_wrapper][fn:method][ln:40] - Skipping optional rerun call to 'AnyValues' because rerun usage is disabled.
[2026-08-02 14:13:52,323][DEBUG][m:optional_rerun_wrapper][fn:method][ln:40] - Skipping optional rerun call to 'log' because rerun usage is disabled.
[2026-08-02 14:13:52,323][DEBUG][m:optional_rerun_wrapper][fn:method][ln:40] - Skipping optional rerun call to 'Points3D' because rerun usage is disabled.
[2026-08-02 14:13:52,323][DEBUG][m:optional_rerun_wrapper][fn:method][ln:40] - Skipping optional rerun call to 'AnyValues' because rerun usage is disabled.
[2026-08-02 14:13:52,323][DEBUG][m:optional_rerun_wrapper][fn:method][ln:40] - Skipping optional rerun call to 'log' because rerun usage is disabled.
[2026-08-02 14:13:52,323][DEBUG][m:optional_rerun_wrapper][fn:method][ln:40] - Skipping optional rerun call to 'Points3D' because rerun usage is disabled.
[2026-08-02 14:13:52,323][DEBUG][m:optional_rerun_wrapper][fn:method][ln:40] - Skipping optional rerun call to 'AnyValues' because rerun usage is disabled.
[2026-08-02 14:13:52,323][DEBUG][m:optional_rerun_wrapper][fn:method][ln:40] - Skipping optional rerun call to 'log' because rerun usage is disabled.
[2026-08-02 14:13:52,323][DEBUG][m:optional_rerun_wrapper][fn:method][ln:40] - Skipping optional rerun call to 'Boxes3D' because rerun usage is disabled.
[2026-08-02 14:13:52,323][DEBUG][m:optional_rerun_wrapper][fn:method][ln:40] - Skipping optional rerun call to 'AnyValues' because rerun usage is disabled.
[2026-08-02 14:13:52,323][DEBUG][m:optional_rerun_wrapper][fn:method][ln:40] - Skipping optional rerun call to 'log' because rerun usage is disabled.
[2026-08-02 14:13:52,323][DEBUG][m:optional_rerun_wrapper][fn:method][ln:40] - Skipping optional rerun call to 'Boxes3D' because rerun usage is disabled.
[2026-08-02 14:13:52,323][DEBUG][m:optional_rerun_wrapper][fn:method][ln:40] - Skipping optional rerun call to 'AnyValues' because rerun usage is disabled.
[2026-08-02 14:13:52,323][DEBUG][m:optional_rerun_wrapper][fn:method][ln:40] - Skipping optional rerun call to 'log' because rerun usage is disabled.
[2026-08-02 14:13:52,323][DEBUG][m:optional_rerun_wrapper][fn:method][ln:40] - Skipping optional rerun call to 'Boxes3D' because rerun usage is disabled.
[2026-08-02 14:13:52,323][DEBUG][m:optional_rerun_wrapper][fn:method][ln:40] - Skipping optional rerun call to 'AnyValues' because rerun usage is disabled.
[2026-08-02 14:13:52,323][DEBUG][m:optional_rerun_wrapper][fn:method][ln:40] - Skipping optional rerun call to 'log' because rerun usage is disabled.
[2026-08-02 14:13:52,323][DEBUG][m:optional_rerun_wrapper][fn:method][ln:40] - Skipping optional rerun call to 'Points3D' because rerun usage is disabled.
[2026-08-02 14:13:52,323][DEBUG][m:optional_rerun_wrapper][fn:method][ln:40] - Skipping optional rerun call to 'AnyValues' because rerun usage is disabled.
[2026-08-02 14:13:52,323][DEBUG][m:optional_rerun_wrapper][fn:method][ln:40] - Skipping optional rerun call to 'log' because rerun usage is disabled.
[2026-08-02 14:13:52,323][DEBUG][m:optional_rerun_wrapper][fn:method][ln:40] - Skipping optional rerun call to 'Points3D' because rerun usage is disabled.
[2026-08-02 14:13:52,323][DEBUG][m:optional_rerun_wrapper][fn:method][ln:40] - Skipping optional rerun call to 'AnyValues' because rerun usage is disabled.
[2026-08-02 14:13:52,323][DEBUG][m:optional_rerun_wrapper][fn:method][ln:40] - Skipping optional rerun call to 'log' because rerun usage is disabled.
[2026-08-02 14:13:52,323][DEBUG][m:optional_rerun_wrapper][fn:method][ln:40] - Skipping optional rerun call to 'Points3D' because rerun usage is disabled.
[2026-08-02 14:13:52,323][DEBUG][m:optional_rerun_wrapper][fn:method][ln:40] - Skipping optional rerun call to 'AnyValues' because rerun usage is disabled.
[2026-08-02 14:13:52,323][DEBUG][m:optional_rerun_wrapper][fn:method][ln:40] - Skipping optional rerun call to 'log' because rerun usage is disabled.
[2026-08-02 14:13:52,323][DEBUG][m:optional_rerun_wrapper][fn:method][ln:40] - Skipping optional rerun call to 'Boxes3D' because rerun usage is disabled.
[2026-08-02 14:13:52,323][DEBUG][m:optional_rerun_wrapper][fn:method][ln:40] - Skipping optional rerun call to 'AnyValues' because rerun usage is disabled.
[2026-08-02 14:13:52,323][DEBUG][m:optional_rerun_wrapper][fn:method][ln:40] - Skipping optional rerun call to 'log' because rerun usage is disabled.
[2026-08-02 14:13:52,323][DEBUG][m:optional_rerun_wrapper][fn:method][ln:40] - Skipping optional rerun call to 'Boxes3D' because rerun usage is disabled.
[2026-08-02 14:13:52,323][DEBUG][m:optional_rerun_wrapper][fn:method][ln:40] - Skipping optional rerun call to 'AnyValues' because rerun usage is disabled.
[2026-08-02 14:13:52,323][DEBUG][m:optional_rerun_wrapper][fn:method][ln:40] - Skipping optional rerun call to 'log' because rerun usage is disabled.
[2026-08-02 14:13:52,324][DEBUG][m:optional_rerun_wrapper][fn:method][ln:40] - Skipping optional rerun call to 'Boxes3D' because rerun usage is disabled.
[2026-08-02 14:13:52,324][DEBUG][m:optional_rerun_wrapper][fn:method][ln:40] - Skipping optional rerun call to 'AnyValues' because rerun usage is disabled.
[2026-08-02 14:13:52,324][DEBUG][m:optional_rerun_wrapper][fn:method][ln:40] - Skipping optional rerun call to 'log' because rerun usage is disabled.
[2026-08-02 14:13:52,324][DEBUG][m:optional_rerun_wrapper][fn:method][ln:40] - Skipping optional rerun call to 'Points3D' because rerun usage is disabled.
[2026-08-02 14:13:52,324][DEBUG][m:optional_rerun_wrapper][fn:method][ln:40] - Skipping optional rerun call to 'AnyValues' because rerun usage is disabled.
[2026-08-02 14:13:52,324][DEBUG][m:optional_rerun_wrapper][fn:method][ln:40] - Skipping optional rerun call to 'log' because rerun usage is disabled.
[2026-08-02 14:13:52,324][DEBUG][m:optional_rerun_wrapper][fn:method][ln:40] - Skipping optional rerun call to 'Points3D' because rerun usage is disabled.
[2026-08-02 14:13:52,324][DEBUG][m:optional_rerun_wrapper][fn:method][ln:40] - Skipping optional rerun call to 'AnyValues' because rerun usage is disabled.
[2026-08-02 14:13:52,324][DEBUG][m:optional_rerun_wrapper][fn:method][ln:40] - Skipping optional rerun call to 'log' because rerun usage is disabled.
[2026-08-02 14:13:52,324][DEBUG][m:optional_rerun_wrapper][fn:method][ln:40] - Skipping optional rerun call to 'Points3D' because rerun usage is disabled.
[2026-08-02 14:13:52,324][DEBUG][m:optional_rerun_wrapper][fn:method][ln:40] - Skipping optional rerun call to 'AnyValues' because rerun usage is disabled.
[2026-08-02 14:13:52,324][DEBUG][m:optional_rerun_wrapper][fn:method][ln:40] - Skipping optional rerun call to 'log' because rerun usage is disabled.
[2026-08-02 14:13:52,324][DEBUG][m:optional_rerun_wrapper][fn:method][ln:40] - Skipping optional rerun call to 'Boxes3D' because rerun usage is disabled.
[2026-08-02 14:13:52,324][DEBUG][m:optional_rerun_wrapper][fn:method][ln:40] - Skipping optional rerun call to 'AnyValues' because rerun usage is disabled.
[2026-08-02 14:13:52,324][DEBUG][m:optional_rerun_wrapper][fn:method][ln:40] - Skipping optional rerun call to 'log' because rerun usage is disabled.
[2026-08-02 14:13:52,324][DEBUG][m:optional_rerun_wrapper][fn:method][ln:40] - Skipping optional rerun call to 'Boxes3D' because rerun usage is disabled.
[2026-08-02 14:13:52,324][DEBUG][m:optional_rerun_wrapper][fn:method][ln:40] - Skipping optional rerun call to 'AnyValues' because rerun usage is disabled.
[2026-08-02 14:13:52,324][DEBUG][m:optional_rerun_wrapper][fn:method][ln:40] - Skipping optional rerun call to 'log' because rerun usage is disabled.
[2026-08-02 14:13:52,324][DEBUG][m:optional_rerun_wrapper][fn:method][ln:40] - Skipping optional rerun call to 'Boxes3D' because rerun usage is disabled.
[2026-08-02 14:13:52,324][DEBUG][m:optional_rerun_wrapper][fn:method][ln:40] - Skipping optional rerun call to 'AnyValues' because rerun usage is disabled.
[2026-08-02 14:13:52,324][DEBUG][m:optional_rerun_wrapper][fn:method][ln:40] - Skipping optional rerun call to 'log' because rerun usage is disabled.
[2026-08-02 14:13:52,324][DEBUG][m:optional_rerun_wrapper][fn:method][ln:40] - Skipping optional rerun call to 'Points3D' because rerun usage is disabled.
[2026-08-02 14:13:52,324][DEBUG][m:optional_rerun_wrapper][fn:method][ln:40] - Skipping optional rerun call to 'AnyValues' because rerun usage is disabled.
[2026-08-02 14:13:52,324][DEBUG][m:optional_rerun_wrapper][fn:method][ln:40] - Skipping optional rerun call to 'log' because rerun usage is disabled.
[2026-08-02 14:13:52,324][DEBUG][m:optional_rerun_wrapper][fn:method][ln:40] - Skipping optional rerun call to 'Points3D' because rerun usage is disabled.
[2026-08-02 14:13:52,324][DEBUG][m:optional_rerun_wrapper][fn:method][ln:40] - Skipping optional rerun call to 'AnyValues' because rerun usage is disabled.
[2026-08-02 14:13:52,324][DEBUG][m:optional_rerun_wrapper][fn:method][ln:40] - Skipping optional rerun call to 'log' because rerun usage is disabled.
[2026-08-02 14:13:52,324][DEBUG][m:optional_rerun_wrapper][fn:method][ln:40] - Skipping optional rerun call to 'Points3D' because rerun usage is disabled.
[2026-08-02 14:13:52,324][DEBUG][m:optional_rerun_wrapper][fn:method][ln:40] - Skipping optional rerun call to 'AnyValues' because rerun usage is disabled.
[2026-08-02 14:13:52,324][DEBUG][m:optional_rerun_wrapper][fn:method][ln:40] - Skipping optional rerun call to 'log' because rerun usage is disabled.
[2026-08-02 14:13:52,324][DEBUG][m:optional_rerun_wrapper][fn:method][ln:40] - Skipping optional rerun call to 'Boxes3D' because rerun usage is disabled.
[2026-08-02 14:13:52,324][DEBUG][m:optional_rerun_wrapper][fn:method][ln:40] - Skipping optional rerun call to 'AnyValues' because rerun usage is disabled.
[2026-08-02 14:13:52,325][DEBUG][m:optional_rerun_wrapper][fn:method][ln:40] - Skipping optional rerun call to 'log' because rerun usage is disabled.
[2026-08-02 14:13:52,325][DEBUG][m:optional_rerun_wrapper][fn:method][ln:40] - Skipping optional rerun call to 'Boxes3D' because rerun usage is disabled.
[2026-08-02 14:13:52,325][DEBUG][m:optional_rerun_wrapper][fn:method][ln:40] - Skipping optional rerun call to 'AnyValues' because rerun usage is disabled.
[2026-08-02 14:13:52,325][DEBUG][m:optional_rerun_wrapper][fn:method][ln:40] - Skipping optional rerun call to 'log' because rerun usage is disabled.
[2026-08-02 14:13:52,325][DEBUG][m:optional_rerun_wrapper][fn:method][ln:40] - Skipping optional rerun call to 'Boxes3D' because rerun usage is disabled.
[2026-08-02 14:13:52,325][DEBUG][m:optional_rerun_wrapper][fn:method][ln:40] - Skipping optional rerun call to 'AnyValues' because rerun usage is disabled.
[2026-08-02 14:13:52,325][DEBUG][m:optional_rerun_wrapper][fn:method][ln:40] - Skipping optional rerun call to 'log' because rerun usage is disabled.
[2026-08-02 14:13:52,325][DEBUG][m:optional_rerun_wrapper][fn:method][ln:40] - Skipping optional rerun call to 'Points3D' because rerun usage is disabled.
[2026-08-02 14:13:52,325][DEBUG][m:optional_rerun_wrapper][fn:method][ln:40] - Skipping optional rerun call to 'AnyValues' because rerun usage is disabled.
[2026-08-02 14:13:52,325][DEBUG][m:optional_rerun_wrapper][fn:method][ln:40] - Skipping optional rerun call to 'log' because rerun usage is disabled.
[2026-08-02 14:13:52,325][DEBUG][m:optional_rerun_wrapper][fn:method][ln:40] - Skipping optional rerun call to 'Points3D' because rerun usage is disabled.
[2026-08-02 14:13:52,325][DEBUG][m:optional_rerun_wrapper][fn:method][ln:40] - Skipping optional rerun call to 'AnyValues' because rerun usage is disabled.
[2026-08-02 14:13:52,325][DEBUG][m:optional_rerun_wrapper][fn:method][ln:40] - Skipping optional rerun call to 'log' because rerun usage is disabled.
[2026-08-02 14:13:52,325][DEBUG][m:optional_rerun_wrapper][fn:method][ln:40] - Skipping optional rerun call to 'Points3D' because rerun usage is disabled.
[2026-08-02 14:13:52,325][DEBUG][m:optional_rerun_wrapper][fn:method][ln:40] - Skipping optional rerun call to 'AnyValues' because rerun usage is disabled.
[2026-08-02 14:13:52,325][DEBUG][m:optional_rerun_wrapper][fn:method][ln:40] - Skipping optional rerun call to 'log' because rerun usage is disabled.
[2026-08-02 14:13:52,325][DEBUG][m:optional_rerun_wrapper][fn:method][ln:40] - Skipping optional rerun call to 'Boxes3D' because rerun usage is disabled.
[2026-08-02 14:13:52,325][DEBUG][m:optional_rerun_wrapper][fn:method][ln:40] - Skipping optional rerun call to 'AnyValues' because rerun usage is disabled.
[2026-08-02 14:13:52,325][DEBUG][m:optional_rerun_wrapper][fn:method][ln:40] - Skipping optional rerun call to 'log' because rerun usage is disabled.
[2026-08-02 14:13:52,325][DEBUG][m:optional_rerun_wrapper][fn:method][ln:40] - Skipping optional rerun call to 'Boxes3D' because rerun usage is disabled.
[2026-08-02 14:13:52,325][DEBUG][m:optional_rerun_wrapper][fn:method][ln:40] - Skipping optional rerun call to 'AnyValues' because rerun usage is disabled.
[2026-08-02 14:13:52,325][DEBUG][m:optional_rerun_wrapper][fn:method][ln:40] - Skipping optional rerun call to 'log' because rerun usage is disabled.
[2026-08-02 14:13:52,325][DEBUG][m:optional_rerun_wrapper][fn:method][ln:40] - Skipping optional rerun call to 'Boxes3D' because rerun usage is disabled.
[2026-08-02 14:13:52,325][DEBUG][m:optional_rerun_wrapper][fn:method][ln:40] - Skipping optional rerun call to 'AnyValues' because rerun usage is disabled.
[2026-08-02 14:13:52,325][DEBUG][m:optional_rerun_wrapper][fn:method][ln:40] - Skipping optional rerun call to 'log' because rerun usage is disabled.
[2026-08-02 14:13:52,325][DEBUG][m:optional_rerun_wrapper][fn:method][ln:40] - Skipping optional rerun call to 'Points3D' because rerun usage is disabled.
[2026-08-02 14:13:52,325][DEBUG][m:optional_rerun_wrapper][fn:method][ln:40] - Skipping optional rerun call to 'AnyValues' because rerun usage is disabled.
[2026-08-02 14:13:52,325][DEBUG][m:optional_rerun_wrapper][fn:method][ln:40] - Skipping optional rerun call to 'log' because rerun usage is disabled.
[2026-08-02 14:13:52,325][DEBUG][m:optional_rerun_wrapper][fn:method][ln:40] - Skipping optional rerun call to 'Points3D' because rerun usage is disabled.
[2026-08-02 14:13:52,325][DEBUG][m:optional_rerun_wrapper][fn:method][ln:40] - Skipping optional rerun call to 'AnyValues' because rerun usage is disabled.
[2026-08-02 14:13:52,325][DEBUG][m:optional_rerun_wrapper][fn:method][ln:40] - Skipping optional rerun call to 'log' because rerun usage is disabled.
[2026-08-02 14:13:52,325][DEBUG][m:optional_rerun_wrapper][fn:method][ln:40] - Skipping optional rerun call to 'Points3D' because rerun usage is disabled.
[2026-08-02 14:13:52,325][DEBUG][m:optional_rerun_wrapper][fn:method][ln:40] - Skipping optional rerun call to 'AnyValues' because rerun usage is disabled.
[2026-08-02 14:13:52,326][DEBUG][m:optional_rerun_wrapper][fn:method][ln:40] - Skipping optional rerun call to 'log' because rerun usage is disabled.
[2026-08-02 14:13:52,326][DEBUG][m:optional_rerun_wrapper][fn:method][ln:40] - Skipping optional rerun call to 'Boxes3D' because rerun usage is disabled.
[2026-08-02 14:13:52,326][DEBUG][m:optional_rerun_wrapper][fn:method][ln:40] - Skipping optional rerun call to 'AnyValues' because rerun usage is disabled.
[2026-08-02 14:13:52,326][DEBUG][m:optional_rerun_wrapper][fn:method][ln:40] - Skipping optional rerun call to 'log' because rerun usage is disabled.
[2026-08-02 14:13:52,326][DEBUG][m:optional_rerun_wrapper][fn:method][ln:40] - Skipping optional rerun call to 'Boxes3D' because rerun usage is disabled.
[2026-08-02 14:13:52,326][DEBUG][m:optional_rerun_wrapper][fn:method][ln:40] - Skipping optional rerun call to 'AnyValues' because rerun usage is disabled.
[2026-08-02 14:13:52,326][DEBUG][m:optional_rerun_wrapper][fn:method][ln:40] - Skipping optional rerun call to 'log' because rerun usage is disabled.
[2026-08-02 14:13:52,326][DEBUG][m:optional_rerun_wrapper][fn:method][ln:40] - Skipping optional rerun call to 'Boxes3D' because rerun usage is disabled.
[2026-08-02 14:13:52,326][DEBUG][m:optional_rerun_wrapper][fn:method][ln:40] - Skipping optional rerun call to 'AnyValues' because rerun usage is disabled.
[2026-08-02 14:13:52,326][DEBUG][m:optional_rerun_wrapper][fn:method][ln:40] - Skipping optional rerun call to 'log' because rerun usage is disabled.
[2026-08-02 14:13:52,326][DEBUG][m:optional_rerun_wrapper][fn:method][ln:40] - Skipping optional rerun call to 'Points3D' because rerun usage is disabled.
[2026-08-02 14:13:52,326][DEBUG][m:optional_rerun_wrapper][fn:method][ln:40] - Skipping optional rerun call to 'AnyValues' because rerun usage is disabled.
[2026-08-02 14:13:52,326][DEBUG][m:optional_rerun_wrapper][fn:method][ln:40] - Skipping optional rerun call to 'log' because rerun usage is disabled.
[2026-08-02 14:13:52,326][DEBUG][m:optional_rerun_wrapper][fn:method][ln:40] - Skipping optional rerun call to 'Points3D' because rerun usage is disabled.
[2026-08-02 14:13:52,326][DEBUG][m:optional_rerun_wrapper][fn:method][ln:40] - Skipping optional rerun call to 'AnyValues' because rerun usage is disabled.
[2026-08-02 14:13:52,326][DEBUG][m:optional_rerun_wrapper][fn:method][ln:40] - Skipping optional rerun call to 'log' because rerun usage is disabled.
[2026-08-02 14:13:52,326][DEBUG][m:optional_rerun_wrapper][fn:method][ln:40] - Skipping optional rerun call to 'Points3D' because rerun usage is disabled.
[2026-08-02 14:13:52,326][DEBUG][m:optional_rerun_wrapper][fn:method][ln:40] - Skipping optional rerun call to 'AnyValues' because rerun usage is disabled.
[2026-08-02 14:13:52,326][DEBUG][m:optional_rerun_wrapper][fn:method][ln:40] - Skipping optional rerun call to 'log' because rerun usage is disabled.
[2026-08-02 14:13:52,326][DEBUG][m:optional_rerun_wrapper][fn:method][ln:40] - Skipping optional rerun call to 'Boxes3D' because rerun usage is disabled.
[2026-08-02 14:13:52,326][DEBUG][m:optional_rerun_wrapper][fn:method][ln:40] - Skipping optional rerun call to 'AnyValues' because rerun usage is disabled.
[2026-08-02 14:13:52,326][DEBUG][m:optional_rerun_wrapper][fn:method][ln:40] - Skipping optional rerun call to 'log' because rerun usage is disabled.
[2026-08-02 14:13:52,326][DEBUG][m:optional_rerun_wrapper][fn:method][ln:40] - Skipping optional rerun call to 'Boxes3D' because rerun usage is disabled.
[2026-08-02 14:13:52,326][DEBUG][m:optional_rerun_wrapper][fn:method][ln:40] - Skipping optional rerun call to 'AnyValues' because rerun usage is disabled.
[2026-08-02 14:13:52,326][DEBUG][m:optional_rerun_wrapper][fn:method][ln:40] - Skipping optional rerun call to 'log' because rerun usage is disabled.
[2026-08-02 14:13:52,326][DEBUG][m:optional_rerun_wrapper][fn:method][ln:40] - Skipping optional rerun call to 'Boxes3D' because rerun usage is disabled.
[2026-08-02 14:13:52,326][DEBUG][m:optional_rerun_wrapper][fn:method][ln:40] - Skipping optional rerun call to 'AnyValues' because rerun usage is disabled.
[2026-08-02 14:13:52,326][DEBUG][m:optional_rerun_wrapper][fn:method][ln:40] - Skipping optional rerun call to 'log' because rerun usage is disabled.
[2026-08-02 14:13:52,326][DEBUG][m:optional_rerun_wrapper][fn:method][ln:40] - Skipping optional rerun call to 'Points3D' because rerun usage is disabled.
[2026-08-02 14:13:52,326][DEBUG][m:optional_rerun_wrapper][fn:method][ln:40] - Skipping optional rerun call to 'AnyValues' because rerun usage is disabled.
[2026-08-02 14:13:52,326][DEBUG][m:optional_rerun_wrapper][fn:method][ln:40] - Skipping optional rerun call to 'log' because rerun usage is disabled.
[2026-08-02 14:13:52,326][DEBUG][m:optional_rerun_wrapper][fn:method][ln:40] - Skipping optional rerun call to 'Points3D' because rerun usage is disabled.
[2026-08-02 14:13:52,327][DEBUG][m:optional_rerun_wrapper][fn:method][ln:40] - Skipping optional rerun call to 'AnyValues' because rerun usage is disabled.
[2026-08-02 14:13:52,327][DEBUG][m:optional_rerun_wrapper][fn:method][ln:40] - Skipping optional rerun call to 'log' because rerun usage is disabled.
[2026-08-02 14:13:52,327][DEBUG][m:optional_rerun_wrapper][fn:method][ln:40] - Skipping optional rerun call to 'Points3D' because rerun usage is disabled.
[2026-08-02 14:13:52,327][DEBUG][m:optional_rerun_wrapper][fn:method][ln:40] - Skipping optional rerun call to 'AnyValues' because rerun usage is disabled.
[2026-08-02 14:13:52,327][DEBUG][m:optional_rerun_wrapper][fn:method][ln:40] - Skipping optional rerun call to 'log' because rerun usage is disabled.
[2026-08-02 14:13:52,327][DEBUG][m:optional_rerun_wrapper][fn:method][ln:40] - Skipping optional rerun call to 'Boxes3D' because rerun usage is disabled.
[2026-08-02 14:13:52,327][DEBUG][m:optional_rerun_wrapper][fn:method][ln:40] - Skipping optional rerun call to 'AnyValues' because rerun usage is disabled.
[2026-08-02 14:13:52,327][DEBUG][m:optional_rerun_wrapper][fn:method][ln:40] - Skipping optional rerun call to 'log' because rerun usage is disabled.
[2026-08-02 14:13:52,327][DEBUG][m:optional_rerun_wrapper][fn:method][ln:40] - Skipping optional rerun call to 'Boxes3D' because rerun usage is disabled.
[2026-08-02 14:13:52,327][DEBUG][m:optional_rerun_wrapper][fn:method][ln:40] - Skipping optional rerun call to 'AnyValues' because rerun usage is disabled.
[2026-08-02 14:13:52,327][DEBUG][m:optional_rerun_wrapper][fn:method][ln:40] - Skipping optional rerun call to 'log' because rerun usage is disabled.
[2026-08-02 14:13:52,327][DEBUG][m:optional_rerun_wrapper][fn:method][ln:40] - Skipping optional rerun call to 'Boxes3D' because rerun usage is disabled.
[2026-08-02 14:13:52,327][DEBUG][m:optional_rerun_wrapper][fn:method][ln:40] - Skipping optional rerun call to 'AnyValues' because rerun usage is disabled.
[2026-08-02 14:13:52,327][DEBUG][m:optional_rerun_wrapper][fn:method][ln:40] - Skipping optional rerun call to 'log' because rerun usage is disabled.
[2026-08-02 14:13:52,327][DEBUG][m:optional_rerun_wrapper][fn:method][ln:40] - Skipping optional rerun call to 'Points3D' because rerun usage is disabled.
[2026-08-02 14:13:52,327][DEBUG][m:optional_rerun_wrapper][fn:method][ln:40] - Skipping optional rerun call to 'AnyValues' because rerun usage is disabled.
[2026-08-02 14:13:52,327][DEBUG][m:optional_rerun_wrapper][fn:method][ln:40] - Skipping optional rerun call to 'log' because rerun usage is disabled.
[2026-08-02 14:13:52,327][DEBUG][m:optional_rerun_wrapper][fn:method][ln:40] - Skipping optional rerun call to 'Points3D' because rerun usage is disabled.
[2026-08-02 14:13:52,327][DEBUG][m:optional_rerun_wrapper][fn:method][ln:40] - Skipping optional rerun call to 'AnyValues' because rerun usage is disabled.
[2026-08-02 14:13:52,327][DEBUG][m:optional_rerun_wrapper][fn:method][ln:40] - Skipping optional rerun call to 'log' because rerun usage is disabled.
[2026-08-02 14:13:52,327][DEBUG][m:optional_rerun_wrapper][fn:method][ln:40] - Skipping optional rerun call to 'Points3D' because rerun usage is disabled.
[2026-08-02 14:13:52,327][DEBUG][m:optional_rerun_wrapper][fn:method][ln:40] - Skipping optional rerun call to 'AnyValues' because rerun usage is disabled.
[2026-08-02 14:13:52,327][DEBUG][m:optional_rerun_wrapper][fn:method][ln:40] - Skipping optional rerun call to 'log' because rerun usage is disabled.
[2026-08-02 14:13:52,327][DEBUG][m:optional_rerun_wrapper][fn:method][ln:40] - Skipping optional rerun call to 'Boxes3D' because rerun usage is disabled.
[2026-08-02 14:13:52,327][DEBUG][m:optional_rerun_wrapper][fn:method][ln:40] - Skipping optional rerun call to 'AnyValues' because rerun usage is disabled.
[2026-08-02 14:13:52,327][DEBUG][m:optional_rerun_wrapper][fn:method][ln:40] - Skipping optional rerun call to 'log' because rerun usage is disabled.
[2026-08-02 14:13:52,327][DEBUG][m:optional_rerun_wrapper][fn:method][ln:40] - Skipping optional rerun call to 'Boxes3D' because rerun usage is disabled.
[2026-08-02 14:13:52,327][DEBUG][m:optional_rerun_wrapper][fn:method][ln:40] - Skipping optional rerun call to 'AnyValues' because rerun usage is disabled.
[2026-08-02 14:13:52,327][DEBUG][m:optional_rerun_wrapper][fn:method][ln:40] - Skipping optional rerun call to 'log' because rerun usage is disabled.
[2026-08-02 14:13:52,327][DEBUG][m:optional_rerun_wrapper][fn:method][ln:40] - Skipping optional rerun call to 'Boxes3D' because rerun usage is disabled.
[2026-08-02 14:13:52,327][DEBUG][m:optional_rerun_wrapper][fn:method][ln:40] - Skipping optional rerun call to 'AnyValues' because rerun usage is disabled.
[2026-08-02 14:13:52,327][DEBUG][m:optional_rerun_wrapper][fn:method][ln:40] - Skipping optional rerun call to 'log' because rerun usage is disabled.
[2026-08-02 14:13:52,327][DEBUG][m:optional_rerun_wrapper][fn:method][ln:40] - Skipping optional rerun call to 'Points3D' because rerun usage is disabled.
[2026-08-02 14:13:52,328][DEBUG][m:optional_rerun_wrapper][fn:method][ln:40] - Skipping optional rerun call to 'AnyValues' because rerun usage is disabled.
[2026-08-02 14:13:52,328][DEBUG][m:optional_rerun_wrapper][fn:method][ln:40] - Skipping optional rerun call to 'log' because rerun usage is disabled.
[2026-08-02 14:13:52,328][DEBUG][m:optional_rerun_wrapper][fn:method][ln:40] - Skipping optional rerun call to 'Points3D' because rerun usage is disabled.
[2026-08-02 14:13:52,328][DEBUG][m:optional_rerun_wrapper][fn:method][ln:40] - Skipping optional rerun call to 'AnyValues' because rerun usage is disabled.
[2026-08-02 14:13:52,328][DEBUG][m:optional_rerun_wrapper][fn:method][ln:40] - Skipping optional rerun call to 'log' because rerun usage is disabled.
[2026-08-02 14:13:52,328][DEBUG][m:optional_rerun_wrapper][fn:method][ln:40] - Skipping optional rerun call to 'Points3D' because rerun usage is disabled.
[2026-08-02 14:13:52,328][DEBUG][m:optional_rerun_wrapper][fn:method][ln:40] - Skipping optional rerun call to 'AnyValues' because rerun usage is disabled.
[2026-08-02 14:13:52,328][DEBUG][m:optional_rerun_wrapper][fn:method][ln:40] - Skipping optional rerun call to 'log' because rerun usage is disabled.
[2026-08-02 14:13:52,328][DEBUG][m:optional_rerun_wrapper][fn:method][ln:40] - Skipping optional rerun call to 'Boxes3D' because rerun usage is disabled.
[2026-08-02 14:13:52,328][DEBUG][m:optional_rerun_wrapper][fn:method][ln:40] - Skipping optional rerun call to 'AnyValues' because rerun usage is disabled.
[2026-08-02 14:13:52,328][DEBUG][m:optional_rerun_wrapper][fn:method][ln:40] - Skipping optional rerun call to 'log' because rerun usage is disabled.
[2026-08-02 14:13:52,328][DEBUG][m:optional_rerun_wrapper][fn:method][ln:40] - Skipping optional rerun call to 'Boxes3D' because rerun usage is disabled.
[2026-08-02 14:13:52,328][DEBUG][m:optional_rerun_wrapper][fn:method][ln:40] - Skipping optional rerun call to 'AnyValues' because rerun usage is disabled.
[2026-08-02 14:13:52,328][DEBUG][m:optional_rerun_wrapper][fn:method][ln:40] - Skipping optional rerun call to 'log' because rerun usage is disabled.
[2026-08-02 14:13:52,328][DEBUG][m:optional_rerun_wrapper][fn:method][ln:40] - Skipping optional rerun call to 'Boxes3D' because rerun usage is disabled.
[2026-08-02 14:13:52,328][DEBUG][m:optional_rerun_wrapper][fn:method][ln:40] - Skipping optional rerun call to 'AnyValues' because rerun usage is disabled.
[2026-08-02 14:13:52,328][DEBUG][m:optional_rerun_wrapper][fn:method][ln:40] - Skipping optional rerun call to 'log' because rerun usage is disabled.
[2026-08-02 14:13:52,328][DEBUG][m:optional_rerun_wrapper][fn:method][ln:40] - Skipping optional rerun call to 'Points3D' because rerun usage is disabled.
[2026-08-02 14:13:52,328][DEBUG][m:optional_rerun_wrapper][fn:method][ln:40] - Skipping optional rerun call to 'AnyValues' because rerun usage is disabled.
[2026-08-02 14:13:52,328][DEBUG][m:optional_rerun_wrapper][fn:method][ln:40] - Skipping optional rerun call to 'log' because rerun usage is disabled.
[2026-08-02 14:13:52,328][DEBUG][m:optional_rerun_wrapper][fn:method][ln:40] - Skipping optional rerun call to 'Points3D' because rerun usage is disabled.
[2026-08-02 14:13:52,328][DEBUG][m:optional_rerun_wrapper][fn:method][ln:40] - Skipping optional rerun call to 'AnyValues' because rerun usage is disabled.
[2026-08-02 14:13:52,328][DEBUG][m:optional_rerun_wrapper][fn:method][ln:40] - Skipping optional rerun call to 'log' because rerun usage is disabled.
[2026-08-02 14:13:52,328][DEBUG][m:optional_rerun_wrapper][fn:method][ln:40] - Skipping optional rerun call to 'Points3D' because rerun usage is disabled.
[2026-08-02 14:13:52,328][DEBUG][m:optional_rerun_wrapper][fn:method][ln:40] - Skipping optional rerun call to 'AnyValues' because rerun usage is disabled.
[2026-08-02 14:13:52,328][DEBUG][m:optional_rerun_wrapper][fn:method][ln:40] - Skipping optional rerun call to 'log' because rerun usage is disabled.
[2026-08-02 14:13:52,328][DEBUG][m:optional_rerun_wrapper][fn:method][ln:40] - Skipping optional rerun call to 'Boxes3D' because rerun usage is disabled.
[2026-08-02 14:13:52,328][DEBUG][m:optional_rerun_wrapper][fn:method][ln:40] - Skipping optional rerun call to 'AnyValues' because rerun usage is disabled.
[2026-08-02 14:13:52,328][DEBUG][m:optional_rerun_wrapper][fn:method][ln:40] - Skipping optional rerun call to 'log' because rerun usage is disabled.
[2026-08-02 14:13:52,328][DEBUG][m:optional_rerun_wrapper][fn:method][ln:40] - Skipping optional rerun call to 'Boxes3D' because rerun usage is disabled.
[2026-08-02 14:13:52,328][DEBUG][m:optional_rerun_wrapper][fn:method][ln:40] - Skipping optional rerun call to 'AnyValues' because rerun usage is disabled.
[2026-08-02 14:13:52,328][DEBUG][m:optional_rerun_wrapper][fn:method][ln:40] - Skipping optional rerun call to 'log' because rerun usage is disabled.
[2026-08-02 14:13:52,328][DEBUG][m:optional_rerun_wrapper][fn:method][ln:40] - Skipping optional rerun call to 'Boxes3D' because rerun usage is disabled.
[2026-08-02 14:13:52,328][DEBUG][m:optional_rerun_wrapper][fn:method][ln:40] - Skipping optional rerun call to 'AnyValues' because rerun usage is disabled.
[2026-08-02 14:13:52,329][DEBUG][m:optional_rerun_wrapper][fn:method][ln:40] - Skipping optional rerun call to 'log' because rerun usage is disabled.
[2026-08-02 14:13:52,329][DEBUG][m:optional_rerun_wrapper][fn:method][ln:40] - Skipping optional rerun call to 'Points3D' because rerun usage is disabled.
[2026-08-02 14:13:52,329][DEBUG][m:optional_rerun_wrapper][fn:method][ln:40] - Skipping optional rerun call to 'AnyValues' because rerun usage is disabled.
[2026-08-02 14:13:52,329][DEBUG][m:optional_rerun_wrapper][fn:method][ln:40] - Skipping optional rerun call to 'log' because rerun usage is disabled.
[2026-08-02 14:13:52,329][DEBUG][m:optional_rerun_wrapper][fn:method][ln:40] - Skipping optional rerun call to 'Points3D' because rerun usage is disabled.
[2026-08-02 14:13:52,329][DEBUG][m:optional_rerun_wrapper][fn:method][ln:40] - Skipping optional rerun call to 'AnyValues' because rerun usage is disabled.
[2026-08-02 14:13:52,329][DEBUG][m:optional_rerun_wrapper][fn:method][ln:40] - Skipping optional rerun call to 'log' because rerun usage is disabled.
[2026-08-02 14:13:52,329][DEBUG][m:optional_rerun_wrapper][fn:method][ln:40] - Skipping optional rerun call to 'Points3D' because rerun usage is disabled.
[2026-08-02 14:13:52,329][DEBUG][m:optional_rerun_wrapper][fn:method][ln:40] - Skipping optional rerun call to 'AnyValues' because rerun usage is disabled.
[2026-08-02 14:13:52,329][DEBUG][m:optional_rerun_wrapper][fn:method][ln:40] - Skipping optional rerun call to 'log' because rerun usage is disabled.
[2026-08-02 14:13:52,329][DEBUG][m:optional_rerun_wrapper][fn:method][ln:40] - Skipping optional rerun call to 'Boxes3D' because rerun usage is disabled.
[2026-08-02 14:13:52,329][DEBUG][m:optional_rerun_wrapper][fn:method][ln:40] - Skipping optional rerun call to 'AnyValues' because rerun usage is disabled.
[2026-08-02 14:13:52,329][DEBUG][m:optional_rerun_wrapper][fn:method][ln:40] - Skipping optional rerun call to 'log' because rerun usage is disabled.
[2026-08-02 14:13:52,329][DEBUG][m:optional_rerun_wrapper][fn:method][ln:40] - Skipping optional rerun call to 'Boxes3D' because rerun usage is disabled.
[2026-08-02 14:13:52,329][DEBUG][m:optional_rerun_wrapper][fn:method][ln:40] - Skipping optional rerun call to 'AnyValues' because rerun usage is disabled.
[2026-08-02 14:13:52,329][DEBUG][m:optional_rerun_wrapper][fn:method][ln:40] - Skipping optional rerun call to 'log' because rerun usage is disabled.
[2026-08-02 14:13:52,329][DEBUG][m:optional_rerun_wrapper][fn:method][ln:40] - Skipping optional rerun call to 'Boxes3D' because rerun usage is disabled.
[2026-08-02 14:13:52,329][DEBUG][m:optional_rerun_wrapper][fn:method][ln:40] - Skipping optional rerun call to 'AnyValues' because rerun usage is disabled.
[2026-08-02 14:13:52,329][DEBUG][m:optional_rerun_wrapper][fn:method][ln:40] - Skipping optional rerun call to 'log' because rerun usage is disabled.
[2026-08-02 14:13:52,329][DEBUG][m:optional_rerun_wrapper][fn:method][ln:40] - Skipping optional rerun call to 'Points3D' because rerun usage is disabled.
[2026-08-02 14:13:52,329][DEBUG][m:optional_rerun_wrapper][fn:method][ln:40] - Skipping optional rerun call to 'AnyValues' because rerun usage is disabled.
[2026-08-02 14:13:52,329][DEBUG][m:optional_rerun_wrapper][fn:method][ln:40] - Skipping optional rerun call to 'log' because rerun usage is disabled.
[2026-08-02 14:13:52,329][DEBUG][m:optional_rerun_wrapper][fn:method][ln:40] - Skipping optional rerun call to 'Points3D' because rerun usage is disabled.
[2026-08-02 14:13:52,329][DEBUG][m:optional_rerun_wrapper][fn:method][ln:40] - Skipping optional rerun call to 'AnyValues' because rerun usage is disabled.
[2026-08-02 14:13:52,329][DEBUG][m:optional_rerun_wrapper][fn:method][ln:40] - Skipping optional rerun call to 'log' because rerun usage is disabled.
[2026-08-02 14:13:52,329][DEBUG][m:optional_rerun_wrapper][fn:method][ln:40] - Skipping optional rerun call to 'Points3D' because rerun usage is disabled.
[2026-08-02 14:13:52,329][DEBUG][m:optional_rerun_wrapper][fn:method][ln:40] - Skipping optional rerun call to 'AnyValues' because rerun usage is disabled.
[2026-08-02 14:13:52,329][DEBUG][m:optional_rerun_wrapper][fn:method][ln:40] - Skipping optional rerun call to 'log' because rerun usage is disabled.
[2026-08-02 14:13:52,329][DEBUG][m:optional_rerun_wrapper][fn:method][ln:40] - Skipping optional rerun call to 'Boxes3D' because rerun usage is disabled.
[2026-08-02 14:13:52,329][DEBUG][m:optional_rerun_wrapper][fn:method][ln:40] - Skipping optional rerun call to 'AnyValues' because rerun usage is disabled.
[2026-08-02 14:13:52,329][DEBUG][m:optional_rerun_wrapper][fn:method][ln:40] - Skipping optional rerun call to 'log' because rerun usage is disabled.
[2026-08-02 14:13:52,329][DEBUG][m:optional_rerun_wrapper][fn:method][ln:40] - Skipping optional rerun call to 'Boxes3D' because rerun usage is disabled.
[2026-08-02 14:13:52,329][DEBUG][m:optional_rerun_wrapper][fn:method][ln:40] - Skipping optional rerun call to 'AnyValues' because rerun usage is disabled.
[2026-08-02 14:13:52,330][DEBUG][m:optional_rerun_wrapper][fn:method][ln:40] - Skipping optional rerun call to 'log' because rerun usage is disabled.
[2026-08-02 14:13:52,330][DEBUG][m:optional_rerun_wrapper][fn:method][ln:40] - Skipping optional rerun call to 'Boxes3D' because rerun usage is disabled.
[2026-08-02 14:13:52,330][DEBUG][m:optional_rerun_wrapper][fn:method][ln:40] - Skipping optional rerun call to 'AnyValues' because rerun usage is disabled.
[2026-08-02 14:13:52,330][DEBUG][m:optional_rerun_wrapper][fn:method][ln:40] - Skipping optional rerun call to 'log' because rerun usage is disabled.
[2026-08-02 14:13:52,330][DEBUG][m:optional_rerun_wrapper][fn:method][ln:40] - Skipping optional rerun call to 'Points3D' because rerun usage is disabled.
[2026-08-02 14:13:52,330][DEBUG][m:optional_rerun_wrapper][fn:method][ln:40] - Skipping optional rerun call to 'AnyValues' because rerun usage is disabled.
[2026-08-02 14:13:52,330][DEBUG][m:optional_rerun_wrapper][fn:method][ln:40] - Skipping optional rerun call to 'log' because rerun usage is disabled.
[2026-08-02 14:13:52,330][DEBUG][m:optional_rerun_wrapper][fn:method][ln:40] - Skipping optional rerun call to 'Points3D' because rerun usage is disabled.
[2026-08-02 14:13:52,330][DEBUG][m:optional_rerun_wrapper][fn:method][ln:40] - Skipping optional rerun call to 'AnyValues' because rerun usage is disabled.
[2026-08-02 14:13:52,330][DEBUG][m:optional_rerun_wrapper][fn:method][ln:40] - Skipping optional rerun call to 'log' because rerun usage is disabled.
[2026-08-02 14:13:52,330][DEBUG][m:optional_rerun_wrapper][fn:method][ln:40] - Skipping optional rerun call to 'Points3D' because rerun usage is disabled.
[2026-08-02 14:13:52,330][DEBUG][m:optional_rerun_wrapper][fn:method][ln:40] - Skipping optional rerun call to 'AnyValues' because rerun usage is disabled.
[2026-08-02 14:13:52,330][DEBUG][m:optional_rerun_wrapper][fn:method][ln:40] - Skipping optional rerun call to 'log' because rerun usage is disabled.
[2026-08-02 14:13:52,330][DEBUG][m:optional_rerun_wrapper][fn:method][ln:40] - Skipping optional rerun call to 'Boxes3D' because rerun usage is disabled.
[2026-08-02 14:13:52,330][DEBUG][m:optional_rerun_wrapper][fn:method][ln:40] - Skipping optional rerun call to 'AnyValues' because rerun usage is disabled.
[2026-08-02 14:13:52,330][DEBUG][m:optional_rerun_wrapper][fn:method][ln:40] - Skipping optional rerun call to 'log' because rerun usage is disabled.
[2026-08-02 14:13:52,330][DEBUG][m:optional_rerun_wrapper][fn:method][ln:40] - Skipping optional rerun call to 'Boxes3D' because rerun usage is disabled.
[2026-08-02 14:13:52,330][DEBUG][m:optional_rerun_wrapper][fn:method][ln:40] - Skipping optional rerun call to 'AnyValues' because rerun usage is disabled.
[2026-08-02 14:13:52,330][DEBUG][m:optional_rerun_wrapper][fn:method][ln:40] - Skipping optional rerun call to 'log' because rerun usage is disabled.
[2026-08-02 14:13:52,330][DEBUG][m:optional_rerun_wrapper][fn:method][ln:40] - Skipping optional rerun call to 'Boxes3D' because rerun usage is disabled.
[2026-08-02 14:13:52,330][DEBUG][m:optional_rerun_wrapper][fn:method][ln:40] - Skipping optional rerun call to 'AnyValues' because rerun usage is disabled.
[2026-08-02 14:13:52,330][DEBUG][m:optional_rerun_wrapper][fn:method][ln:40] - Skipping optional rerun call to 'log' because rerun usage is disabled.
[2026-08-02 14:13:52,330][DEBUG][m:optional_rerun_wrapper][fn:method][ln:40] - Skipping optional rerun call to 'Points3D' because rerun usage is disabled.
[2026-08-02 14:13:52,330][DEBUG][m:optional_rerun_wrapper][fn:method][ln:40] - Skipping optional rerun call to 'AnyValues' because rerun usage is disabled.
[2026-08-02 14:13:52,330][DEBUG][m:optional_rerun_wrapper][fn:method][ln:40] - Skipping optional rerun call to 'log' because rerun usage is disabled.
[2026-08-02 14:13:52,330][DEBUG][m:optional_rerun_wrapper][fn:method][ln:40] - Skipping optional rerun call to 'Points3D' because rerun usage is disabled.
[2026-08-02 14:13:52,330][DEBUG][m:optional_rerun_wrapper][fn:method][ln:40] - Skipping optional rerun call to 'AnyValues' because rerun usage is disabled.
[2026-08-02 14:13:52,330][DEBUG][m:optional_rerun_wrapper][fn:method][ln:40] - Skipping optional rerun call to 'log' because rerun usage is disabled.
[2026-08-02 14:13:52,330][DEBUG][m:optional_rerun_wrapper][fn:method][ln:40] - Skipping optional rerun call to 'Points3D' because rerun usage is disabled.
[2026-08-02 14:13:52,330][DEBUG][m:optional_rerun_wrapper][fn:method][ln:40] - Skipping optional rerun call to 'AnyValues' because rerun usage is disabled.
[2026-08-02 14:13:52,330][DEBUG][m:optional_rerun_wrapper][fn:method][ln:40] - Skipping optional rerun call to 'log' because rerun usage is disabled.
[2026-08-02 14:13:52,330][DEBUG][m:optional_rerun_wrapper][fn:method][ln:40] - Skipping optional rerun call to 'Boxes3D' because rerun usage is disabled.
[2026-08-02 14:13:52,330][DEBUG][m:optional_rerun_wrapper][fn:method][ln:40] - Skipping optional rerun call to 'AnyValues' because rerun usage is disabled.
[2026-08-02 14:13:52,331][DEBUG][m:optional_rerun_wrapper][fn:method][ln:40] - Skipping optional rerun call to 'log' because rerun usage is disabled.
[2026-08-02 14:13:52,331][DEBUG][m:optional_rerun_wrapper][fn:method][ln:40] - Skipping optional rerun call to 'Boxes3D' because rerun usage is disabled.
[2026-08-02 14:13:52,331][DEBUG][m:optional_rerun_wrapper][fn:method][ln:40] - Skipping optional rerun call to 'AnyValues' because rerun usage is disabled.
[2026-08-02 14:13:52,331][DEBUG][m:optional_rerun_wrapper][fn:method][ln:40] - Skipping optional rerun call to 'log' because rerun usage is disabled.
[2026-08-02 14:13:52,331][DEBUG][m:optional_rerun_wrapper][fn:method][ln:40] - Skipping optional rerun call to 'Boxes3D' because rerun usage is disabled.
[2026-08-02 14:13:52,331][DEBUG][m:optional_rerun_wrapper][fn:method][ln:40] - Skipping optional rerun call to 'AnyValues' because rerun usage is disabled.
[2026-08-02 14:13:52,331][DEBUG][m:optional_rerun_wrapper][fn:method][ln:40] - Skipping optional rerun call to 'log' because rerun usage is disabled.
[2026-08-02 14:13:52,331][DEBUG][m:optional_rerun_wrapper][fn:method][ln:40] - Skipping optional rerun call to 'Points3D' because rerun usage is disabled.
[2026-08-02 14:13:52,331][DEBUG][m:optional_rerun_wrapper][fn:method][ln:40] - Skipping optional rerun call to 'AnyValues' because rerun usage is disabled.
[2026-08-02 14:13:52,331][DEBUG][m:optional_rerun_wrapper][fn:method][ln:40] - Skipping optional rerun call to 'log' because rerun usage is disabled.
[2026-08-02 14:13:52,331][DEBUG][m:optional_rerun_wrapper][fn:method][ln:40] - Skipping optional rerun call to 'Points3D' because rerun usage is disabled.
[2026-08-02 14:13:52,331][DEBUG][m:optional_rerun_wrapper][fn:method][ln:40] - Skipping optional rerun call to 'AnyValues' because rerun usage is disabled.
[2026-08-02 14:13:52,331][DEBUG][m:optional_rerun_wrapper][fn:method][ln:40] - Skipping optional rerun call to 'log' because rerun usage is disabled.
[2026-08-02 14:13:52,331][DEBUG][m:optional_rerun_wrapper][fn:method][ln:40] - Skipping optional rerun call to 'Points3D' because rerun usage is disabled.
[2026-08-02 14:13:52,331][DEBUG][m:optional_rerun_wrapper][fn:method][ln:40] - Skipping optional rerun call to 'AnyValues' because rerun usage is disabled.
[2026-08-02 14:13:52,331][DEBUG][m:optional_rerun_wrapper][fn:method][ln:40] - Skipping optional rerun call to 'log' because rerun usage is disabled.
[2026-08-02 14:13:52,331][DEBUG][m:optional_rerun_wrapper][fn:method][ln:40] - Skipping optional rerun call to 'Boxes3D' because rerun usage is disabled.
[2026-08-02 14:13:52,331][DEBUG][m:optional_rerun_wrapper][fn:method][ln:40] - Skipping optional rerun call to 'AnyValues' because rerun usage is disabled.
[2026-08-02 14:13:52,331][DEBUG][m:optional_rerun_wrapper][fn:method][ln:40] - Skipping optional rerun call to 'log' because rerun usage is disabled.
[2026-08-02 14:13:52,331][DEBUG][m:optional_rerun_wrapper][fn:method][ln:40] - Skipping optional rerun call to 'Boxes3D' because rerun usage is disabled.
[2026-08-02 14:13:52,331][DEBUG][m:optional_rerun_wrapper][fn:method][ln:40] - Skipping optional rerun call to 'AnyValues' because rerun usage is disabled.
[2026-08-02 14:13:52,331][DEBUG][m:optional_rerun_wrapper][fn:method][ln:40] - Skipping optional rerun call to 'log' because rerun usage is disabled.
[2026-08-02 14:13:52,331][DEBUG][m:optional_rerun_wrapper][fn:method][ln:40] - Skipping optional rerun call to 'Boxes3D' because rerun usage is disabled.
[2026-08-02 14:13:52,331][DEBUG][m:optional_rerun_wrapper][fn:method][ln:40] - Skipping optional rerun call to 'AnyValues' because rerun usage is disabled.
[2026-08-02 14:13:52,331][DEBUG][m:optional_rerun_wrapper][fn:method][ln:40] - Skipping optional rerun call to 'log' because rerun usage is disabled.
[2026-08-02 14:13:52,331][DEBUG][m:optional_rerun_wrapper][fn:method][ln:40] - Skipping optional rerun call to 'Points3D' because rerun usage is disabled.
[2026-08-02 14:13:52,331][DEBUG][m:optional_rerun_wrapper][fn:method][ln:40] - Skipping optional rerun call to 'AnyValues' because rerun usage is disabled.
[2026-08-02 14:13:52,331][DEBUG][m:optional_rerun_wrapper][fn:method][ln:40] - Skipping optional rerun call to 'log' because rerun usage is disabled.
[2026-08-02 14:13:52,331][DEBUG][m:optional_rerun_wrapper][fn:method][ln:40] - Skipping optional rerun call to 'Points3D' because rerun usage is disabled.
[2026-08-02 14:13:52,331][DEBUG][m:optional_rerun_wrapper][fn:method][ln:40] - Skipping optional rerun call to 'AnyValues' because rerun usage is disabled.
[2026-08-02 14:13:52,331][DEBUG][m:optional_rerun_wrapper][fn:method][ln:40] - Skipping optional rerun call to 'log' because rerun usage is disabled.
[2026-08-02 14:13:52,331][DEBUG][m:optional_rerun_wrapper][fn:method][ln:40] - Skipping optional rerun call to 'Points3D' because rerun usage is disabled.
[2026-08-02 14:13:52,331][DEBUG][m:optional_rerun_wrapper][fn:method][ln:40] - Skipping optional rerun call to 'AnyValues' because rerun usage is disabled.
[2026-08-02 14:13:52,332][DEBUG][m:optional_rerun_wrapper][fn:method][ln:40] - Skipping optional rerun call to 'log' because rerun usage is disabled.
[2026-08-02 14:13:52,332][DEBUG][m:optional_rerun_wrapper][fn:method][ln:40] - Skipping optional rerun call to 'Boxes3D' because rerun usage is disabled.
[2026-08-02 14:13:52,332][DEBUG][m:optional_rerun_wrapper][fn:method][ln:40] - Skipping optional rerun call to 'AnyValues' because rerun usage is disabled.
[2026-08-02 14:13:52,332][DEBUG][m:optional_rerun_wrapper][fn:method][ln:40] - Skipping optional rerun call to 'log' because rerun usage is disabled.
[2026-08-02 14:13:52,332][DEBUG][m:optional_rerun_wrapper][fn:method][ln:40] - Skipping optional rerun call to 'Boxes3D' because rerun usage is disabled.
[2026-08-02 14:13:52,332][DEBUG][m:optional_rerun_wrapper][fn:method][ln:40] - Skipping optional rerun call to 'AnyValues' because rerun usage is disabled.
[2026-08-02 14:13:52,332][DEBUG][m:optional_rerun_wrapper][fn:method][ln:40] - Skipping optional rerun call to 'log' because rerun usage is disabled.
[2026-08-02 14:13:52,332][DEBUG][m:optional_rerun_wrapper][fn:method][ln:40] - Skipping optional rerun call to 'Boxes3D' because rerun usage is disabled.
[2026-08-02 14:13:52,332][DEBUG][m:optional_rerun_wrapper][fn:method][ln:40] - Skipping optional rerun call to 'AnyValues' because rerun usage is disabled.
[2026-08-02 14:13:52,332][DEBUG][m:optional_rerun_wrapper][fn:method][ln:40] - Skipping optional rerun call to 'log' because rerun usage is disabled.
[2026-08-02 14:13:52,332][DEBUG][m:optional_rerun_wrapper][fn:method][ln:40] - Skipping optional rerun call to 'Points3D' because rerun usage is disabled.
[2026-08-02 14:13:52,332][DEBUG][m:optional_rerun_wrapper][fn:method][ln:40] - Skipping optional rerun call to 'AnyValues' because rerun usage is disabled.
[2026-08-02 14:13:52,332][DEBUG][m:optional_rerun_wrapper][fn:method][ln:40] - Skipping optional rerun call to 'log' because rerun usage is disabled.
[2026-08-02 14:13:52,332][DEBUG][m:optional_rerun_wrapper][fn:method][ln:40] - Skipping optional rerun call to 'Points3D' because rerun usage is disabled.
[2026-08-02 14:13:52,332][DEBUG][m:optional_rerun_wrapper][fn:method][ln:40] - Skipping optional rerun call to 'AnyValues' because rerun usage is disabled.
[2026-08-02 14:13:52,332][DEBUG][m:optional_rerun_wrapper][fn:method][ln:40] - Skipping optional rerun call to 'log' because rerun usage is disabled.
[2026-08-02 14:13:52,332][DEBUG][m:optional_rerun_wrapper][fn:method][ln:40] - Skipping optional rerun call to 'Points3D' because rerun usage is disabled.
[2026-08-02 14:13:52,332][DEBUG][m:optional_rerun_wrapper][fn:method][ln:40] - Skipping optional rerun call to 'AnyValues' because rerun usage is disabled.
[2026-08-02 14:13:52,332][DEBUG][m:optional_rerun_wrapper][fn:method][ln:40] - Skipping optional rerun call to 'log' because rerun usage is disabled.
[2026-08-02 14:13:52,332][DEBUG][m:optional_rerun_wrapper][fn:method][ln:40] - Skipping optional rerun call to 'Boxes3D' because rerun usage is disabled.
[2026-08-02 14:13:52,332][DEBUG][m:optional_rerun_wrapper][fn:method][ln:40] - Skipping optional rerun call to 'AnyValues' because rerun usage is disabled.
[2026-08-02 14:13:52,332][DEBUG][m:optional_rerun_wrapper][fn:method][ln:40] - Skipping optional rerun call to 'log' because rerun usage is disabled.
[2026-08-02 14:13:52,332][DEBUG][m:optional_rerun_wrapper][fn:method][ln:40] - Skipping optional rerun call to 'Boxes3D' because rerun usage is disabled.
[2026-08-02 14:13:52,332][DEBUG][m:optional_rerun_wrapper][fn:method][ln:40] - Skipping optional rerun call to 'AnyValues' because rerun usage is disabled.
[2026-08-02 14:13:52,332][DEBUG][m:optional_rerun_wrapper][fn:method][ln:40] - Skipping optional rerun call to 'log' because rerun usage is disabled.
[2026-08-02 14:13:52,332][DEBUG][m:optional_rerun_wrapper][fn:method][ln:40] - Skipping optional rerun call to 'Boxes3D' because rerun usage is disabled.
[2026-08-02 14:13:52,332][DEBUG][m:optional_rerun_wrapper][fn:method][ln:40] - Skipping optional rerun call to 'AnyValues' because rerun usage is disabled.
[2026-08-02 14:13:52,332][DEBUG][m:optional_rerun_wrapper][fn:method][ln:40] - Skipping optional rerun call to 'log' because rerun usage is disabled.
[2026-08-02 14:13:52,332][DEBUG][m:optional_rerun_wrapper][fn:method][ln:40] - Skipping optional rerun call to 'Points3D' because rerun usage is disabled.
[2026-08-02 14:13:52,332][DEBUG][m:optional_rerun_wrapper][fn:method][ln:40] - Skipping optional rerun call to 'AnyValues' because rerun usage is disabled.
[2026-08-02 14:13:52,332][DEBUG][m:optional_rerun_wrapper][fn:method][ln:40] - Skipping optional rerun call to 'log' because rerun usage is disabled.
[2026-08-02 14:13:52,332][DEBUG][m:optional_rerun_wrapper][fn:method][ln:40] - Skipping optional rerun call to 'Points3D' because rerun usage is disabled.
[2026-08-02 14:13:52,332][DEBUG][m:optional_rerun_wrapper][fn:method][ln:40] - Skipping optional rerun call to 'AnyValues' because rerun usage is disabled.
[2026-08-02 14:13:52,333][DEBUG][m:optional_rerun_wrapper][fn:method][ln:40] - Skipping optional rerun call to 'log' because rerun usage is disabled.
[2026-08-02 14:13:52,333][DEBUG][m:optional_rerun_wrapper][fn:method][ln:40] - Skipping optional rerun call to 'Points3D' because rerun usage is disabled.
[2026-08-02 14:13:52,333][DEBUG][m:optional_rerun_wrapper][fn:method][ln:40] - Skipping optional rerun call to 'AnyValues' because rerun usage is disabled.
[2026-08-02 14:13:52,333][DEBUG][m:optional_rerun_wrapper][fn:method][ln:40] - Skipping optional rerun call to 'log' because rerun usage is disabled.
[2026-08-02 14:13:52,333][DEBUG][m:optional_rerun_wrapper][fn:method][ln:40] - Skipping optional rerun call to 'Boxes3D' because rerun usage is disabled.
[2026-08-02 14:13:52,333][DEBUG][m:optional_rerun_wrapper][fn:method][ln:40] - Skipping optional rerun call to 'AnyValues' because rerun usage is disabled.
[2026-08-02 14:13:52,333][DEBUG][m:optional_rerun_wrapper][fn:method][ln:40] - Skipping optional rerun call to 'log' because rerun usage is disabled.
[2026-08-02 14:13:52,333][DEBUG][m:optional_rerun_wrapper][fn:method][ln:40] - Skipping optional rerun call to 'Boxes3D' because rerun usage is disabled.
[2026-08-02 14:13:52,333][DEBUG][m:optional_rerun_wrapper][fn:method][ln:40] - Skipping optional rerun call to 'AnyValues' because rerun usage is disabled.
[2026-08-02 14:13:52,333][DEBUG][m:optional_rerun_wrapper][fn:method][ln:40] - Skipping optional rerun call to 'log' because rerun usage is disabled.
[2026-08-02 14:13:52,333][DEBUG][m:optional_rerun_wrapper][fn:method][ln:40] - Skipping optional rerun call to 'Boxes3D' because rerun usage is disabled.
[2026-08-02 14:13:52,333][DEBUG][m:optional_rerun_wrapper][fn:method][ln:40] - Skipping optional rerun call to 'AnyValues' because rerun usage is disabled.
[2026-08-02 14:13:52,333][DEBUG][m:optional_rerun_wrapper][fn:method][ln:40] - Skipping optional rerun call to 'log' because rerun usage is disabled.
[2026-08-02 14:13:52,333][DEBUG][m:optional_rerun_wrapper][fn:method][ln:40] - Skipping optional rerun call to 'Points3D' because rerun usage is disabled.
[2026-08-02 14:13:52,333][DEBUG][m:optional_rerun_wrapper][fn:method][ln:40] - Skipping optional rerun call to 'AnyValues' because rerun usage is disabled.
[2026-08-02 14:13:52,333][DEBUG][m:optional_rerun_wrapper][fn:method][ln:40] - Skipping optional rerun call to 'log' because rerun usage is disabled.
[2026-08-02 14:13:52,333][DEBUG][m:optional_rerun_wrapper][fn:method][ln:40] - Skipping optional rerun call to 'Points3D' because rerun usage is disabled.
[2026-08-02 14:13:52,333][DEBUG][m:optional_rerun_wrapper][fn:method][ln:40] - Skipping optional rerun call to 'AnyValues' because rerun usage is disabled.
[2026-08-02 14:13:52,333][DEBUG][m:optional_rerun_wrapper][fn:method][ln:40] - Skipping optional rerun call to 'log' because rerun usage is disabled.
[2026-08-02 14:13:52,333][DEBUG][m:optional_rerun_wrapper][fn:method][ln:40] - Skipping optional rerun call to 'Points3D' because rerun usage is disabled.
[2026-08-02 14:13:52,333][DEBUG][m:optional_rerun_wrapper][fn:method][ln:40] - Skipping optional rerun call to 'AnyValues' because rerun usage is disabled.
[2026-08-02 14:13:52,333][DEBUG][m:optional_rerun_wrapper][fn:method][ln:40] - Skipping optional rerun call to 'log' because rerun usage is disabled.
[2026-08-02 14:13:52,333][DEBUG][m:optional_rerun_wrapper][fn:method][ln:40] - Skipping optional rerun call to 'Boxes3D' because rerun usage is disabled.
[2026-08-02 14:13:52,333][DEBUG][m:optional_rerun_wrapper][fn:method][ln:40] - Skipping optional rerun call to 'AnyValues' because rerun usage is disabled.
[2026-08-02 14:13:52,333][DEBUG][m:optional_rerun_wrapper][fn:method][ln:40] - Skipping optional rerun call to 'log' because rerun usage is disabled.
[2026-08-02 14:13:52,333][DEBUG][m:optional_rerun_wrapper][fn:method][ln:40] - Skipping optional rerun call to 'Boxes3D' because rerun usage is disabled.
[2026-08-02 14:13:52,333][DEBUG][m:optional_rerun_wrapper][fn:method][ln:40] - Skipping optional rerun call to 'AnyValues' because rerun usage is disabled.
[2026-08-02 14:13:52,333][DEBUG][m:optional_rerun_wrapper][fn:method][ln:40] - Skipping optional rerun call to 'log' because rerun usage is disabled.
[2026-08-02 14:13:52,333][DEBUG][m:optional_rerun_wrapper][fn:method][ln:40] - Skipping optional rerun call to 'Boxes3D' because rerun usage is disabled.
[2026-08-02 14:13:52,333][DEBUG][m:optional_rerun_wrapper][fn:method][ln:40] - Skipping optional rerun call to 'AnyValues' because rerun usage is disabled.
[2026-08-02 14:13:52,333][DEBUG][m:optional_rerun_wrapper][fn:method][ln:40] - Skipping optional rerun call to 'log' because rerun usage is disabled.
[2026-08-02 14:13:52,333][DEBUG][m:optional_rerun_wrapper][fn:method][ln:40] - Skipping optional rerun call to 'Points3D' because rerun usage is disabled.
[2026-08-02 14:13:52,333][DEBUG][m:optional_rerun_wrapper][fn:method][ln:40] - Skipping optional rerun call to 'AnyValues' because rerun usage is disabled.
[2026-08-02 14:13:52,334][DEBUG][m:optional_rerun_wrapper][fn:method][ln:40] - Skipping optional rerun call to 'log' because rerun usage is disabled.
[2026-08-02 14:13:52,334][DEBUG][m:optional_rerun_wrapper][fn:method][ln:40] - Skipping optional rerun call to 'Points3D' because rerun usage is disabled.
[2026-08-02 14:13:52,334][DEBUG][m:optional_rerun_wrapper][fn:method][ln:40] - Skipping optional rerun call to 'AnyValues' because rerun usage is disabled.
[2026-08-02 14:13:52,334][DEBUG][m:optional_rerun_wrapper][fn:method][ln:40] - Skipping optional rerun call to 'log' because rerun usage is disabled.
[2026-08-02 14:13:52,334][DEBUG][m:optional_rerun_wrapper][fn:method][ln:40] - Skipping optional rerun call to 'Points3D' because rerun usage is disabled.
[2026-08-02 14:13:52,334][DEBUG][m:optional_rerun_wrapper][fn:method][ln:40] - Skipping optional rerun call to 'AnyValues' because rerun usage is disabled.
[2026-08-02 14:13:52,334][DEBUG][m:optional_rerun_wrapper][fn:method][ln:40] - Skipping optional rerun call to 'log' because rerun usage is disabled.
[2026-08-02 14:13:52,334][DEBUG][m:optional_rerun_wrapper][fn:method][ln:40] - Skipping optional rerun call to 'Boxes3D' because rerun usage is disabled.
[2026-08-02 14:13:52,334][DEBUG][m:optional_rerun_wrapper][fn:method][ln:40] - Skipping optional rerun call to 'AnyValues' because rerun usage is disabled.
[2026-08-02 14:13:52,334][DEBUG][m:optional_rerun_wrapper][fn:method][ln:40] - Skipping optional rerun call to 'log' because rerun usage is disabled.
[2026-08-02 14:13:52,334][DEBUG][m:optional_rerun_wrapper][fn:method][ln:40] - Skipping optional rerun call to 'Boxes3D' because rerun usage is disabled.
[2026-08-02 14:13:52,334][DEBUG][m:optional_rerun_wrapper][fn:method][ln:40] - Skipping optional rerun call to 'AnyValues' because rerun usage is disabled.
[2026-08-02 14:13:52,334][DEBUG][m:optional_rerun_wrapper][fn:method][ln:40] - Skipping optional rerun call to 'log' because rerun usage is disabled.
[2026-08-02 14:13:52,334][DEBUG][m:optional_rerun_wrapper][fn:method][ln:40] - Skipping optional rerun call to 'Boxes3D' because rerun usage is disabled.
[2026-08-02 14:13:52,334][DEBUG][m:optional_rerun_wrapper][fn:method][ln:40] - Skipping optional rerun call to 'AnyValues' because rerun usage is disabled.
[2026-08-02 14:13:52,334][DEBUG][m:optional_rerun_wrapper][fn:method][ln:40] - Skipping optional rerun call to 'log' because rerun usage is disabled.
[2026-08-02 14:13:52,334][DEBUG][m:optional_rerun_wrapper][fn:method][ln:40] - Skipping optional rerun call to 'Points3D' because rerun usage is disabled.
[2026-08-02 14:13:52,334][DEBUG][m:optional_rerun_wrapper][fn:method][ln:40] - Skipping optional rerun call to 'AnyValues' because rerun usage is disabled.
[2026-08-02 14:13:52,334][DEBUG][m:optional_rerun_wrapper][fn:method][ln:40] - Skipping optional rerun call to 'log' because rerun usage is disabled.
[2026-08-02 14:13:52,334][DEBUG][m:optional_rerun_wrapper][fn:method][ln:40] - Skipping optional rerun call to 'Points3D' because rerun usage is disabled.
[2026-08-02 14:13:52,334][DEBUG][m:optional_rerun_wrapper][fn:method][ln:40] - Skipping optional rerun call to 'AnyValues' because rerun usage is disabled.
[2026-08-02 14:13:52,334][DEBUG][m:optional_rerun_wrapper][fn:method][ln:40] - Skipping optional rerun call to 'log' because rerun usage is disabled.
[2026-08-02 14:13:52,334][DEBUG][m:optional_rerun_wrapper][fn:method][ln:40] - Skipping optional rerun call to 'Points3D' because rerun usage is disabled.
[2026-08-02 14:13:52,334][DEBUG][m:optional_rerun_wrapper][fn:method][ln:40] - Skipping optional rerun call to 'AnyValues' because rerun usage is disabled.
[2026-08-02 14:13:52,334][DEBUG][m:optional_rerun_wrapper][fn:method][ln:40] - Skipping optional rerun call to 'log' because rerun usage is disabled.
[2026-08-02 14:13:52,334][DEBUG][m:optional_rerun_wrapper][fn:method][ln:40] - Skipping optional rerun call to 'Boxes3D' because rerun usage is disabled.
[2026-08-02 14:13:52,334][DEBUG][m:optional_rerun_wrapper][fn:method][ln:40] - Skipping optional rerun call to 'AnyValues' because rerun usage is disabled.
[2026-08-02 14:13:52,334][DEBUG][m:optional_rerun_wrapper][fn:method][ln:40] - Skipping optional rerun call to 'log' because rerun usage is disabled.
[2026-08-02 14:13:52,334][DEBUG][m:optional_rerun_wrapper][fn:method][ln:40] - Skipping optional rerun call to 'Boxes3D' because rerun usage is disabled.
[2026-08-02 14:13:52,334][DEBUG][m:optional_rerun_wrapper][fn:method][ln:40] - Skipping optional rerun call to 'AnyValues' because rerun usage is disabled.
[2026-08-02 14:13:52,334][DEBUG][m:optional_rerun_wrapper][fn:method][ln:40] - Skipping optional rerun call to 'log' because rerun usage is disabled.
[2026-08-02 14:13:52,334][DEBUG][m:optional_rerun_wrapper][fn:method][ln:40] - Skipping optional rerun call to 'Boxes3D' because rerun usage is disabled.
[2026-08-02 14:13:52,334][DEBUG][m:optional_rerun_wrapper][fn:method][ln:40] - Skipping optional rerun call to 'AnyValues' because rerun usage is disabled.
[2026-08-02 14:13:52,334][DEBUG][m:optional_rerun_wrapper][fn:method][ln:40] - Skipping optional rerun call to 'log' because rerun usage is disabled.
[2026-08-02 14:13:52,335][DEBUG][m:optional_rerun_wrapper][fn:method][ln:40] - Skipping optional rerun call to 'Points3D' because rerun usage is disabled.
[2026-08-02 14:13:52,335][DEBUG][m:optional_rerun_wrapper][fn:method][ln:40] - Skipping optional rerun call to 'AnyValues' because rerun usage is disabled.
[2026-08-02 14:13:52,335][DEBUG][m:optional_rerun_wrapper][fn:method][ln:40] - Skipping optional rerun call to 'log' because rerun usage is disabled.
[2026-08-02 14:13:52,335][DEBUG][m:optional_rerun_wrapper][fn:method][ln:40] - Skipping optional rerun call to 'Points3D' because rerun usage is disabled.
[2026-08-02 14:13:52,335][DEBUG][m:optional_rerun_wrapper][fn:method][ln:40] - Skipping optional rerun call to 'AnyValues' because rerun usage is disabled.
[2026-08-02 14:13:52,335][DEBUG][m:optional_rerun_wrapper][fn:method][ln:40] - Skipping optional rerun call to 'log' because rerun usage is disabled.
[2026-08-02 14:13:52,335][DEBUG][m:optional_rerun_wrapper][fn:method][ln:40] - Skipping optional rerun call to 'Points3D' because rerun usage is disabled.
[2026-08-02 14:13:52,335][DEBUG][m:optional_rerun_wrapper][fn:method][ln:40] - Skipping optional rerun call to 'AnyValues' because rerun usage is disabled.
[2026-08-02 14:13:52,335][DEBUG][m:optional_rerun_wrapper][fn:method][ln:40] - Skipping optional rerun call to 'log' because rerun usage is disabled.
[2026-08-02 14:13:52,335][DEBUG][m:optional_rerun_wrapper][fn:method][ln:40] - Skipping optional rerun call to 'Boxes3D' because rerun usage is disabled.
[2026-08-02 14:13:52,335][DEBUG][m:optional_rerun_wrapper][fn:method][ln:40] - Skipping optional rerun call to 'AnyValues' because rerun usage is disabled.
[2026-08-02 14:13:52,335][DEBUG][m:optional_rerun_wrapper][fn:method][ln:40] - Skipping optional rerun call to 'log' because rerun usage is disabled.
[2026-08-02 14:13:52,335][DEBUG][m:optional_rerun_wrapper][fn:method][ln:40] - Skipping optional rerun call to 'Boxes3D' because rerun usage is disabled.
[2026-08-02 14:13:52,335][DEBUG][m:optional_rerun_wrapper][fn:method][ln:40] - Skipping optional rerun call to 'AnyValues' because rerun usage is disabled.
[2026-08-02 14:13:52,335][DEBUG][m:optional_rerun_wrapper][fn:method][ln:40] - Skipping optional rerun call to 'log' because rerun usage is disabled.
[2026-08-02 14:13:52,335][DEBUG][m:optional_rerun_wrapper][fn:method][ln:40] - Skipping optional rerun call to 'Boxes3D' because rerun usage is disabled.
[2026-08-02 14:13:52,335][DEBUG][m:optional_rerun_wrapper][fn:method][ln:40] - Skipping optional rerun call to 'AnyValues' because rerun usage is disabled.
[2026-08-02 14:13:52,335][DEBUG][m:optional_rerun_wrapper][fn:method][ln:40] - Skipping optional rerun call to 'log' because rerun usage is disabled.
[2026-08-02 14:13:52,335][DEBUG][m:optional_rerun_wrapper][fn:method][ln:40] - Skipping optional rerun call to 'Points3D' because rerun usage is disabled.
[2026-08-02 14:13:52,335][DEBUG][m:optional_rerun_wrapper][fn:method][ln:40] - Skipping optional rerun call to 'AnyValues' because rerun usage is disabled.
[2026-08-02 14:13:52,335][DEBUG][m:optional_rerun_wrapper][fn:method][ln:40] - Skipping optional rerun call to 'log' because rerun usage is disabled.
[2026-08-02 14:13:52,335][DEBUG][m:optional_rerun_wrapper][fn:method][ln:40] - Skipping optional rerun call to 'Points3D' because rerun usage is disabled.
[2026-08-02 14:13:52,335][DEBUG][m:optional_rerun_wrapper][fn:method][ln:40] - Skipping optional rerun call to 'AnyValues' because rerun usage is disabled.
[2026-08-02 14:13:52,335][DEBUG][m:optional_rerun_wrapper][fn:method][ln:40] - Skipping optional rerun call to 'log' because rerun usage is disabled.
[2026-08-02 14:13:52,335][DEBUG][m:optional_rerun_wrapper][fn:method][ln:40] - Skipping optional rerun call to 'Points3D' because rerun usage is disabled.
[2026-08-02 14:13:52,335][DEBUG][m:optional_rerun_wrapper][fn:method][ln:40] - Skipping optional rerun call to 'AnyValues' because rerun usage is disabled.
[2026-08-02 14:13:52,335][DEBUG][m:optional_rerun_wrapper][fn:method][ln:40] - Skipping optional rerun call to 'log' because rerun usage is disabled.
[2026-08-02 14:13:52,335][DEBUG][m:optional_rerun_wrapper][fn:method][ln:40] - Skipping optional rerun call to 'Boxes3D' because rerun usage is disabled.
[2026-08-02 14:13:52,335][DEBUG][m:optional_rerun_wrapper][fn:method][ln:40] - Skipping optional rerun call to 'AnyValues' because rerun usage is disabled.
[2026-08-02 14:13:52,335][DEBUG][m:optional_rerun_wrapper][fn:method][ln:40] - Skipping optional rerun call to 'log' because rerun usage is disabled.
[2026-08-02 14:13:52,335][DEBUG][m:optional_rerun_wrapper][fn:method][ln:40] - Skipping optional rerun call to 'Boxes3D' because rerun usage is disabled.
[2026-08-02 14:13:52,335][DEBUG][m:optional_rerun_wrapper][fn:method][ln:40] - Skipping optional rerun call to 'AnyValues' because rerun usage is disabled.
[2026-08-02 14:13:52,335][DEBUG][m:optional_rerun_wrapper][fn:method][ln:40] - Skipping optional rerun call to 'log' because rerun usage is disabled.
[2026-08-02 14:13:52,336][DEBUG][m:optional_rerun_wrapper][fn:method][ln:40] - Skipping optional rerun call to 'Boxes3D' because rerun usage is disabled.
[2026-08-02 14:13:52,336][DEBUG][m:optional_rerun_wrapper][fn:method][ln:40] - Skipping optional rerun call to 'AnyValues' because rerun usage is disabled.
[2026-08-02 14:13:52,336][DEBUG][m:optional_rerun_wrapper][fn:method][ln:40] - Skipping optional rerun call to 'log' because rerun usage is disabled.
[2026-08-02 14:13:52,336][DEBUG][m:optional_rerun_wrapper][fn:method][ln:40] - Skipping optional rerun call to 'Points3D' because rerun usage is disabled.
[2026-08-02 14:13:52,336][DEBUG][m:optional_rerun_wrapper][fn:method][ln:40] - Skipping optional rerun call to 'AnyValues' because rerun usage is disabled.
[2026-08-02 14:13:52,336][DEBUG][m:optional_rerun_wrapper][fn:method][ln:40] - Skipping optional rerun call to 'log' because rerun usage is disabled.
[2026-08-02 14:13:52,336][DEBUG][m:optional_rerun_wrapper][fn:method][ln:40] - Skipping optional rerun call to 'Points3D' because rerun usage is disabled.
[2026-08-02 14:13:52,336][DEBUG][m:optional_rerun_wrapper][fn:method][ln:40] - Skipping optional rerun call to 'AnyValues' because rerun usage is disabled.
[2026-08-02 14:13:52,336][DEBUG][m:optional_rerun_wrapper][fn:method][ln:40] - Skipping optional rerun call to 'log' because rerun usage is disabled.
[2026-08-02 14:13:52,336][DEBUG][m:optional_rerun_wrapper][fn:method][ln:40] - Skipping optional rerun call to 'Points3D' because rerun usage is disabled.
[2026-08-02 14:13:52,336][DEBUG][m:optional_rerun_wrapper][fn:method][ln:40] - Skipping optional rerun call to 'AnyValues' because rerun usage is disabled.
[2026-08-02 14:13:52,336][DEBUG][m:optional_rerun_wrapper][fn:method][ln:40] - Skipping optional rerun call to 'log' because rerun usage is disabled.
[2026-08-02 14:13:52,336][DEBUG][m:optional_rerun_wrapper][fn:method][ln:40] - Skipping optional rerun call to 'Boxes3D' because rerun usage is disabled.
[2026-08-02 14:13:52,336][DEBUG][m:optional_rerun_wrapper][fn:method][ln:40] - Skipping optional rerun call to 'AnyValues' because rerun usage is disabled.
[2026-08-02 14:13:52,336][DEBUG][m:optional_rerun_wrapper][fn:method][ln:40] - Skipping optional rerun call to 'log' because rerun usage is disabled.
[2026-08-02 14:13:52,336][DEBUG][m:optional_rerun_wrapper][fn:method][ln:40] - Skipping optional rerun call to 'Boxes3D' because rerun usage is disabled.
[2026-08-02 14:13:52,336][DEBUG][m:optional_rerun_wrapper][fn:method][ln:40] - Skipping optional rerun call to 'AnyValues' because rerun usage is disabled.
[2026-08-02 14:13:52,336][DEBUG][m:optional_rerun_wrapper][fn:method][ln:40] - Skipping optional rerun call to 'log' because rerun usage is disabled.
[2026-08-02 14:13:52,336][DEBUG][m:optional_rerun_wrapper][fn:method][ln:40] - Skipping optional rerun call to 'Boxes3D' because rerun usage is disabled.
[2026-08-02 14:13:52,336][DEBUG][m:optional_rerun_wrapper][fn:method][ln:40] - Skipping optional rerun call to 'AnyValues' because rerun usage is disabled.
[2026-08-02 14:13:52,336][DEBUG][m:optional_rerun_wrapper][fn:method][ln:40] - Skipping optional rerun call to 'log' because rerun usage is disabled.
[2026-08-02 14:13:52,336][DEBUG][m:optional_rerun_wrapper][fn:method][ln:40] - Skipping optional rerun call to 'Clear' because rerun usage is disabled.
[2026-08-02 14:13:52,336][DEBUG][m:optional_rerun_wrapper][fn:method][ln:40] - Skipping optional rerun call to 'log' because rerun usage is disabled.
[2026-08-02 14:13:52,336][DEBUG][m:optional_rerun_wrapper][fn:method][ln:40] - Skipping optional rerun call to 'Clear' because rerun usage is disabled.
[2026-08-02 14:13:52,336][DEBUG][m:optional_rerun_wrapper][fn:method][ln:40] - Skipping optional rerun call to 'log' because rerun usage is disabled.
[2026-08-02 14:13:52,336][DEBUG][m:optional_rerun_wrapper][fn:method][ln:40] - Skipping optional rerun call to 'Clear' because rerun usage is disabled.
[2026-08-02 14:13:52,336][DEBUG][m:optional_rerun_wrapper][fn:method][ln:40] - Skipping optional rerun call to 'log' because rerun usage is disabled.
[2026-08-02 14:13:52,336][DEBUG][m:optional_rerun_wrapper][fn:method][ln:40] - Skipping optional rerun call to 'Clear' because rerun usage is disabled.
[2026-08-02 14:13:52,336][DEBUG][m:optional_rerun_wrapper][fn:method][ln:40] - Skipping optional rerun call to 'log' because rerun usage is disabled.
[2026-08-02 14:13:52,336][DEBUG][m:optional_rerun_wrapper][fn:method][ln:40] - Skipping optional rerun call to 'Clear' because rerun usage is disabled.
[2026-08-02 14:13:52,336][DEBUG][m:optional_rerun_wrapper][fn:method][ln:40] - Skipping optional rerun call to 'log' because rerun usage is disabled.
[2026-08-02 14:13:52,336][DEBUG][m:optional_rerun_wrapper][fn:method][ln:40] - Skipping optional rerun call to 'Clear' because rerun usage is disabled.
[2026-08-02 14:13:52,336][DEBUG][m:optional_rerun_wrapper][fn:method][ln:40] - Skipping optional rerun call to 'log' because rerun usage is disabled.
[2026-08-02 14:13:52,336][DEBUG][m:optional_rerun_wrapper][fn:method][ln:40] - Skipping optional rerun call to 'Clear' because rerun usage is disabled.
[2026-08-02 14:13:52,337][DEBUG][m:optional_rerun_wrapper][fn:method][ln:40] - Skipping optional rerun call to 'log' because rerun usage is disabled.
[2026-08-02 14:13:52,337][DEBUG][m:optional_wandb_wrapper][fn:method][ln:139] - Skipping optional wandb call to 'log' because wandb usage is disabled.
[2026-08-02 14:13:52,337][DEBUG][m:optional_wandb_wrapper][fn:method][ln:139] - Skipping optional wandb call to 'log' because wandb usage is disabled.
 80%|████████  | 4/5 [00:03<00:00,  1.37it/s][2026-08-02 14:13:52,337][DEBUG][m:optional_rerun_wrapper][fn:method][ln:40] - Skipping optional rerun call to 'set_time_sequence' because rerun usage is disabled.
[2026-08-02 14:13:52,358][DEBUG][m:PngImagePlugin][fn:call][ln:204] - STREAM b'IHDR' 16 13
[2026-08-02 14:13:52,358][DEBUG][m:PngImagePlugin][fn:call][ln:204] - STREAM b'IDAT' 41 8192
[2026-08-02 14:13:52,423][DEBUG][m:optional_rerun_wrapper][fn:method][ln:40] - Skipping optional rerun call to 'Pinhole' because rerun usage is disabled.
[2026-08-02 14:13:52,423][DEBUG][m:optional_rerun_wrapper][fn:method][ln:40] - Skipping optional rerun call to 'log' because rerun usage is disabled.
[2026-08-02 14:13:52,423][DEBUG][m:optional_rerun_wrapper][fn:method][ln:40] - Skipping optional rerun call to 'Transform3D' because rerun usage is disabled.
[2026-08-02 14:13:52,423][DEBUG][m:optional_rerun_wrapper][fn:method][ln:40] - Skipping optional rerun call to 'log' because rerun usage is disabled.
[2026-08-02 14:13:52,423][DEBUG][m:optional_rerun_wrapper][fn:method][ln:40] - Skipping optional rerun call to 'LineStrips3D' because rerun usage is disabled.
[2026-08-02 14:13:52,423][DEBUG][m:optional_rerun_wrapper][fn:method][ln:40] - Skipping optional rerun call to 'log' because rerun usage is disabled.
[2026-08-02 14:13:52,424][DEBUG][m:optional_rerun_wrapper][fn:method][ln:40] - Skipping optional rerun call to 'ImageEncoded' because rerun usage is disabled.
[2026-08-02 14:13:52,424][DEBUG][m:optional_rerun_wrapper][fn:method][ln:40] - Skipping optional rerun call to 'log' because rerun usage is disabled.
[2026-08-02 14:13:52,424][DEBUG][m:optional_rerun_wrapper][fn:method][ln:40] - Skipping optional rerun call to 'ImageEncoded' because rerun usage is disabled.
[2026-08-02 14:13:52,424][DEBUG][m:optional_rerun_wrapper][fn:method][ln:40] - Skipping optional rerun call to 'log' because rerun usage is disabled.
[2026-08-02 14:13:52,424][DEBUG][m:optional_rerun_wrapper][fn:method][ln:40] - Skipping optional rerun call to 'DepthImage' because rerun usage is disabled.
[2026-08-02 14:13:52,424][DEBUG][m:optional_rerun_wrapper][fn:method][ln:40] - Skipping optional rerun call to 'log' because rerun usage is disabled.
[2026-08-02 14:13:52,424][WARNING][m:optional_rerun_wrapper][fn:orr_log_vlm_image][ln:132] - VLM image not found at path: /home/chenkejun/beauty/conceptgraphs/data/Replica/room0/exps/smoke_detections_stride20/vis/frame000080annotated_for_vlm.jpg
[2026-08-02 14:13:52,424][WARNING][m:optional_rerun_wrapper][fn:orr_log_vlm_image][ln:132] - VLM image not found at path: /home/chenkejun/beauty/conceptgraphs/data/Replica/room0/exps/smoke_detections_stride20/vis/frame000080annotated_for_vlm_w_edges.jpg
Done! Execution time of detections_to_obj_pcd_and_bbox function: 0.08 seconds
[2026-08-02 14:13:52,826][DEBUG][m:optional_wandb_wrapper][fn:method][ln:139] - Skipping optional wandb call to 'log' because wandb usage is disabled.
Line 624, curr_edges_3d_by_index: []
Final frame detected. Performing final post-processing...
[2026-08-02 14:13:52,827][DEBUG][m:utils][fn:denoise_objects][ln:663] - Starting denoising with 29 objects
[2026-08-02 14:13:52,845][DEBUG][m:utils][fn:denoise_objects][ln:685] - Finished denoising object 0 out of 29
[2026-08-02 14:13:52,845][DEBUG][m:utils][fn:denoise_objects][ln:690] - before denoising: 1974, after denoising: 1963
[2026-08-02 14:13:52,891][DEBUG][m:utils][fn:denoise_objects][ln:685] - Finished denoising object 1 out of 29
[2026-08-02 14:13:52,891][DEBUG][m:utils][fn:denoise_objects][ln:690] - before denoising: 4759, after denoising: 4759
[2026-08-02 14:13:52,904][DEBUG][m:utils][fn:denoise_objects][ln:685] - Finished denoising object 2 out of 29
[2026-08-02 14:13:52,904][DEBUG][m:utils][fn:denoise_objects][ln:690] - before denoising: 1122, after denoising: 1122
[2026-08-02 14:13:52,909][DEBUG][m:utils][fn:denoise_objects][ln:685] - Finished denoising object 3 out of 29
[2026-08-02 14:13:52,910][DEBUG][m:utils][fn:denoise_objects][ln:690] - before denoising: 652, after denoising: 607
[2026-08-02 14:13:52,931][DEBUG][m:utils][fn:denoise_objects][ln:685] - Finished denoising object 4 out of 29
[2026-08-02 14:13:52,931][DEBUG][m:utils][fn:denoise_objects][ln:690] - before denoising: 2455, after denoising: 2455
[2026-08-02 14:13:52,960][DEBUG][m:utils][fn:denoise_objects][ln:685] - Finished denoising object 5 out of 29
[2026-08-02 14:13:52,960][DEBUG][m:utils][fn:denoise_objects][ln:690] - before denoising: 2925, after denoising: 2882
[2026-08-02 14:13:52,982][DEBUG][m:utils][fn:denoise_objects][ln:685] - Finished denoising object 6 out of 29
[2026-08-02 14:13:52,982][DEBUG][m:utils][fn:denoise_objects][ln:690] - before denoising: 2336, after denoising: 2310
[2026-08-02 14:13:52,989][DEBUG][m:utils][fn:denoise_objects][ln:685] - Finished denoising object 7 out of 29
[2026-08-02 14:13:52,989][DEBUG][m:utils][fn:denoise_objects][ln:690] - before denoising: 579, after denoising: 579
[2026-08-02 14:13:53,122][DEBUG][m:utils][fn:denoise_objects][ln:685] - Finished denoising object 8 out of 29
[2026-08-02 14:13:53,122][DEBUG][m:utils][fn:denoise_objects][ln:690] - before denoising: 15913, after denoising: 15913
[2026-08-02 14:13:53,206][DEBUG][m:utils][fn:denoise_objects][ln:685] - Finished denoising object 9 out of 29
[2026-08-02 14:13:53,206][DEBUG][m:utils][fn:denoise_objects][ln:690] - before denoising: 8762, after denoising: 8762
[2026-08-02 14:13:53,213][DEBUG][m:utils][fn:denoise_objects][ln:685] - Finished denoising object 10 out of 29
[2026-08-02 14:13:53,213][DEBUG][m:utils][fn:denoise_objects][ln:690] - before denoising: 571, after denoising: 569
[2026-08-02 14:13:53,216][DEBUG][m:utils][fn:denoise_objects][ln:685] - Finished denoising object 11 out of 29
[2026-08-02 14:13:53,216][DEBUG][m:utils][fn:denoise_objects][ln:690] - before denoising: 274, after denoising: 274
[2026-08-02 14:13:53,230][DEBUG][m:utils][fn:denoise_objects][ln:685] - Finished denoising object 12 out of 29
[2026-08-02 14:13:53,230][DEBUG][m:utils][fn:denoise_objects][ln:690] - before denoising: 1456, after denoising: 1453
[2026-08-02 14:13:53,242][DEBUG][m:utils][fn:denoise_objects][ln:685] - Finished denoising object 13 out of 29
[2026-08-02 14:13:53,242][DEBUG][m:utils][fn:denoise_objects][ln:690] - before denoising: 1583, after denoising: 1356
[2026-08-02 14:13:53,246][DEBUG][m:utils][fn:denoise_objects][ln:685] - Finished denoising object 14 out of 29
[2026-08-02 14:13:53,246][DEBUG][m:utils][fn:denoise_objects][ln:690] - before denoising: 417, after denoising: 417
[2026-08-02 14:13:53,253][DEBUG][m:utils][fn:denoise_objects][ln:685] - Finished denoising object 15 out of 29
[2026-08-02 14:13:53,253][DEBUG][m:utils][fn:denoise_objects][ln:690] - before denoising: 694, after denoising: 689
[2026-08-02 14:13:53,259][DEBUG][m:utils][fn:denoise_objects][ln:685] - Finished denoising object 16 out of 29
[2026-08-02 14:13:53,259][DEBUG][m:utils][fn:denoise_objects][ln:690] - before denoising: 687, after denoising: 687
[2026-08-02 14:13:53,314][DEBUG][m:utils][fn:denoise_objects][ln:685] - Finished denoising object 17 out of 29
[2026-08-02 14:13:53,314][DEBUG][m:utils][fn:denoise_objects][ln:690] - before denoising: 7658, after denoising: 7658
[2026-08-02 14:13:53,437][DEBUG][m:utils][fn:denoise_objects][ln:685] - Finished denoising object 18 out of 29
[2026-08-02 14:13:53,437][DEBUG][m:utils][fn:denoise_objects][ln:690] - before denoising: 14249, after denoising: 14249
[2026-08-02 14:13:53,452][DEBUG][m:utils][fn:denoise_objects][ln:685] - Finished denoising object 19 out of 29
[2026-08-02 14:13:53,452][DEBUG][m:utils][fn:denoise_objects][ln:690] - before denoising: 1557, after denoising: 1557
[2026-08-02 14:13:53,480][DEBUG][m:utils][fn:denoise_objects][ln:685] - Finished denoising object 20 out of 29
[2026-08-02 14:13:53,480][DEBUG][m:utils][fn:denoise_objects][ln:690] - before denoising: 3371, after denoising: 3228
[2026-08-02 14:13:53,520][DEBUG][m:utils][fn:denoise_objects][ln:685] - Finished denoising object 21 out of 29
[2026-08-02 14:13:53,521][DEBUG][m:utils][fn:denoise_objects][ln:690] - before denoising: 4290, after denoising: 4290
[2026-08-02 14:13:53,542][DEBUG][m:utils][fn:denoise_objects][ln:685] - Finished denoising object 22 out of 29
[2026-08-02 14:13:53,542][DEBUG][m:utils][fn:denoise_objects][ln:690] - before denoising: 2397, after denoising: 2370
[2026-08-02 14:13:53,543][DEBUG][m:utils][fn:denoise_objects][ln:685] - Finished denoising object 23 out of 29
[2026-08-02 14:13:53,543][DEBUG][m:utils][fn:denoise_objects][ln:690] - before denoising: 106, after denoising: 91
[2026-08-02 14:13:53,579][DEBUG][m:utils][fn:denoise_objects][ln:685] - Finished denoising object 24 out of 29
[2026-08-02 14:13:53,579][DEBUG][m:utils][fn:denoise_objects][ln:690] - before denoising: 5214, after denoising: 5214
[2026-08-02 14:13:53,580][DEBUG][m:utils][fn:denoise_objects][ln:685] - Finished denoising object 25 out of 29
[2026-08-02 14:13:53,580][DEBUG][m:utils][fn:denoise_objects][ln:690] - before denoising: 52, after denoising: 51
[2026-08-02 14:13:53,581][DEBUG][m:utils][fn:denoise_objects][ln:685] - Finished denoising object 26 out of 29
[2026-08-02 14:13:53,581][DEBUG][m:utils][fn:denoise_objects][ln:690] - before denoising: 99, after denoising: 82
[2026-08-02 14:13:53,593][DEBUG][m:utils][fn:denoise_objects][ln:685] - Finished denoising object 27 out of 29
[2026-08-02 14:13:53,593][DEBUG][m:utils][fn:denoise_objects][ln:690] - before denoising: 1073, after denoising: 1064
[2026-08-02 14:13:53,615][DEBUG][m:utils][fn:denoise_objects][ln:685] - Finished denoising object 28 out of 29
[2026-08-02 14:13:53,615][DEBUG][m:utils][fn:denoise_objects][ln:690] - before denoising: 4332, after denoising: 4291
[2026-08-02 14:13:53,615][DEBUG][m:utils][fn:denoise_objects][ln:691] - Finished denoising with 29 objects
Done! Execution time of denoise_objects function: 0.79 seconds
Before filtering: 29
After filtering: 29
Before merging: 29
Done! Execution time of merge_objects function: 0.51 seconds
[2026-08-02 14:13:54,130][DEBUG][m:optional_rerun_wrapper][fn:method][ln:40] - Skipping optional rerun call to 'Points3D' because rerun usage is disabled.
[2026-08-02 14:13:54,130][DEBUG][m:optional_rerun_wrapper][fn:method][ln:40] - Skipping optional rerun call to 'AnyValues' because rerun usage is disabled.
[2026-08-02 14:13:54,130][DEBUG][m:optional_rerun_wrapper][fn:method][ln:40] - Skipping optional rerun call to 'log' because rerun usage is disabled.
[2026-08-02 14:13:54,130][DEBUG][m:optional_rerun_wrapper][fn:method][ln:40] - Skipping optional rerun call to 'Points3D' because rerun usage is disabled.
[2026-08-02 14:13:54,130][DEBUG][m:optional_rerun_wrapper][fn:method][ln:40] - Skipping optional rerun call to 'AnyValues' because rerun usage is disabled.
[2026-08-02 14:13:54,130][DEBUG][m:optional_rerun_wrapper][fn:method][ln:40] - Skipping optional rerun call to 'log' because rerun usage is disabled.
[2026-08-02 14:13:54,130][DEBUG][m:optional_rerun_wrapper][fn:method][ln:40] - Skipping optional rerun call to 'Points3D' because rerun usage is disabled.
[2026-08-02 14:13:54,130][DEBUG][m:optional_rerun_wrapper][fn:method][ln:40] - Skipping optional rerun call to 'AnyValues' because rerun usage is disabled.
[2026-08-02 14:13:54,130][DEBUG][m:optional_rerun_wrapper][fn:method][ln:40] - Skipping optional rerun call to 'log' because rerun usage is disabled.
[2026-08-02 14:13:54,130][DEBUG][m:optional_rerun_wrapper][fn:method][ln:40] - Skipping optional rerun call to 'Boxes3D' because rerun usage is disabled.
[2026-08-02 14:13:54,131][DEBUG][m:optional_rerun_wrapper][fn:method][ln:40] - Skipping optional rerun call to 'AnyValues' because rerun usage is disabled.
[2026-08-02 14:13:54,131][DEBUG][m:optional_rerun_wrapper][fn:method][ln:40] - Skipping optional rerun call to 'log' because rerun usage is disabled.
[2026-08-02 14:13:54,131][DEBUG][m:optional_rerun_wrapper][fn:method][ln:40] - Skipping optional rerun call to 'Boxes3D' because rerun usage is disabled.
[2026-08-02 14:13:54,131][DEBUG][m:optional_rerun_wrapper][fn:method][ln:40] - Skipping optional rerun call to 'AnyValues' because rerun usage is disabled.
[2026-08-02 14:13:54,131][DEBUG][m:optional_rerun_wrapper][fn:method][ln:40] - Skipping optional rerun call to 'log' because rerun usage is disabled.
[2026-08-02 14:13:54,131][DEBUG][m:optional_rerun_wrapper][fn:method][ln:40] - Skipping optional rerun call to 'Boxes3D' because rerun usage is disabled.
[2026-08-02 14:13:54,131][DEBUG][m:optional_rerun_wrapper][fn:method][ln:40] - Skipping optional rerun call to 'AnyValues' because rerun usage is disabled.
[2026-08-02 14:13:54,131][DEBUG][m:optional_rerun_wrapper][fn:method][ln:40] - Skipping optional rerun call to 'log' because rerun usage is disabled.
[2026-08-02 14:13:54,131][DEBUG][m:optional_rerun_wrapper][fn:method][ln:40] - Skipping optional rerun call to 'Points3D' because rerun usage is disabled.
[2026-08-02 14:13:54,131][DEBUG][m:optional_rerun_wrapper][fn:method][ln:40] - Skipping optional rerun call to 'AnyValues' because rerun usage is disabled.
[2026-08-02 14:13:54,131][DEBUG][m:optional_rerun_wrapper][fn:method][ln:40] - Skipping optional rerun call to 'log' because rerun usage is disabled.
[2026-08-02 14:13:54,131][DEBUG][m:optional_rerun_wrapper][fn:method][ln:40] - Skipping optional rerun call to 'Points3D' because rerun usage is disabled.
[2026-08-02 14:13:54,131][DEBUG][m:optional_rerun_wrapper][fn:method][ln:40] - Skipping optional rerun call to 'AnyValues' because rerun usage is disabled.
[2026-08-02 14:13:54,131][DEBUG][m:optional_rerun_wrapper][fn:method][ln:40] - Skipping optional rerun call to 'log' because rerun usage is disabled.
[2026-08-02 14:13:54,131][DEBUG][m:optional_rerun_wrapper][fn:method][ln:40] - Skipping optional rerun call to 'Points3D' because rerun usage is disabled.
[2026-08-02 14:13:54,131][DEBUG][m:optional_rerun_wrapper][fn:method][ln:40] - Skipping optional rerun call to 'AnyValues' because rerun usage is disabled.
[2026-08-02 14:13:54,131][DEBUG][m:optional_rerun_wrapper][fn:method][ln:40] - Skipping optional rerun call to 'log' because rerun usage is disabled.
[2026-08-02 14:13:54,131][DEBUG][m:optional_rerun_wrapper][fn:method][ln:40] - Skipping optional rerun call to 'Boxes3D' because rerun usage is disabled.
[2026-08-02 14:13:54,131][DEBUG][m:optional_rerun_wrapper][fn:method][ln:40] - Skipping optional rerun call to 'AnyValues' because rerun usage is disabled.
[2026-08-02 14:13:54,131][DEBUG][m:optional_rerun_wrapper][fn:method][ln:40] - Skipping optional rerun call to 'log' because rerun usage is disabled.
[2026-08-02 14:13:54,131][DEBUG][m:optional_rerun_wrapper][fn:method][ln:40] - Skipping optional rerun call to 'Boxes3D' because rerun usage is disabled.
[2026-08-02 14:13:54,131][DEBUG][m:optional_rerun_wrapper][fn:method][ln:40] - Skipping optional rerun call to 'AnyValues' because rerun usage is disabled.
[2026-08-02 14:13:54,131][DEBUG][m:optional_rerun_wrapper][fn:method][ln:40] - Skipping optional rerun call to 'log' because rerun usage is disabled.
[2026-08-02 14:13:54,131][DEBUG][m:optional_rerun_wrapper][fn:method][ln:40] - Skipping optional rerun call to 'Boxes3D' because rerun usage is disabled.
[2026-08-02 14:13:54,131][DEBUG][m:optional_rerun_wrapper][fn:method][ln:40] - Skipping optional rerun call to 'AnyValues' because rerun usage is disabled.
[2026-08-02 14:13:54,131][DEBUG][m:optional_rerun_wrapper][fn:method][ln:40] - Skipping optional rerun call to 'log' because rerun usage is disabled.
[2026-08-02 14:13:54,131][DEBUG][m:optional_rerun_wrapper][fn:method][ln:40] - Skipping optional rerun call to 'Points3D' because rerun usage is disabled.
[2026-08-02 14:13:54,131][DEBUG][m:optional_rerun_wrapper][fn:method][ln:40] - Skipping optional rerun call to 'AnyValues' because rerun usage is disabled.
[2026-08-02 14:13:54,131][DEBUG][m:optional_rerun_wrapper][fn:method][ln:40] - Skipping optional rerun call to 'log' because rerun usage is disabled.
[2026-08-02 14:13:54,131][DEBUG][m:optional_rerun_wrapper][fn:method][ln:40] - Skipping optional rerun call to 'Points3D' because rerun usage is disabled.
[2026-08-02 14:13:54,131][DEBUG][m:optional_rerun_wrapper][fn:method][ln:40] - Skipping optional rerun call to 'AnyValues' because rerun usage is disabled.
[2026-08-02 14:13:54,132][DEBUG][m:optional_rerun_wrapper][fn:method][ln:40] - Skipping optional rerun call to 'log' because rerun usage is disabled.
[2026-08-02 14:13:54,132][DEBUG][m:optional_rerun_wrapper][fn:method][ln:40] - Skipping optional rerun call to 'Points3D' because rerun usage is disabled.
[2026-08-02 14:13:54,132][DEBUG][m:optional_rerun_wrapper][fn:method][ln:40] - Skipping optional rerun call to 'AnyValues' because rerun usage is disabled.
[2026-08-02 14:13:54,132][DEBUG][m:optional_rerun_wrapper][fn:method][ln:40] - Skipping optional rerun call to 'log' because rerun usage is disabled.
[2026-08-02 14:13:54,132][DEBUG][m:optional_rerun_wrapper][fn:method][ln:40] - Skipping optional rerun call to 'Boxes3D' because rerun usage is disabled.
[2026-08-02 14:13:54,132][DEBUG][m:optional_rerun_wrapper][fn:method][ln:40] - Skipping optional rerun call to 'AnyValues' because rerun usage is disabled.
[2026-08-02 14:13:54,132][DEBUG][m:optional_rerun_wrapper][fn:method][ln:40] - Skipping optional rerun call to 'log' because rerun usage is disabled.
[2026-08-02 14:13:54,132][DEBUG][m:optional_rerun_wrapper][fn:method][ln:40] - Skipping optional rerun call to 'Boxes3D' because rerun usage is disabled.
[2026-08-02 14:13:54,132][DEBUG][m:optional_rerun_wrapper][fn:method][ln:40] - Skipping optional rerun call to 'AnyValues' because rerun usage is disabled.
[2026-08-02 14:13:54,132][DEBUG][m:optional_rerun_wrapper][fn:method][ln:40] - Skipping optional rerun call to 'log' because rerun usage is disabled.
[2026-08-02 14:13:54,132][DEBUG][m:optional_rerun_wrapper][fn:method][ln:40] - Skipping optional rerun call to 'Boxes3D' because rerun usage is disabled.
[2026-08-02 14:13:54,132][DEBUG][m:optional_rerun_wrapper][fn:method][ln:40] - Skipping optional rerun call to 'AnyValues' because rerun usage is disabled.
[2026-08-02 14:13:54,132][DEBUG][m:optional_rerun_wrapper][fn:method][ln:40] - Skipping optional rerun call to 'log' because rerun usage is disabled.
[2026-08-02 14:13:54,132][DEBUG][m:optional_rerun_wrapper][fn:method][ln:40] - Skipping optional rerun call to 'Points3D' because rerun usage is disabled.
[2026-08-02 14:13:54,132][DEBUG][m:optional_rerun_wrapper][fn:method][ln:40] - Skipping optional rerun call to 'AnyValues' because rerun usage is disabled.
[2026-08-02 14:13:54,132][DEBUG][m:optional_rerun_wrapper][fn:method][ln:40] - Skipping optional rerun call to 'log' because rerun usage is disabled.
[2026-08-02 14:13:54,132][DEBUG][m:optional_rerun_wrapper][fn:method][ln:40] - Skipping optional rerun call to 'Points3D' because rerun usage is disabled.
[2026-08-02 14:13:54,132][DEBUG][m:optional_rerun_wrapper][fn:method][ln:40] - Skipping optional rerun call to 'AnyValues' because rerun usage is disabled.
[2026-08-02 14:13:54,132][DEBUG][m:optional_rerun_wrapper][fn:method][ln:40] - Skipping optional rerun call to 'log' because rerun usage is disabled.
[2026-08-02 14:13:54,132][DEBUG][m:optional_rerun_wrapper][fn:method][ln:40] - Skipping optional rerun call to 'Points3D' because rerun usage is disabled.
[2026-08-02 14:13:54,132][DEBUG][m:optional_rerun_wrapper][fn:method][ln:40] - Skipping optional rerun call to 'AnyValues' because rerun usage is disabled.
[2026-08-02 14:13:54,132][DEBUG][m:optional_rerun_wrapper][fn:method][ln:40] - Skipping optional rerun call to 'log' because rerun usage is disabled.
[2026-08-02 14:13:54,132][DEBUG][m:optional_rerun_wrapper][fn:method][ln:40] - Skipping optional rerun call to 'Boxes3D' because rerun usage is disabled.
[2026-08-02 14:13:54,132][DEBUG][m:optional_rerun_wrapper][fn:method][ln:40] - Skipping optional rerun call to 'AnyValues' because rerun usage is disabled.
[2026-08-02 14:13:54,132][DEBUG][m:optional_rerun_wrapper][fn:method][ln:40] - Skipping optional rerun call to 'log' because rerun usage is disabled.
[2026-08-02 14:13:54,132][DEBUG][m:optional_rerun_wrapper][fn:method][ln:40] - Skipping optional rerun call to 'Boxes3D' because rerun usage is disabled.
[2026-08-02 14:13:54,132][DEBUG][m:optional_rerun_wrapper][fn:method][ln:40] - Skipping optional rerun call to 'AnyValues' because rerun usage is disabled.
[2026-08-02 14:13:54,132][DEBUG][m:optional_rerun_wrapper][fn:method][ln:40] - Skipping optional rerun call to 'log' because rerun usage is disabled.
[2026-08-02 14:13:54,132][DEBUG][m:optional_rerun_wrapper][fn:method][ln:40] - Skipping optional rerun call to 'Boxes3D' because rerun usage is disabled.
[2026-08-02 14:13:54,132][DEBUG][m:optional_rerun_wrapper][fn:method][ln:40] - Skipping optional rerun call to 'AnyValues' because rerun usage is disabled.
[2026-08-02 14:13:54,132][DEBUG][m:optional_rerun_wrapper][fn:method][ln:40] - Skipping optional rerun call to 'log' because rerun usage is disabled.
[2026-08-02 14:13:54,132][DEBUG][m:optional_rerun_wrapper][fn:method][ln:40] - Skipping optional rerun call to 'Points3D' because rerun usage is disabled.
[2026-08-02 14:13:54,132][DEBUG][m:optional_rerun_wrapper][fn:method][ln:40] - Skipping optional rerun call to 'AnyValues' because rerun usage is disabled.
[2026-08-02 14:13:54,133][DEBUG][m:optional_rerun_wrapper][fn:method][ln:40] - Skipping optional rerun call to 'log' because rerun usage is disabled.
[2026-08-02 14:13:54,133][DEBUG][m:optional_rerun_wrapper][fn:method][ln:40] - Skipping optional rerun call to 'Points3D' because rerun usage is disabled.
[2026-08-02 14:13:54,133][DEBUG][m:optional_rerun_wrapper][fn:method][ln:40] - Skipping optional rerun call to 'AnyValues' because rerun usage is disabled.
[2026-08-02 14:13:54,133][DEBUG][m:optional_rerun_wrapper][fn:method][ln:40] - Skipping optional rerun call to 'log' because rerun usage is disabled.
[2026-08-02 14:13:54,133][DEBUG][m:optional_rerun_wrapper][fn:method][ln:40] - Skipping optional rerun call to 'Points3D' because rerun usage is disabled.
[2026-08-02 14:13:54,133][DEBUG][m:optional_rerun_wrapper][fn:method][ln:40] - Skipping optional rerun call to 'AnyValues' because rerun usage is disabled.
[2026-08-02 14:13:54,133][DEBUG][m:optional_rerun_wrapper][fn:method][ln:40] - Skipping optional rerun call to 'log' because rerun usage is disabled.
[2026-08-02 14:13:54,133][DEBUG][m:optional_rerun_wrapper][fn:method][ln:40] - Skipping optional rerun call to 'Boxes3D' because rerun usage is disabled.
[2026-08-02 14:13:54,133][DEBUG][m:optional_rerun_wrapper][fn:method][ln:40] - Skipping optional rerun call to 'AnyValues' because rerun usage is disabled.
[2026-08-02 14:13:54,133][DEBUG][m:optional_rerun_wrapper][fn:method][ln:40] - Skipping optional rerun call to 'log' because rerun usage is disabled.
[2026-08-02 14:13:54,133][DEBUG][m:optional_rerun_wrapper][fn:method][ln:40] - Skipping optional rerun call to 'Boxes3D' because rerun usage is disabled.
[2026-08-02 14:13:54,133][DEBUG][m:optional_rerun_wrapper][fn:method][ln:40] - Skipping optional rerun call to 'AnyValues' because rerun usage is disabled.
[2026-08-02 14:13:54,133][DEBUG][m:optional_rerun_wrapper][fn:method][ln:40] - Skipping optional rerun call to 'log' because rerun usage is disabled.
[2026-08-02 14:13:54,133][DEBUG][m:optional_rerun_wrapper][fn:method][ln:40] - Skipping optional rerun call to 'Boxes3D' because rerun usage is disabled.
[2026-08-02 14:13:54,133][DEBUG][m:optional_rerun_wrapper][fn:method][ln:40] - Skipping optional rerun call to 'AnyValues' because rerun usage is disabled.
[2026-08-02 14:13:54,133][DEBUG][m:optional_rerun_wrapper][fn:method][ln:40] - Skipping optional rerun call to 'log' because rerun usage is disabled.
[2026-08-02 14:13:54,133][DEBUG][m:optional_rerun_wrapper][fn:method][ln:40] - Skipping optional rerun call to 'Points3D' because rerun usage is disabled.
[2026-08-02 14:13:54,133][DEBUG][m:optional_rerun_wrapper][fn:method][ln:40] - Skipping optional rerun call to 'AnyValues' because rerun usage is disabled.
[2026-08-02 14:13:54,133][DEBUG][m:optional_rerun_wrapper][fn:method][ln:40] - Skipping optional rerun call to 'log' because rerun usage is disabled.
[2026-08-02 14:13:54,133][DEBUG][m:optional_rerun_wrapper][fn:method][ln:40] - Skipping optional rerun call to 'Points3D' because rerun usage is disabled.
[2026-08-02 14:13:54,133][DEBUG][m:optional_rerun_wrapper][fn:method][ln:40] - Skipping optional rerun call to 'AnyValues' because rerun usage is disabled.
[2026-08-02 14:13:54,133][DEBUG][m:optional_rerun_wrapper][fn:method][ln:40] - Skipping optional rerun call to 'log' because rerun usage is disabled.
[2026-08-02 14:13:54,133][DEBUG][m:optional_rerun_wrapper][fn:method][ln:40] - Skipping optional rerun call to 'Points3D' because rerun usage is disabled.
[2026-08-02 14:13:54,133][DEBUG][m:optional_rerun_wrapper][fn:method][ln:40] - Skipping optional rerun call to 'AnyValues' because rerun usage is disabled.
[2026-08-02 14:13:54,133][DEBUG][m:optional_rerun_wrapper][fn:method][ln:40] - Skipping optional rerun call to 'log' because rerun usage is disabled.
[2026-08-02 14:13:54,133][DEBUG][m:optional_rerun_wrapper][fn:method][ln:40] - Skipping optional rerun call to 'Boxes3D' because rerun usage is disabled.
[2026-08-02 14:13:54,133][DEBUG][m:optional_rerun_wrapper][fn:method][ln:40] - Skipping optional rerun call to 'AnyValues' because rerun usage is disabled.
[2026-08-02 14:13:54,133][DEBUG][m:optional_rerun_wrapper][fn:method][ln:40] - Skipping optional rerun call to 'log' because rerun usage is disabled.
[2026-08-02 14:13:54,133][DEBUG][m:optional_rerun_wrapper][fn:method][ln:40] - Skipping optional rerun call to 'Boxes3D' because rerun usage is disabled.
[2026-08-02 14:13:54,133][DEBUG][m:optional_rerun_wrapper][fn:method][ln:40] - Skipping optional rerun call to 'AnyValues' because rerun usage is disabled.
[2026-08-02 14:13:54,133][DEBUG][m:optional_rerun_wrapper][fn:method][ln:40] - Skipping optional rerun call to 'log' because rerun usage is disabled.
[2026-08-02 14:13:54,133][DEBUG][m:optional_rerun_wrapper][fn:method][ln:40] - Skipping optional rerun call to 'Boxes3D' because rerun usage is disabled.
[2026-08-02 14:13:54,133][DEBUG][m:optional_rerun_wrapper][fn:method][ln:40] - Skipping optional rerun call to 'AnyValues' because rerun usage is disabled.
[2026-08-02 14:13:54,134][DEBUG][m:optional_rerun_wrapper][fn:method][ln:40] - Skipping optional rerun call to 'log' because rerun usage is disabled.
[2026-08-02 14:13:54,134][DEBUG][m:optional_rerun_wrapper][fn:method][ln:40] - Skipping optional rerun call to 'Points3D' because rerun usage is disabled.
[2026-08-02 14:13:54,134][DEBUG][m:optional_rerun_wrapper][fn:method][ln:40] - Skipping optional rerun call to 'AnyValues' because rerun usage is disabled.
[2026-08-02 14:13:54,134][DEBUG][m:optional_rerun_wrapper][fn:method][ln:40] - Skipping optional rerun call to 'log' because rerun usage is disabled.
[2026-08-02 14:13:54,134][DEBUG][m:optional_rerun_wrapper][fn:method][ln:40] - Skipping optional rerun call to 'Points3D' because rerun usage is disabled.
[2026-08-02 14:13:54,134][DEBUG][m:optional_rerun_wrapper][fn:method][ln:40] - Skipping optional rerun call to 'AnyValues' because rerun usage is disabled.
[2026-08-02 14:13:54,134][DEBUG][m:optional_rerun_wrapper][fn:method][ln:40] - Skipping optional rerun call to 'log' because rerun usage is disabled.
[2026-08-02 14:13:54,134][DEBUG][m:optional_rerun_wrapper][fn:method][ln:40] - Skipping optional rerun call to 'Points3D' because rerun usage is disabled.
[2026-08-02 14:13:54,134][DEBUG][m:optional_rerun_wrapper][fn:method][ln:40] - Skipping optional rerun call to 'AnyValues' because rerun usage is disabled.
[2026-08-02 14:13:54,134][DEBUG][m:optional_rerun_wrapper][fn:method][ln:40] - Skipping optional rerun call to 'log' because rerun usage is disabled.
[2026-08-02 14:13:54,134][DEBUG][m:optional_rerun_wrapper][fn:method][ln:40] - Skipping optional rerun call to 'Boxes3D' because rerun usage is disabled.
[2026-08-02 14:13:54,134][DEBUG][m:optional_rerun_wrapper][fn:method][ln:40] - Skipping optional rerun call to 'AnyValues' because rerun usage is disabled.
[2026-08-02 14:13:54,134][DEBUG][m:optional_rerun_wrapper][fn:method][ln:40] - Skipping optional rerun call to 'log' because rerun usage is disabled.
[2026-08-02 14:13:54,134][DEBUG][m:optional_rerun_wrapper][fn:method][ln:40] - Skipping optional rerun call to 'Boxes3D' because rerun usage is disabled.
[2026-08-02 14:13:54,134][DEBUG][m:optional_rerun_wrapper][fn:method][ln:40] - Skipping optional rerun call to 'AnyValues' because rerun usage is disabled.
[2026-08-02 14:13:54,134][DEBUG][m:optional_rerun_wrapper][fn:method][ln:40] - Skipping optional rerun call to 'log' because rerun usage is disabled.
[2026-08-02 14:13:54,134][DEBUG][m:optional_rerun_wrapper][fn:method][ln:40] - Skipping optional rerun call to 'Boxes3D' because rerun usage is disabled.
[2026-08-02 14:13:54,134][DEBUG][m:optional_rerun_wrapper][fn:method][ln:40] - Skipping optional rerun call to 'AnyValues' because rerun usage is disabled.
[2026-08-02 14:13:54,134][DEBUG][m:optional_rerun_wrapper][fn:method][ln:40] - Skipping optional rerun call to 'log' because rerun usage is disabled.
[2026-08-02 14:13:54,134][DEBUG][m:optional_rerun_wrapper][fn:method][ln:40] - Skipping optional rerun call to 'Points3D' because rerun usage is disabled.
[2026-08-02 14:13:54,134][DEBUG][m:optional_rerun_wrapper][fn:method][ln:40] - Skipping optional rerun call to 'AnyValues' because rerun usage is disabled.
[2026-08-02 14:13:54,134][DEBUG][m:optional_rerun_wrapper][fn:method][ln:40] - Skipping optional rerun call to 'log' because rerun usage is disabled.
[2026-08-02 14:13:54,134][DEBUG][m:optional_rerun_wrapper][fn:method][ln:40] - Skipping optional rerun call to 'Points3D' because rerun usage is disabled.
[2026-08-02 14:13:54,134][DEBUG][m:optional_rerun_wrapper][fn:method][ln:40] - Skipping optional rerun call to 'AnyValues' because rerun usage is disabled.
[2026-08-02 14:13:54,134][DEBUG][m:optional_rerun_wrapper][fn:method][ln:40] - Skipping optional rerun call to 'log' because rerun usage is disabled.
[2026-08-02 14:13:54,134][DEBUG][m:optional_rerun_wrapper][fn:method][ln:40] - Skipping optional rerun call to 'Points3D' because rerun usage is disabled.
[2026-08-02 14:13:54,134][DEBUG][m:optional_rerun_wrapper][fn:method][ln:40] - Skipping optional rerun call to 'AnyValues' because rerun usage is disabled.
[2026-08-02 14:13:54,134][DEBUG][m:optional_rerun_wrapper][fn:method][ln:40] - Skipping optional rerun call to 'log' because rerun usage is disabled.
[2026-08-02 14:13:54,135][DEBUG][m:optional_rerun_wrapper][fn:method][ln:40] - Skipping optional rerun call to 'Boxes3D' because rerun usage is disabled.
[2026-08-02 14:13:54,135][DEBUG][m:optional_rerun_wrapper][fn:method][ln:40] - Skipping optional rerun call to 'AnyValues' because rerun usage is disabled.
[2026-08-02 14:13:54,135][DEBUG][m:optional_rerun_wrapper][fn:method][ln:40] - Skipping optional rerun call to 'log' because rerun usage is disabled.
[2026-08-02 14:13:54,135][DEBUG][m:optional_rerun_wrapper][fn:method][ln:40] - Skipping optional rerun call to 'Boxes3D' because rerun usage is disabled.
[2026-08-02 14:13:54,135][DEBUG][m:optional_rerun_wrapper][fn:method][ln:40] - Skipping optional rerun call to 'AnyValues' because rerun usage is disabled.
[2026-08-02 14:13:54,135][DEBUG][m:optional_rerun_wrapper][fn:method][ln:40] - Skipping optional rerun call to 'log' because rerun usage is disabled.
[2026-08-02 14:13:54,135][DEBUG][m:optional_rerun_wrapper][fn:method][ln:40] - Skipping optional rerun call to 'Boxes3D' because rerun usage is disabled.
[2026-08-02 14:13:54,135][DEBUG][m:optional_rerun_wrapper][fn:method][ln:40] - Skipping optional rerun call to 'AnyValues' because rerun usage is disabled.
[2026-08-02 14:13:54,135][DEBUG][m:optional_rerun_wrapper][fn:method][ln:40] - Skipping optional rerun call to 'log' because rerun usage is disabled.
[2026-08-02 14:13:54,135][DEBUG][m:optional_rerun_wrapper][fn:method][ln:40] - Skipping optional rerun call to 'Points3D' because rerun usage is disabled.
[2026-08-02 14:13:54,135][DEBUG][m:optional_rerun_wrapper][fn:method][ln:40] - Skipping optional rerun call to 'AnyValues' because rerun usage is disabled.
[2026-08-02 14:13:54,135][DEBUG][m:optional_rerun_wrapper][fn:method][ln:40] - Skipping optional rerun call to 'log' because rerun usage is disabled.
[2026-08-02 14:13:54,135][DEBUG][m:optional_rerun_wrapper][fn:method][ln:40] - Skipping optional rerun call to 'Points3D' because rerun usage is disabled.
[2026-08-02 14:13:54,135][DEBUG][m:optional_rerun_wrapper][fn:method][ln:40] - Skipping optional rerun call to 'AnyValues' because rerun usage is disabled.
[2026-08-02 14:13:54,135][DEBUG][m:optional_rerun_wrapper][fn:method][ln:40] - Skipping optional rerun call to 'log' because rerun usage is disabled.
[2026-08-02 14:13:54,135][DEBUG][m:optional_rerun_wrapper][fn:method][ln:40] - Skipping optional rerun call to 'Points3D' because rerun usage is disabled.
[2026-08-02 14:13:54,135][DEBUG][m:optional_rerun_wrapper][fn:method][ln:40] - Skipping optional rerun call to 'AnyValues' because rerun usage is disabled.
[2026-08-02 14:13:54,135][DEBUG][m:optional_rerun_wrapper][fn:method][ln:40] - Skipping optional rerun call to 'log' because rerun usage is disabled.
[2026-08-02 14:13:54,135][DEBUG][m:optional_rerun_wrapper][fn:method][ln:40] - Skipping optional rerun call to 'Boxes3D' because rerun usage is disabled.
[2026-08-02 14:13:54,135][DEBUG][m:optional_rerun_wrapper][fn:method][ln:40] - Skipping optional rerun call to 'AnyValues' because rerun usage is disabled.
[2026-08-02 14:13:54,135][DEBUG][m:optional_rerun_wrapper][fn:method][ln:40] - Skipping optional rerun call to 'log' because rerun usage is disabled.
[2026-08-02 14:13:54,135][DEBUG][m:optional_rerun_wrapper][fn:method][ln:40] - Skipping optional rerun call to 'Boxes3D' because rerun usage is disabled.
[2026-08-02 14:13:54,135][DEBUG][m:optional_rerun_wrapper][fn:method][ln:40] - Skipping optional rerun call to 'AnyValues' because rerun usage is disabled.
[2026-08-02 14:13:54,135][DEBUG][m:optional_rerun_wrapper][fn:method][ln:40] - Skipping optional rerun call to 'log' because rerun usage is disabled.
[2026-08-02 14:13:54,135][DEBUG][m:optional_rerun_wrapper][fn:method][ln:40] - Skipping optional rerun call to 'Boxes3D' because rerun usage is disabled.
[2026-08-02 14:13:54,135][DEBUG][m:optional_rerun_wrapper][fn:method][ln:40] - Skipping optional rerun call to 'AnyValues' because rerun usage is disabled.
[2026-08-02 14:13:54,135][DEBUG][m:optional_rerun_wrapper][fn:method][ln:40] - Skipping optional rerun call to 'log' because rerun usage is disabled.
[2026-08-02 14:13:54,135][DEBUG][m:optional_rerun_wrapper][fn:method][ln:40] - Skipping optional rerun call to 'Points3D' because rerun usage is disabled.
[2026-08-02 14:13:54,135][DEBUG][m:optional_rerun_wrapper][fn:method][ln:40] - Skipping optional rerun call to 'AnyValues' because rerun usage is disabled.
[2026-08-02 14:13:54,135][DEBUG][m:optional_rerun_wrapper][fn:method][ln:40] - Skipping optional rerun call to 'log' because rerun usage is disabled.
[2026-08-02 14:13:54,135][DEBUG][m:optional_rerun_wrapper][fn:method][ln:40] - Skipping optional rerun call to 'Points3D' because rerun usage is disabled.
[2026-08-02 14:13:54,135][DEBUG][m:optional_rerun_wrapper][fn:method][ln:40] - Skipping optional rerun call to 'AnyValues' because rerun usage is disabled.
[2026-08-02 14:13:54,136][DEBUG][m:optional_rerun_wrapper][fn:method][ln:40] - Skipping optional rerun call to 'log' because rerun usage is disabled.
[2026-08-02 14:13:54,136][DEBUG][m:optional_rerun_wrapper][fn:method][ln:40] - Skipping optional rerun call to 'Points3D' because rerun usage is disabled.
[2026-08-02 14:13:54,136][DEBUG][m:optional_rerun_wrapper][fn:method][ln:40] - Skipping optional rerun call to 'AnyValues' because rerun usage is disabled.
[2026-08-02 14:13:54,136][DEBUG][m:optional_rerun_wrapper][fn:method][ln:40] - Skipping optional rerun call to 'log' because rerun usage is disabled.
[2026-08-02 14:13:54,136][DEBUG][m:optional_rerun_wrapper][fn:method][ln:40] - Skipping optional rerun call to 'Boxes3D' because rerun usage is disabled.
[2026-08-02 14:13:54,136][DEBUG][m:optional_rerun_wrapper][fn:method][ln:40] - Skipping optional rerun call to 'AnyValues' because rerun usage is disabled.
[2026-08-02 14:13:54,136][DEBUG][m:optional_rerun_wrapper][fn:method][ln:40] - Skipping optional rerun call to 'log' because rerun usage is disabled.
[2026-08-02 14:13:54,136][DEBUG][m:optional_rerun_wrapper][fn:method][ln:40] - Skipping optional rerun call to 'Boxes3D' because rerun usage is disabled.
[2026-08-02 14:13:54,136][DEBUG][m:optional_rerun_wrapper][fn:method][ln:40] - Skipping optional rerun call to 'AnyValues' because rerun usage is disabled.
[2026-08-02 14:13:54,136][DEBUG][m:optional_rerun_wrapper][fn:method][ln:40] - Skipping optional rerun call to 'log' because rerun usage is disabled.
[2026-08-02 14:13:54,136][DEBUG][m:optional_rerun_wrapper][fn:method][ln:40] - Skipping optional rerun call to 'Boxes3D' because rerun usage is disabled.
[2026-08-02 14:13:54,136][DEBUG][m:optional_rerun_wrapper][fn:method][ln:40] - Skipping optional rerun call to 'AnyValues' because rerun usage is disabled.
[2026-08-02 14:13:54,136][DEBUG][m:optional_rerun_wrapper][fn:method][ln:40] - Skipping optional rerun call to 'log' because rerun usage is disabled.
[2026-08-02 14:13:54,136][DEBUG][m:optional_rerun_wrapper][fn:method][ln:40] - Skipping optional rerun call to 'Points3D' because rerun usage is disabled.
[2026-08-02 14:13:54,136][DEBUG][m:optional_rerun_wrapper][fn:method][ln:40] - Skipping optional rerun call to 'AnyValues' because rerun usage is disabled.
[2026-08-02 14:13:54,136][DEBUG][m:optional_rerun_wrapper][fn:method][ln:40] - Skipping optional rerun call to 'log' because rerun usage is disabled.
[2026-08-02 14:13:54,136][DEBUG][m:optional_rerun_wrapper][fn:method][ln:40] - Skipping optional rerun call to 'Points3D' because rerun usage is disabled.
[2026-08-02 14:13:54,136][DEBUG][m:optional_rerun_wrapper][fn:method][ln:40] - Skipping optional rerun call to 'AnyValues' because rerun usage is disabled.
[2026-08-02 14:13:54,136][DEBUG][m:optional_rerun_wrapper][fn:method][ln:40] - Skipping optional rerun call to 'log' because rerun usage is disabled.
[2026-08-02 14:13:54,136][DEBUG][m:optional_rerun_wrapper][fn:method][ln:40] - Skipping optional rerun call to 'Points3D' because rerun usage is disabled.
[2026-08-02 14:13:54,136][DEBUG][m:optional_rerun_wrapper][fn:method][ln:40] - Skipping optional rerun call to 'AnyValues' because rerun usage is disabled.
[2026-08-02 14:13:54,136][DEBUG][m:optional_rerun_wrapper][fn:method][ln:40] - Skipping optional rerun call to 'log' because rerun usage is disabled.
[2026-08-02 14:13:54,136][DEBUG][m:optional_rerun_wrapper][fn:method][ln:40] - Skipping optional rerun call to 'Boxes3D' because rerun usage is disabled.
[2026-08-02 14:13:54,136][DEBUG][m:optional_rerun_wrapper][fn:method][ln:40] - Skipping optional rerun call to 'AnyValues' because rerun usage is disabled.
[2026-08-02 14:13:54,136][DEBUG][m:optional_rerun_wrapper][fn:method][ln:40] - Skipping optional rerun call to 'log' because rerun usage is disabled.
[2026-08-02 14:13:54,136][DEBUG][m:optional_rerun_wrapper][fn:method][ln:40] - Skipping optional rerun call to 'Boxes3D' because rerun usage is disabled.
[2026-08-02 14:13:54,136][DEBUG][m:optional_rerun_wrapper][fn:method][ln:40] - Skipping optional rerun call to 'AnyValues' because rerun usage is disabled.
[2026-08-02 14:13:54,136][DEBUG][m:optional_rerun_wrapper][fn:method][ln:40] - Skipping optional rerun call to 'log' because rerun usage is disabled.
[2026-08-02 14:13:54,136][DEBUG][m:optional_rerun_wrapper][fn:method][ln:40] - Skipping optional rerun call to 'Boxes3D' because rerun usage is disabled.
[2026-08-02 14:13:54,136][DEBUG][m:optional_rerun_wrapper][fn:method][ln:40] - Skipping optional rerun call to 'AnyValues' because rerun usage is disabled.
[2026-08-02 14:13:54,136][DEBUG][m:optional_rerun_wrapper][fn:method][ln:40] - Skipping optional rerun call to 'log' because rerun usage is disabled.
[2026-08-02 14:13:54,136][DEBUG][m:optional_rerun_wrapper][fn:method][ln:40] - Skipping optional rerun call to 'Points3D' because rerun usage is disabled.
[2026-08-02 14:13:54,136][DEBUG][m:optional_rerun_wrapper][fn:method][ln:40] - Skipping optional rerun call to 'AnyValues' because rerun usage is disabled.
[2026-08-02 14:13:54,136][DEBUG][m:optional_rerun_wrapper][fn:method][ln:40] - Skipping optional rerun call to 'log' because rerun usage is disabled.
[2026-08-02 14:13:54,137][DEBUG][m:optional_rerun_wrapper][fn:method][ln:40] - Skipping optional rerun call to 'Points3D' because rerun usage is disabled.
[2026-08-02 14:13:54,137][DEBUG][m:optional_rerun_wrapper][fn:method][ln:40] - Skipping optional rerun call to 'AnyValues' because rerun usage is disabled.
[2026-08-02 14:13:54,137][DEBUG][m:optional_rerun_wrapper][fn:method][ln:40] - Skipping optional rerun call to 'log' because rerun usage is disabled.
[2026-08-02 14:13:54,137][DEBUG][m:optional_rerun_wrapper][fn:method][ln:40] - Skipping optional rerun call to 'Points3D' because rerun usage is disabled.
[2026-08-02 14:13:54,137][DEBUG][m:optional_rerun_wrapper][fn:method][ln:40] - Skipping optional rerun call to 'AnyValues' because rerun usage is disabled.
[2026-08-02 14:13:54,137][DEBUG][m:optional_rerun_wrapper][fn:method][ln:40] - Skipping optional rerun call to 'log' because rerun usage is disabled.
[2026-08-02 14:13:54,137][DEBUG][m:optional_rerun_wrapper][fn:method][ln:40] - Skipping optional rerun call to 'Boxes3D' because rerun usage is disabled.
[2026-08-02 14:13:54,137][DEBUG][m:optional_rerun_wrapper][fn:method][ln:40] - Skipping optional rerun call to 'AnyValues' because rerun usage is disabled.
[2026-08-02 14:13:54,137][DEBUG][m:optional_rerun_wrapper][fn:method][ln:40] - Skipping optional rerun call to 'log' because rerun usage is disabled.
[2026-08-02 14:13:54,137][DEBUG][m:optional_rerun_wrapper][fn:method][ln:40] - Skipping optional rerun call to 'Boxes3D' because rerun usage is disabled.
[2026-08-02 14:13:54,137][DEBUG][m:optional_rerun_wrapper][fn:method][ln:40] - Skipping optional rerun call to 'AnyValues' because rerun usage is disabled.
[2026-08-02 14:13:54,137][DEBUG][m:optional_rerun_wrapper][fn:method][ln:40] - Skipping optional rerun call to 'log' because rerun usage is disabled.
[2026-08-02 14:13:54,137][DEBUG][m:optional_rerun_wrapper][fn:method][ln:40] - Skipping optional rerun call to 'Boxes3D' because rerun usage is disabled.
[2026-08-02 14:13:54,137][DEBUG][m:optional_rerun_wrapper][fn:method][ln:40] - Skipping optional rerun call to 'AnyValues' because rerun usage is disabled.
[2026-08-02 14:13:54,137][DEBUG][m:optional_rerun_wrapper][fn:method][ln:40] - Skipping optional rerun call to 'log' because rerun usage is disabled.
[2026-08-02 14:13:54,137][DEBUG][m:optional_rerun_wrapper][fn:method][ln:40] - Skipping optional rerun call to 'Points3D' because rerun usage is disabled.
[2026-08-02 14:13:54,137][DEBUG][m:optional_rerun_wrapper][fn:method][ln:40] - Skipping optional rerun call to 'AnyValues' because rerun usage is disabled.
[2026-08-02 14:13:54,137][DEBUG][m:optional_rerun_wrapper][fn:method][ln:40] - Skipping optional rerun call to 'log' because rerun usage is disabled.
[2026-08-02 14:13:54,137][DEBUG][m:optional_rerun_wrapper][fn:method][ln:40] - Skipping optional rerun call to 'Points3D' because rerun usage is disabled.
[2026-08-02 14:13:54,137][DEBUG][m:optional_rerun_wrapper][fn:method][ln:40] - Skipping optional rerun call to 'AnyValues' because rerun usage is disabled.
[2026-08-02 14:13:54,137][DEBUG][m:optional_rerun_wrapper][fn:method][ln:40] - Skipping optional rerun call to 'log' because rerun usage is disabled.
[2026-08-02 14:13:54,137][DEBUG][m:optional_rerun_wrapper][fn:method][ln:40] - Skipping optional rerun call to 'Points3D' because rerun usage is disabled.
[2026-08-02 14:13:54,137][DEBUG][m:optional_rerun_wrapper][fn:method][ln:40] - Skipping optional rerun call to 'AnyValues' because rerun usage is disabled.
[2026-08-02 14:13:54,137][DEBUG][m:optional_rerun_wrapper][fn:method][ln:40] - Skipping optional rerun call to 'log' because rerun usage is disabled.
[2026-08-02 14:13:54,137][DEBUG][m:optional_rerun_wrapper][fn:method][ln:40] - Skipping optional rerun call to 'Boxes3D' because rerun usage is disabled.
[2026-08-02 14:13:54,137][DEBUG][m:optional_rerun_wrapper][fn:method][ln:40] - Skipping optional rerun call to 'AnyValues' because rerun usage is disabled.
[2026-08-02 14:13:54,137][DEBUG][m:optional_rerun_wrapper][fn:method][ln:40] - Skipping optional rerun call to 'log' because rerun usage is disabled.
[2026-08-02 14:13:54,137][DEBUG][m:optional_rerun_wrapper][fn:method][ln:40] - Skipping optional rerun call to 'Boxes3D' because rerun usage is disabled.
[2026-08-02 14:13:54,137][DEBUG][m:optional_rerun_wrapper][fn:method][ln:40] - Skipping optional rerun call to 'AnyValues' because rerun usage is disabled.
[2026-08-02 14:13:54,137][DEBUG][m:optional_rerun_wrapper][fn:method][ln:40] - Skipping optional rerun call to 'log' because rerun usage is disabled.
[2026-08-02 14:13:54,137][DEBUG][m:optional_rerun_wrapper][fn:method][ln:40] - Skipping optional rerun call to 'Boxes3D' because rerun usage is disabled.
[2026-08-02 14:13:54,137][DEBUG][m:optional_rerun_wrapper][fn:method][ln:40] - Skipping optional rerun call to 'AnyValues' because rerun usage is disabled.
[2026-08-02 14:13:54,137][DEBUG][m:optional_rerun_wrapper][fn:method][ln:40] - Skipping optional rerun call to 'log' because rerun usage is disabled.
[2026-08-02 14:13:54,138][DEBUG][m:optional_rerun_wrapper][fn:method][ln:40] - Skipping optional rerun call to 'Points3D' because rerun usage is disabled.
[2026-08-02 14:13:54,138][DEBUG][m:optional_rerun_wrapper][fn:method][ln:40] - Skipping optional rerun call to 'AnyValues' because rerun usage is disabled.
[2026-08-02 14:13:54,138][DEBUG][m:optional_rerun_wrapper][fn:method][ln:40] - Skipping optional rerun call to 'log' because rerun usage is disabled.
[2026-08-02 14:13:54,138][DEBUG][m:optional_rerun_wrapper][fn:method][ln:40] - Skipping optional rerun call to 'Points3D' because rerun usage is disabled.
[2026-08-02 14:13:54,138][DEBUG][m:optional_rerun_wrapper][fn:method][ln:40] - Skipping optional rerun call to 'AnyValues' because rerun usage is disabled.
[2026-08-02 14:13:54,138][DEBUG][m:optional_rerun_wrapper][fn:method][ln:40] - Skipping optional rerun call to 'log' because rerun usage is disabled.
[2026-08-02 14:13:54,138][DEBUG][m:optional_rerun_wrapper][fn:method][ln:40] - Skipping optional rerun call to 'Points3D' because rerun usage is disabled.
[2026-08-02 14:13:54,138][DEBUG][m:optional_rerun_wrapper][fn:method][ln:40] - Skipping optional rerun call to 'AnyValues' because rerun usage is disabled.
[2026-08-02 14:13:54,138][DEBUG][m:optional_rerun_wrapper][fn:method][ln:40] - Skipping optional rerun call to 'log' because rerun usage is disabled.
[2026-08-02 14:13:54,138][DEBUG][m:optional_rerun_wrapper][fn:method][ln:40] - Skipping optional rerun call to 'Boxes3D' because rerun usage is disabled.
[2026-08-02 14:13:54,138][DEBUG][m:optional_rerun_wrapper][fn:method][ln:40] - Skipping optional rerun call to 'AnyValues' because rerun usage is disabled.
[2026-08-02 14:13:54,138][DEBUG][m:optional_rerun_wrapper][fn:method][ln:40] - Skipping optional rerun call to 'log' because rerun usage is disabled.
[2026-08-02 14:13:54,138][DEBUG][m:optional_rerun_wrapper][fn:method][ln:40] - Skipping optional rerun call to 'Boxes3D' because rerun usage is disabled.
[2026-08-02 14:13:54,138][DEBUG][m:optional_rerun_wrapper][fn:method][ln:40] - Skipping optional rerun call to 'AnyValues' because rerun usage is disabled.
[2026-08-02 14:13:54,138][DEBUG][m:optional_rerun_wrapper][fn:method][ln:40] - Skipping optional rerun call to 'log' because rerun usage is disabled.
[2026-08-02 14:13:54,138][DEBUG][m:optional_rerun_wrapper][fn:method][ln:40] - Skipping optional rerun call to 'Boxes3D' because rerun usage is disabled.
[2026-08-02 14:13:54,138][DEBUG][m:optional_rerun_wrapper][fn:method][ln:40] - Skipping optional rerun call to 'AnyValues' because rerun usage is disabled.
[2026-08-02 14:13:54,138][DEBUG][m:optional_rerun_wrapper][fn:method][ln:40] - Skipping optional rerun call to 'log' because rerun usage is disabled.
[2026-08-02 14:13:54,138][DEBUG][m:optional_rerun_wrapper][fn:method][ln:40] - Skipping optional rerun call to 'Points3D' because rerun usage is disabled.
[2026-08-02 14:13:54,138][DEBUG][m:optional_rerun_wrapper][fn:method][ln:40] - Skipping optional rerun call to 'AnyValues' because rerun usage is disabled.
[2026-08-02 14:13:54,138][DEBUG][m:optional_rerun_wrapper][fn:method][ln:40] - Skipping optional rerun call to 'log' because rerun usage is disabled.
[2026-08-02 14:13:54,138][DEBUG][m:optional_rerun_wrapper][fn:method][ln:40] - Skipping optional rerun call to 'Points3D' because rerun usage is disabled.
[2026-08-02 14:13:54,138][DEBUG][m:optional_rerun_wrapper][fn:method][ln:40] - Skipping optional rerun call to 'AnyValues' because rerun usage is disabled.
[2026-08-02 14:13:54,138][DEBUG][m:optional_rerun_wrapper][fn:method][ln:40] - Skipping optional rerun call to 'log' because rerun usage is disabled.
[2026-08-02 14:13:54,138][DEBUG][m:optional_rerun_wrapper][fn:method][ln:40] - Skipping optional rerun call to 'Points3D' because rerun usage is disabled.
[2026-08-02 14:13:54,138][DEBUG][m:optional_rerun_wrapper][fn:method][ln:40] - Skipping optional rerun call to 'AnyValues' because rerun usage is disabled.
[2026-08-02 14:13:54,138][DEBUG][m:optional_rerun_wrapper][fn:method][ln:40] - Skipping optional rerun call to 'log' because rerun usage is disabled.
[2026-08-02 14:13:54,138][DEBUG][m:optional_rerun_wrapper][fn:method][ln:40] - Skipping optional rerun call to 'Boxes3D' because rerun usage is disabled.
[2026-08-02 14:13:54,138][DEBUG][m:optional_rerun_wrapper][fn:method][ln:40] - Skipping optional rerun call to 'AnyValues' because rerun usage is disabled.
[2026-08-02 14:13:54,138][DEBUG][m:optional_rerun_wrapper][fn:method][ln:40] - Skipping optional rerun call to 'log' because rerun usage is disabled.
[2026-08-02 14:13:54,138][DEBUG][m:optional_rerun_wrapper][fn:method][ln:40] - Skipping optional rerun call to 'Boxes3D' because rerun usage is disabled.
[2026-08-02 14:13:54,138][DEBUG][m:optional_rerun_wrapper][fn:method][ln:40] - Skipping optional rerun call to 'AnyValues' because rerun usage is disabled.
[2026-08-02 14:13:54,138][DEBUG][m:optional_rerun_wrapper][fn:method][ln:40] - Skipping optional rerun call to 'log' because rerun usage is disabled.
[2026-08-02 14:13:54,138][DEBUG][m:optional_rerun_wrapper][fn:method][ln:40] - Skipping optional rerun call to 'Boxes3D' because rerun usage is disabled.
[2026-08-02 14:13:54,138][DEBUG][m:optional_rerun_wrapper][fn:method][ln:40] - Skipping optional rerun call to 'AnyValues' because rerun usage is disabled.
[2026-08-02 14:13:54,139][DEBUG][m:optional_rerun_wrapper][fn:method][ln:40] - Skipping optional rerun call to 'log' because rerun usage is disabled.
[2026-08-02 14:13:54,139][DEBUG][m:optional_rerun_wrapper][fn:method][ln:40] - Skipping optional rerun call to 'Points3D' because rerun usage is disabled.
[2026-08-02 14:13:54,139][DEBUG][m:optional_rerun_wrapper][fn:method][ln:40] - Skipping optional rerun call to 'AnyValues' because rerun usage is disabled.
[2026-08-02 14:13:54,139][DEBUG][m:optional_rerun_wrapper][fn:method][ln:40] - Skipping optional rerun call to 'log' because rerun usage is disabled.
[2026-08-02 14:13:54,139][DEBUG][m:optional_rerun_wrapper][fn:method][ln:40] - Skipping optional rerun call to 'Points3D' because rerun usage is disabled.
[2026-08-02 14:13:54,139][DEBUG][m:optional_rerun_wrapper][fn:method][ln:40] - Skipping optional rerun call to 'AnyValues' because rerun usage is disabled.
[2026-08-02 14:13:54,139][DEBUG][m:optional_rerun_wrapper][fn:method][ln:40] - Skipping optional rerun call to 'log' because rerun usage is disabled.
[2026-08-02 14:13:54,139][DEBUG][m:optional_rerun_wrapper][fn:method][ln:40] - Skipping optional rerun call to 'Points3D' because rerun usage is disabled.
[2026-08-02 14:13:54,139][DEBUG][m:optional_rerun_wrapper][fn:method][ln:40] - Skipping optional rerun call to 'AnyValues' because rerun usage is disabled.
[2026-08-02 14:13:54,139][DEBUG][m:optional_rerun_wrapper][fn:method][ln:40] - Skipping optional rerun call to 'log' because rerun usage is disabled.
[2026-08-02 14:13:54,139][DEBUG][m:optional_rerun_wrapper][fn:method][ln:40] - Skipping optional rerun call to 'Boxes3D' because rerun usage is disabled.
[2026-08-02 14:13:54,139][DEBUG][m:optional_rerun_wrapper][fn:method][ln:40] - Skipping optional rerun call to 'AnyValues' because rerun usage is disabled.
[2026-08-02 14:13:54,139][DEBUG][m:optional_rerun_wrapper][fn:method][ln:40] - Skipping optional rerun call to 'log' because rerun usage is disabled.
[2026-08-02 14:13:54,139][DEBUG][m:optional_rerun_wrapper][fn:method][ln:40] - Skipping optional rerun call to 'Boxes3D' because rerun usage is disabled.
[2026-08-02 14:13:54,139][DEBUG][m:optional_rerun_wrapper][fn:method][ln:40] - Skipping optional rerun call to 'AnyValues' because rerun usage is disabled.
[2026-08-02 14:13:54,139][DEBUG][m:optional_rerun_wrapper][fn:method][ln:40] - Skipping optional rerun call to 'log' because rerun usage is disabled.
[2026-08-02 14:13:54,139][DEBUG][m:optional_rerun_wrapper][fn:method][ln:40] - Skipping optional rerun call to 'Boxes3D' because rerun usage is disabled.
[2026-08-02 14:13:54,139][DEBUG][m:optional_rerun_wrapper][fn:method][ln:40] - Skipping optional rerun call to 'AnyValues' because rerun usage is disabled.
[2026-08-02 14:13:54,139][DEBUG][m:optional_rerun_wrapper][fn:method][ln:40] - Skipping optional rerun call to 'log' because rerun usage is disabled.
[2026-08-02 14:13:54,139][DEBUG][m:optional_rerun_wrapper][fn:method][ln:40] - Skipping optional rerun call to 'Points3D' because rerun usage is disabled.
[2026-08-02 14:13:54,139][DEBUG][m:optional_rerun_wrapper][fn:method][ln:40] - Skipping optional rerun call to 'AnyValues' because rerun usage is disabled.
[2026-08-02 14:13:54,139][DEBUG][m:optional_rerun_wrapper][fn:method][ln:40] - Skipping optional rerun call to 'log' because rerun usage is disabled.
[2026-08-02 14:13:54,139][DEBUG][m:optional_rerun_wrapper][fn:method][ln:40] - Skipping optional rerun call to 'Points3D' because rerun usage is disabled.
[2026-08-02 14:13:54,139][DEBUG][m:optional_rerun_wrapper][fn:method][ln:40] - Skipping optional rerun call to 'AnyValues' because rerun usage is disabled.
[2026-08-02 14:13:54,139][DEBUG][m:optional_rerun_wrapper][fn:method][ln:40] - Skipping optional rerun call to 'log' because rerun usage is disabled.
[2026-08-02 14:13:54,139][DEBUG][m:optional_rerun_wrapper][fn:method][ln:40] - Skipping optional rerun call to 'Points3D' because rerun usage is disabled.
[2026-08-02 14:13:54,139][DEBUG][m:optional_rerun_wrapper][fn:method][ln:40] - Skipping optional rerun call to 'AnyValues' because rerun usage is disabled.
[2026-08-02 14:13:54,139][DEBUG][m:optional_rerun_wrapper][fn:method][ln:40] - Skipping optional rerun call to 'log' because rerun usage is disabled.
[2026-08-02 14:13:54,139][DEBUG][m:optional_rerun_wrapper][fn:method][ln:40] - Skipping optional rerun call to 'Boxes3D' because rerun usage is disabled.
[2026-08-02 14:13:54,139][DEBUG][m:optional_rerun_wrapper][fn:method][ln:40] - Skipping optional rerun call to 'AnyValues' because rerun usage is disabled.
[2026-08-02 14:13:54,139][DEBUG][m:optional_rerun_wrapper][fn:method][ln:40] - Skipping optional rerun call to 'log' because rerun usage is disabled.
[2026-08-02 14:13:54,140][DEBUG][m:optional_rerun_wrapper][fn:method][ln:40] - Skipping optional rerun call to 'Boxes3D' because rerun usage is disabled.
[2026-08-02 14:13:54,140][DEBUG][m:optional_rerun_wrapper][fn:method][ln:40] - Skipping optional rerun call to 'AnyValues' because rerun usage is disabled.
[2026-08-02 14:13:54,140][DEBUG][m:optional_rerun_wrapper][fn:method][ln:40] - Skipping optional rerun call to 'log' because rerun usage is disabled.
[2026-08-02 14:13:54,140][DEBUG][m:optional_rerun_wrapper][fn:method][ln:40] - Skipping optional rerun call to 'Boxes3D' because rerun usage is disabled.
[2026-08-02 14:13:54,140][DEBUG][m:optional_rerun_wrapper][fn:method][ln:40] - Skipping optional rerun call to 'AnyValues' because rerun usage is disabled.
[2026-08-02 14:13:54,140][DEBUG][m:optional_rerun_wrapper][fn:method][ln:40] - Skipping optional rerun call to 'log' because rerun usage is disabled.
[2026-08-02 14:13:54,140][DEBUG][m:optional_rerun_wrapper][fn:method][ln:40] - Skipping optional rerun call to 'Points3D' because rerun usage is disabled.
[2026-08-02 14:13:54,140][DEBUG][m:optional_rerun_wrapper][fn:method][ln:40] - Skipping optional rerun call to 'AnyValues' because rerun usage is disabled.
[2026-08-02 14:13:54,140][DEBUG][m:optional_rerun_wrapper][fn:method][ln:40] - Skipping optional rerun call to 'log' because rerun usage is disabled.
[2026-08-02 14:13:54,140][DEBUG][m:optional_rerun_wrapper][fn:method][ln:40] - Skipping optional rerun call to 'Points3D' because rerun usage is disabled.
[2026-08-02 14:13:54,140][DEBUG][m:optional_rerun_wrapper][fn:method][ln:40] - Skipping optional rerun call to 'AnyValues' because rerun usage is disabled.
[2026-08-02 14:13:54,140][DEBUG][m:optional_rerun_wrapper][fn:method][ln:40] - Skipping optional rerun call to 'log' because rerun usage is disabled.
[2026-08-02 14:13:54,140][DEBUG][m:optional_rerun_wrapper][fn:method][ln:40] - Skipping optional rerun call to 'Points3D' because rerun usage is disabled.
[2026-08-02 14:13:54,140][DEBUG][m:optional_rerun_wrapper][fn:method][ln:40] - Skipping optional rerun call to 'AnyValues' because rerun usage is disabled.
[2026-08-02 14:13:54,140][DEBUG][m:optional_rerun_wrapper][fn:method][ln:40] - Skipping optional rerun call to 'log' because rerun usage is disabled.
[2026-08-02 14:13:54,140][DEBUG][m:optional_rerun_wrapper][fn:method][ln:40] - Skipping optional rerun call to 'Boxes3D' because rerun usage is disabled.
[2026-08-02 14:13:54,140][DEBUG][m:optional_rerun_wrapper][fn:method][ln:40] - Skipping optional rerun call to 'AnyValues' because rerun usage is disabled.
[2026-08-02 14:13:54,140][DEBUG][m:optional_rerun_wrapper][fn:method][ln:40] - Skipping optional rerun call to 'log' because rerun usage is disabled.
[2026-08-02 14:13:54,140][DEBUG][m:optional_rerun_wrapper][fn:method][ln:40] - Skipping optional rerun call to 'Boxes3D' because rerun usage is disabled.
[2026-08-02 14:13:54,140][DEBUG][m:optional_rerun_wrapper][fn:method][ln:40] - Skipping optional rerun call to 'AnyValues' because rerun usage is disabled.
[2026-08-02 14:13:54,140][DEBUG][m:optional_rerun_wrapper][fn:method][ln:40] - Skipping optional rerun call to 'log' because rerun usage is disabled.
[2026-08-02 14:13:54,140][DEBUG][m:optional_rerun_wrapper][fn:method][ln:40] - Skipping optional rerun call to 'Boxes3D' because rerun usage is disabled.
[2026-08-02 14:13:54,140][DEBUG][m:optional_rerun_wrapper][fn:method][ln:40] - Skipping optional rerun call to 'AnyValues' because rerun usage is disabled.
[2026-08-02 14:13:54,140][DEBUG][m:optional_rerun_wrapper][fn:method][ln:40] - Skipping optional rerun call to 'log' because rerun usage is disabled.
[2026-08-02 14:13:54,140][DEBUG][m:optional_rerun_wrapper][fn:method][ln:40] - Skipping optional rerun call to 'Points3D' because rerun usage is disabled.
[2026-08-02 14:13:54,140][DEBUG][m:optional_rerun_wrapper][fn:method][ln:40] - Skipping optional rerun call to 'AnyValues' because rerun usage is disabled.
[2026-08-02 14:13:54,140][DEBUG][m:optional_rerun_wrapper][fn:method][ln:40] - Skipping optional rerun call to 'log' because rerun usage is disabled.
[2026-08-02 14:13:54,140][DEBUG][m:optional_rerun_wrapper][fn:method][ln:40] - Skipping optional rerun call to 'Points3D' because rerun usage is disabled.
[2026-08-02 14:13:54,140][DEBUG][m:optional_rerun_wrapper][fn:method][ln:40] - Skipping optional rerun call to 'AnyValues' because rerun usage is disabled.
[2026-08-02 14:13:54,140][DEBUG][m:optional_rerun_wrapper][fn:method][ln:40] - Skipping optional rerun call to 'log' because rerun usage is disabled.
[2026-08-02 14:13:54,140][DEBUG][m:optional_rerun_wrapper][fn:method][ln:40] - Skipping optional rerun call to 'Points3D' because rerun usage is disabled.
[2026-08-02 14:13:54,140][DEBUG][m:optional_rerun_wrapper][fn:method][ln:40] - Skipping optional rerun call to 'AnyValues' because rerun usage is disabled.
[2026-08-02 14:13:54,140][DEBUG][m:optional_rerun_wrapper][fn:method][ln:40] - Skipping optional rerun call to 'log' because rerun usage is disabled.
[2026-08-02 14:13:54,140][DEBUG][m:optional_rerun_wrapper][fn:method][ln:40] - Skipping optional rerun call to 'Boxes3D' because rerun usage is disabled.
[2026-08-02 14:13:54,141][DEBUG][m:optional_rerun_wrapper][fn:method][ln:40] - Skipping optional rerun call to 'AnyValues' because rerun usage is disabled.
[2026-08-02 14:13:54,141][DEBUG][m:optional_rerun_wrapper][fn:method][ln:40] - Skipping optional rerun call to 'log' because rerun usage is disabled.
[2026-08-02 14:13:54,141][DEBUG][m:optional_rerun_wrapper][fn:method][ln:40] - Skipping optional rerun call to 'Boxes3D' because rerun usage is disabled.
[2026-08-02 14:13:54,141][DEBUG][m:optional_rerun_wrapper][fn:method][ln:40] - Skipping optional rerun call to 'AnyValues' because rerun usage is disabled.
[2026-08-02 14:13:54,141][DEBUG][m:optional_rerun_wrapper][fn:method][ln:40] - Skipping optional rerun call to 'log' because rerun usage is disabled.
[2026-08-02 14:13:54,141][DEBUG][m:optional_rerun_wrapper][fn:method][ln:40] - Skipping optional rerun call to 'Boxes3D' because rerun usage is disabled.
[2026-08-02 14:13:54,141][DEBUG][m:optional_rerun_wrapper][fn:method][ln:40] - Skipping optional rerun call to 'AnyValues' because rerun usage is disabled.
[2026-08-02 14:13:54,141][DEBUG][m:optional_rerun_wrapper][fn:method][ln:40] - Skipping optional rerun call to 'log' because rerun usage is disabled.
[2026-08-02 14:13:54,141][DEBUG][m:optional_rerun_wrapper][fn:method][ln:40] - Skipping optional rerun call to 'Points3D' because rerun usage is disabled.
[2026-08-02 14:13:54,141][DEBUG][m:optional_rerun_wrapper][fn:method][ln:40] - Skipping optional rerun call to 'AnyValues' because rerun usage is disabled.
[2026-08-02 14:13:54,141][DEBUG][m:optional_rerun_wrapper][fn:method][ln:40] - Skipping optional rerun call to 'log' because rerun usage is disabled.
[2026-08-02 14:13:54,141][DEBUG][m:optional_rerun_wrapper][fn:method][ln:40] - Skipping optional rerun call to 'Points3D' because rerun usage is disabled.
[2026-08-02 14:13:54,141][DEBUG][m:optional_rerun_wrapper][fn:method][ln:40] - Skipping optional rerun call to 'AnyValues' because rerun usage is disabled.
[2026-08-02 14:13:54,141][DEBUG][m:optional_rerun_wrapper][fn:method][ln:40] - Skipping optional rerun call to 'log' because rerun usage is disabled.
[2026-08-02 14:13:54,141][DEBUG][m:optional_rerun_wrapper][fn:method][ln:40] - Skipping optional rerun call to 'Points3D' because rerun usage is disabled.
[2026-08-02 14:13:54,141][DEBUG][m:optional_rerun_wrapper][fn:method][ln:40] - Skipping optional rerun call to 'AnyValues' because rerun usage is disabled.
[2026-08-02 14:13:54,141][DEBUG][m:optional_rerun_wrapper][fn:method][ln:40] - Skipping optional rerun call to 'log' because rerun usage is disabled.
[2026-08-02 14:13:54,141][DEBUG][m:optional_rerun_wrapper][fn:method][ln:40] - Skipping optional rerun call to 'Boxes3D' because rerun usage is disabled.
[2026-08-02 14:13:54,141][DEBUG][m:optional_rerun_wrapper][fn:method][ln:40] - Skipping optional rerun call to 'AnyValues' because rerun usage is disabled.
[2026-08-02 14:13:54,141][DEBUG][m:optional_rerun_wrapper][fn:method][ln:40] - Skipping optional rerun call to 'log' because rerun usage is disabled.
[2026-08-02 14:13:54,141][DEBUG][m:optional_rerun_wrapper][fn:method][ln:40] - Skipping optional rerun call to 'Boxes3D' because rerun usage is disabled.
[2026-08-02 14:13:54,141][DEBUG][m:optional_rerun_wrapper][fn:method][ln:40] - Skipping optional rerun call to 'AnyValues' because rerun usage is disabled.
[2026-08-02 14:13:54,141][DEBUG][m:optional_rerun_wrapper][fn:method][ln:40] - Skipping optional rerun call to 'log' because rerun usage is disabled.
[2026-08-02 14:13:54,141][DEBUG][m:optional_rerun_wrapper][fn:method][ln:40] - Skipping optional rerun call to 'Boxes3D' because rerun usage is disabled.
[2026-08-02 14:13:54,141][DEBUG][m:optional_rerun_wrapper][fn:method][ln:40] - Skipping optional rerun call to 'AnyValues' because rerun usage is disabled.
[2026-08-02 14:13:54,141][DEBUG][m:optional_rerun_wrapper][fn:method][ln:40] - Skipping optional rerun call to 'log' because rerun usage is disabled.
[2026-08-02 14:13:54,141][DEBUG][m:optional_rerun_wrapper][fn:method][ln:40] - Skipping optional rerun call to 'Points3D' because rerun usage is disabled.
[2026-08-02 14:13:54,141][DEBUG][m:optional_rerun_wrapper][fn:method][ln:40] - Skipping optional rerun call to 'AnyValues' because rerun usage is disabled.
[2026-08-02 14:13:54,141][DEBUG][m:optional_rerun_wrapper][fn:method][ln:40] - Skipping optional rerun call to 'log' because rerun usage is disabled.
[2026-08-02 14:13:54,141][DEBUG][m:optional_rerun_wrapper][fn:method][ln:40] - Skipping optional rerun call to 'Points3D' because rerun usage is disabled.
[2026-08-02 14:13:54,141][DEBUG][m:optional_rerun_wrapper][fn:method][ln:40] - Skipping optional rerun call to 'AnyValues' because rerun usage is disabled.
[2026-08-02 14:13:54,141][DEBUG][m:optional_rerun_wrapper][fn:method][ln:40] - Skipping optional rerun call to 'log' because rerun usage is disabled.
[2026-08-02 14:13:54,141][DEBUG][m:optional_rerun_wrapper][fn:method][ln:40] - Skipping optional rerun call to 'Points3D' because rerun usage is disabled.
[2026-08-02 14:13:54,141][DEBUG][m:optional_rerun_wrapper][fn:method][ln:40] - Skipping optional rerun call to 'AnyValues' because rerun usage is disabled.
[2026-08-02 14:13:54,141][DEBUG][m:optional_rerun_wrapper][fn:method][ln:40] - Skipping optional rerun call to 'log' because rerun usage is disabled.
[2026-08-02 14:13:54,142][DEBUG][m:optional_rerun_wrapper][fn:method][ln:40] - Skipping optional rerun call to 'Boxes3D' because rerun usage is disabled.
[2026-08-02 14:13:54,142][DEBUG][m:optional_rerun_wrapper][fn:method][ln:40] - Skipping optional rerun call to 'AnyValues' because rerun usage is disabled.
[2026-08-02 14:13:54,142][DEBUG][m:optional_rerun_wrapper][fn:method][ln:40] - Skipping optional rerun call to 'log' because rerun usage is disabled.
[2026-08-02 14:13:54,142][DEBUG][m:optional_rerun_wrapper][fn:method][ln:40] - Skipping optional rerun call to 'Boxes3D' because rerun usage is disabled.
[2026-08-02 14:13:54,142][DEBUG][m:optional_rerun_wrapper][fn:method][ln:40] - Skipping optional rerun call to 'AnyValues' because rerun usage is disabled.
[2026-08-02 14:13:54,142][DEBUG][m:optional_rerun_wrapper][fn:method][ln:40] - Skipping optional rerun call to 'log' because rerun usage is disabled.
[2026-08-02 14:13:54,142][DEBUG][m:optional_rerun_wrapper][fn:method][ln:40] - Skipping optional rerun call to 'Boxes3D' because rerun usage is disabled.
[2026-08-02 14:13:54,142][DEBUG][m:optional_rerun_wrapper][fn:method][ln:40] - Skipping optional rerun call to 'AnyValues' because rerun usage is disabled.
[2026-08-02 14:13:54,142][DEBUG][m:optional_rerun_wrapper][fn:method][ln:40] - Skipping optional rerun call to 'log' because rerun usage is disabled.
[2026-08-02 14:13:54,142][DEBUG][m:optional_rerun_wrapper][fn:method][ln:40] - Skipping optional rerun call to 'Points3D' because rerun usage is disabled.
[2026-08-02 14:13:54,142][DEBUG][m:optional_rerun_wrapper][fn:method][ln:40] - Skipping optional rerun call to 'AnyValues' because rerun usage is disabled.
[2026-08-02 14:13:54,142][DEBUG][m:optional_rerun_wrapper][fn:method][ln:40] - Skipping optional rerun call to 'log' because rerun usage is disabled.
[2026-08-02 14:13:54,142][DEBUG][m:optional_rerun_wrapper][fn:method][ln:40] - Skipping optional rerun call to 'Points3D' because rerun usage is disabled.
[2026-08-02 14:13:54,142][DEBUG][m:optional_rerun_wrapper][fn:method][ln:40] - Skipping optional rerun call to 'AnyValues' because rerun usage is disabled.
[2026-08-02 14:13:54,142][DEBUG][m:optional_rerun_wrapper][fn:method][ln:40] - Skipping optional rerun call to 'log' because rerun usage is disabled.
[2026-08-02 14:13:54,142][DEBUG][m:optional_rerun_wrapper][fn:method][ln:40] - Skipping optional rerun call to 'Points3D' because rerun usage is disabled.
[2026-08-02 14:13:54,142][DEBUG][m:optional_rerun_wrapper][fn:method][ln:40] - Skipping optional rerun call to 'AnyValues' because rerun usage is disabled.
[2026-08-02 14:13:54,142][DEBUG][m:optional_rerun_wrapper][fn:method][ln:40] - Skipping optional rerun call to 'log' because rerun usage is disabled.
[2026-08-02 14:13:54,142][DEBUG][m:optional_rerun_wrapper][fn:method][ln:40] - Skipping optional rerun call to 'Boxes3D' because rerun usage is disabled.
[2026-08-02 14:13:54,142][DEBUG][m:optional_rerun_wrapper][fn:method][ln:40] - Skipping optional rerun call to 'AnyValues' because rerun usage is disabled.
[2026-08-02 14:13:54,142][DEBUG][m:optional_rerun_wrapper][fn:method][ln:40] - Skipping optional rerun call to 'log' because rerun usage is disabled.
[2026-08-02 14:13:54,142][DEBUG][m:optional_rerun_wrapper][fn:method][ln:40] - Skipping optional rerun call to 'Boxes3D' because rerun usage is disabled.
[2026-08-02 14:13:54,142][DEBUG][m:optional_rerun_wrapper][fn:method][ln:40] - Skipping optional rerun call to 'AnyValues' because rerun usage is disabled.
[2026-08-02 14:13:54,142][DEBUG][m:optional_rerun_wrapper][fn:method][ln:40] - Skipping optional rerun call to 'log' because rerun usage is disabled.
[2026-08-02 14:13:54,142][DEBUG][m:optional_rerun_wrapper][fn:method][ln:40] - Skipping optional rerun call to 'Boxes3D' because rerun usage is disabled.
[2026-08-02 14:13:54,142][DEBUG][m:optional_rerun_wrapper][fn:method][ln:40] - Skipping optional rerun call to 'AnyValues' because rerun usage is disabled.
[2026-08-02 14:13:54,142][DEBUG][m:optional_rerun_wrapper][fn:method][ln:40] - Skipping optional rerun call to 'log' because rerun usage is disabled.
[2026-08-02 14:13:54,142][DEBUG][m:optional_rerun_wrapper][fn:method][ln:40] - Skipping optional rerun call to 'Clear' because rerun usage is disabled.
[2026-08-02 14:13:54,142][DEBUG][m:optional_rerun_wrapper][fn:method][ln:40] - Skipping optional rerun call to 'log' because rerun usage is disabled.
[2026-08-02 14:13:54,142][DEBUG][m:optional_rerun_wrapper][fn:method][ln:40] - Skipping optional rerun call to 'Clear' because rerun usage is disabled.
[2026-08-02 14:13:54,142][DEBUG][m:optional_rerun_wrapper][fn:method][ln:40] - Skipping optional rerun call to 'log' because rerun usage is disabled.
[2026-08-02 14:13:54,142][DEBUG][m:optional_rerun_wrapper][fn:method][ln:40] - Skipping optional rerun call to 'Clear' because rerun usage is disabled.
[2026-08-02 14:13:54,142][DEBUG][m:optional_rerun_wrapper][fn:method][ln:40] - Skipping optional rerun call to 'log' because rerun usage is disabled.
[2026-08-02 14:13:54,142][DEBUG][m:optional_rerun_wrapper][fn:method][ln:40] - Skipping optional rerun call to 'Clear' because rerun usage is disabled.
[2026-08-02 14:13:54,142][DEBUG][m:optional_rerun_wrapper][fn:method][ln:40] - Skipping optional rerun call to 'log' because rerun usage is disabled.
[2026-08-02 14:13:54,143][DEBUG][m:optional_rerun_wrapper][fn:method][ln:40] - Skipping optional rerun call to 'Clear' because rerun usage is disabled.
[2026-08-02 14:13:54,143][DEBUG][m:optional_rerun_wrapper][fn:method][ln:40] - Skipping optional rerun call to 'log' because rerun usage is disabled.
[2026-08-02 14:13:54,143][DEBUG][m:optional_rerun_wrapper][fn:method][ln:40] - Skipping optional rerun call to 'Clear' because rerun usage is disabled.
[2026-08-02 14:13:54,143][DEBUG][m:optional_rerun_wrapper][fn:method][ln:40] - Skipping optional rerun call to 'log' because rerun usage is disabled.
[2026-08-02 14:13:54,143][DEBUG][m:optional_rerun_wrapper][fn:method][ln:40] - Skipping optional rerun call to 'Clear' because rerun usage is disabled.
[2026-08-02 14:13:54,143][DEBUG][m:optional_rerun_wrapper][fn:method][ln:40] - Skipping optional rerun call to 'log' because rerun usage is disabled.
[2026-08-02 14:13:54,143][DEBUG][m:optional_rerun_wrapper][fn:method][ln:40] - Skipping optional rerun call to 'Clear' because rerun usage is disabled.
[2026-08-02 14:13:54,143][DEBUG][m:optional_rerun_wrapper][fn:method][ln:40] - Skipping optional rerun call to 'log' because rerun usage is disabled.
[2026-08-02 14:13:54,143][DEBUG][m:optional_rerun_wrapper][fn:method][ln:40] - Skipping optional rerun call to 'Clear' because rerun usage is disabled.
[2026-08-02 14:13:54,143][DEBUG][m:optional_rerun_wrapper][fn:method][ln:40] - Skipping optional rerun call to 'log' because rerun usage is disabled.
[2026-08-02 14:13:54,143][DEBUG][m:optional_rerun_wrapper][fn:method][ln:40] - Skipping optional rerun call to 'Clear' because rerun usage is disabled.
[2026-08-02 14:13:54,143][DEBUG][m:optional_rerun_wrapper][fn:method][ln:40] - Skipping optional rerun call to 'log' because rerun usage is disabled.
[2026-08-02 14:13:54,143][DEBUG][m:optional_rerun_wrapper][fn:method][ln:40] - Skipping optional rerun call to 'Clear' because rerun usage is disabled.
[2026-08-02 14:13:54,143][DEBUG][m:optional_rerun_wrapper][fn:method][ln:40] - Skipping optional rerun call to 'log' because rerun usage is disabled.
[2026-08-02 14:13:54,143][DEBUG][m:optional_rerun_wrapper][fn:method][ln:40] - Skipping optional rerun call to 'Clear' because rerun usage is disabled.
[2026-08-02 14:13:54,143][DEBUG][m:optional_rerun_wrapper][fn:method][ln:40] - Skipping optional rerun call to 'log' because rerun usage is disabled.
[2026-08-02 14:13:54,143][DEBUG][m:optional_rerun_wrapper][fn:method][ln:40] - Skipping optional rerun call to 'Clear' because rerun usage is disabled.
[2026-08-02 14:13:54,143][DEBUG][m:optional_rerun_wrapper][fn:method][ln:40] - Skipping optional rerun call to 'log' because rerun usage is disabled.
[2026-08-02 14:13:54,143][DEBUG][m:optional_rerun_wrapper][fn:method][ln:40] - Skipping optional rerun call to 'Clear' because rerun usage is disabled.
[2026-08-02 14:13:54,143][DEBUG][m:optional_rerun_wrapper][fn:method][ln:40] - Skipping optional rerun call to 'log' because rerun usage is disabled.
[2026-08-02 14:13:54,143][DEBUG][m:optional_rerun_wrapper][fn:method][ln:40] - Skipping optional rerun call to 'Clear' because rerun usage is disabled.
[2026-08-02 14:13:54,143][DEBUG][m:optional_rerun_wrapper][fn:method][ln:40] - Skipping optional rerun call to 'log' because rerun usage is disabled.
[2026-08-02 14:13:54,143][DEBUG][m:optional_rerun_wrapper][fn:method][ln:40] - Skipping optional rerun call to 'Clear' because rerun usage is disabled.
[2026-08-02 14:13:54,143][DEBUG][m:optional_rerun_wrapper][fn:method][ln:40] - Skipping optional rerun call to 'log' because rerun usage is disabled.
[2026-08-02 14:13:54,143][DEBUG][m:optional_rerun_wrapper][fn:method][ln:40] - Skipping optional rerun call to 'Clear' because rerun usage is disabled.
[2026-08-02 14:13:54,143][DEBUG][m:optional_rerun_wrapper][fn:method][ln:40] - Skipping optional rerun call to 'log' because rerun usage is disabled.
[2026-08-02 14:13:54,143][DEBUG][m:optional_rerun_wrapper][fn:method][ln:40] - Skipping optional rerun call to 'Clear' because rerun usage is disabled.
[2026-08-02 14:13:54,143][DEBUG][m:optional_rerun_wrapper][fn:method][ln:40] - Skipping optional rerun call to 'log' because rerun usage is disabled.
[2026-08-02 14:13:54,143][DEBUG][m:optional_rerun_wrapper][fn:method][ln:40] - Skipping optional rerun call to 'Clear' because rerun usage is disabled.
[2026-08-02 14:13:54,143][DEBUG][m:optional_rerun_wrapper][fn:method][ln:40] - Skipping optional rerun call to 'log' because rerun usage is disabled.
[2026-08-02 14:13:54,143][DEBUG][m:optional_rerun_wrapper][fn:method][ln:40] - Skipping optional rerun call to 'Clear' because rerun usage is disabled.
[2026-08-02 14:13:54,143][DEBUG][m:optional_rerun_wrapper][fn:method][ln:40] - Skipping optional rerun call to 'log' because rerun usage is disabled.
[2026-08-02 14:13:54,143][DEBUG][m:optional_rerun_wrapper][fn:method][ln:40] - Skipping optional rerun call to 'Clear' because rerun usage is disabled.
[2026-08-02 14:13:54,143][DEBUG][m:optional_rerun_wrapper][fn:method][ln:40] - Skipping optional rerun call to 'log' because rerun usage is disabled.
[2026-08-02 14:13:54,143][DEBUG][m:optional_rerun_wrapper][fn:method][ln:40] - Skipping optional rerun call to 'Clear' because rerun usage is disabled.
[2026-08-02 14:13:54,143][DEBUG][m:optional_rerun_wrapper][fn:method][ln:40] - Skipping optional rerun call to 'log' because rerun usage is disabled.
[2026-08-02 14:13:54,143][DEBUG][m:optional_rerun_wrapper][fn:method][ln:40] - Skipping optional rerun call to 'Clear' because rerun usage is disabled.
[2026-08-02 14:13:54,143][DEBUG][m:optional_rerun_wrapper][fn:method][ln:40] - Skipping optional rerun call to 'log' because rerun usage is disabled.
[2026-08-02 14:13:54,143][DEBUG][m:optional_rerun_wrapper][fn:method][ln:40] - Skipping optional rerun call to 'Clear' because rerun usage is disabled.
[2026-08-02 14:13:54,144][DEBUG][m:optional_rerun_wrapper][fn:method][ln:40] - Skipping optional rerun call to 'log' because rerun usage is disabled.
[2026-08-02 14:13:54,144][DEBUG][m:optional_rerun_wrapper][fn:method][ln:40] - Skipping optional rerun call to 'Clear' because rerun usage is disabled.
[2026-08-02 14:13:54,144][DEBUG][m:optional_rerun_wrapper][fn:method][ln:40] - Skipping optional rerun call to 'log' because rerun usage is disabled.
[2026-08-02 14:13:54,144][DEBUG][m:optional_rerun_wrapper][fn:method][ln:40] - Skipping optional rerun call to 'Clear' because rerun usage is disabled.
[2026-08-02 14:13:54,144][DEBUG][m:optional_rerun_wrapper][fn:method][ln:40] - Skipping optional rerun call to 'log' because rerun usage is disabled.
[2026-08-02 14:13:54,144][DEBUG][m:optional_rerun_wrapper][fn:method][ln:40] - Skipping optional rerun call to 'Clear' because rerun usage is disabled.
[2026-08-02 14:13:54,144][DEBUG][m:optional_rerun_wrapper][fn:method][ln:40] - Skipping optional rerun call to 'log' because rerun usage is disabled.
[2026-08-02 14:13:54,144][DEBUG][m:optional_rerun_wrapper][fn:method][ln:40] - Skipping optional rerun call to 'Clear' because rerun usage is disabled.
[2026-08-02 14:13:54,144][DEBUG][m:optional_rerun_wrapper][fn:method][ln:40] - Skipping optional rerun call to 'log' because rerun usage is disabled.
[2026-08-02 14:13:54,144][DEBUG][m:optional_rerun_wrapper][fn:method][ln:40] - Skipping optional rerun call to 'Clear' because rerun usage is disabled.
[2026-08-02 14:13:54,144][DEBUG][m:optional_rerun_wrapper][fn:method][ln:40] - Skipping optional rerun call to 'log' because rerun usage is disabled.
[2026-08-02 14:13:54,144][DEBUG][m:optional_rerun_wrapper][fn:method][ln:40] - Skipping optional rerun call to 'Clear' because rerun usage is disabled.
[2026-08-02 14:13:54,144][DEBUG][m:optional_rerun_wrapper][fn:method][ln:40] - Skipping optional rerun call to 'log' because rerun usage is disabled.
[2026-08-02 14:13:54,144][DEBUG][m:optional_rerun_wrapper][fn:method][ln:40] - Skipping optional rerun call to 'Clear' because rerun usage is disabled.
[2026-08-02 14:13:54,144][DEBUG][m:optional_rerun_wrapper][fn:method][ln:40] - Skipping optional rerun call to 'log' because rerun usage is disabled.
[2026-08-02 14:13:54,144][DEBUG][m:optional_rerun_wrapper][fn:method][ln:40] - Skipping optional rerun call to 'Clear' because rerun usage is disabled.
[2026-08-02 14:13:54,144][DEBUG][m:optional_rerun_wrapper][fn:method][ln:40] - Skipping optional rerun call to 'log' because rerun usage is disabled.
[2026-08-02 14:13:54,144][DEBUG][m:optional_rerun_wrapper][fn:method][ln:40] - Skipping optional rerun call to 'Clear' because rerun usage is disabled.
[2026-08-02 14:13:54,144][DEBUG][m:optional_rerun_wrapper][fn:method][ln:40] - Skipping optional rerun call to 'log' because rerun usage is disabled.
[2026-08-02 14:13:54,144][DEBUG][m:optional_rerun_wrapper][fn:method][ln:40] - Skipping optional rerun call to 'Clear' because rerun usage is disabled.
[2026-08-02 14:13:54,144][DEBUG][m:optional_rerun_wrapper][fn:method][ln:40] - Skipping optional rerun call to 'log' because rerun usage is disabled.
[2026-08-02 14:13:54,144][DEBUG][m:optional_rerun_wrapper][fn:method][ln:40] - Skipping optional rerun call to 'Clear' because rerun usage is disabled.
[2026-08-02 14:13:54,144][DEBUG][m:optional_rerun_wrapper][fn:method][ln:40] - Skipping optional rerun call to 'log' because rerun usage is disabled.
[2026-08-02 14:13:54,144][DEBUG][m:optional_rerun_wrapper][fn:method][ln:40] - Skipping optional rerun call to 'Clear' because rerun usage is disabled.
[2026-08-02 14:13:54,144][DEBUG][m:optional_rerun_wrapper][fn:method][ln:40] - Skipping optional rerun call to 'log' because rerun usage is disabled.
[2026-08-02 14:13:54,144][DEBUG][m:optional_rerun_wrapper][fn:method][ln:40] - Skipping optional rerun call to 'Clear' because rerun usage is disabled.
[2026-08-02 14:13:54,144][DEBUG][m:optional_rerun_wrapper][fn:method][ln:40] - Skipping optional rerun call to 'log' because rerun usage is disabled.
[2026-08-02 14:13:54,144][DEBUG][m:optional_rerun_wrapper][fn:method][ln:40] - Skipping optional rerun call to 'Clear' because rerun usage is disabled.
[2026-08-02 14:13:54,144][DEBUG][m:optional_rerun_wrapper][fn:method][ln:40] - Skipping optional rerun call to 'log' because rerun usage is disabled.
[2026-08-02 14:13:54,144][DEBUG][m:optional_rerun_wrapper][fn:method][ln:40] - Skipping optional rerun call to 'Clear' because rerun usage is disabled.
[2026-08-02 14:13:54,144][DEBUG][m:optional_rerun_wrapper][fn:method][ln:40] - Skipping optional rerun call to 'log' because rerun usage is disabled.
[2026-08-02 14:13:54,144][DEBUG][m:optional_rerun_wrapper][fn:method][ln:40] - Skipping optional rerun call to 'Clear' because rerun usage is disabled.
[2026-08-02 14:13:54,144][DEBUG][m:optional_rerun_wrapper][fn:method][ln:40] - Skipping optional rerun call to 'log' because rerun usage is disabled.
[2026-08-02 14:13:54,144][DEBUG][m:optional_rerun_wrapper][fn:method][ln:40] - Skipping optional rerun call to 'Clear' because rerun usage is disabled.
[2026-08-02 14:13:54,144][DEBUG][m:optional_rerun_wrapper][fn:method][ln:40] - Skipping optional rerun call to 'log' because rerun usage is disabled.
[2026-08-02 14:13:54,144][DEBUG][m:optional_rerun_wrapper][fn:method][ln:40] - Skipping optional rerun call to 'Clear' because rerun usage is disabled.
[2026-08-02 14:13:54,144][DEBUG][m:optional_rerun_wrapper][fn:method][ln:40] - Skipping optional rerun call to 'log' because rerun usage is disabled.
[2026-08-02 14:13:54,144][DEBUG][m:optional_rerun_wrapper][fn:method][ln:40] - Skipping optional rerun call to 'Clear' because rerun usage is disabled.
[2026-08-02 14:13:54,144][DEBUG][m:optional_rerun_wrapper][fn:method][ln:40] - Skipping optional rerun call to 'log' because rerun usage is disabled.
[2026-08-02 14:13:54,145][DEBUG][m:optional_wandb_wrapper][fn:method][ln:139] - Skipping optional wandb call to 'log' because wandb usage is disabled.
[2026-08-02 14:13:54,145][DEBUG][m:optional_wandb_wrapper][fn:method][ln:139] - Skipping optional wandb call to 'log' because wandb usage is disabled.
100%|██████████| 5/5 [00:04<00:00,  1.12s/it]100%|██████████| 5/5 [00:04<00:00,  1.04it/s]
saving map...
Saved point cloud to /home/chenkejun/beauty/conceptgraphs/data/Replica/room0/exps/smoke_mapping_stride20_gpu0_cached/pcd_smoke_mapping_stride20_gpu0_cached.pkl.gz
Also saved edges to /home/chenkejun/beauty/conceptgraphs/data/Replica/room0/exps/smoke_mapping_stride20_gpu0_cached/pcd_smoke_mapping_stride20_gpu0_cached.pkl.gz
Updated symlink to point to the latest point cloud save at /home/chenkejun/beauty/conceptgraphs/code/concept-graphs-ali/latest_pcd_save to:
/home/chenkejun/beauty/conceptgraphs/data/Replica/room0/exps/smoke_mapping_stride20_gpu0_cached/pcd_smoke_mapping_stride20_gpu0_cached.pkl.gz
Saved object JSON to /home/chenkejun/beauty/conceptgraphs/data/Replica/room0/exps/smoke_mapping_stride20_gpu0_cached/obj_json_smoke_mapping_stride20_gpu0_cached.json
Saved edge JSON to /home/chenkejun/beauty/conceptgraphs/data/Replica/room0/exps/smoke_mapping_stride20_gpu0_cached/edge_json_smoke_mapping_stride20_gpu0_cached.json
[2026-08-02 14:13:56,439][DEBUG][m:optional_wandb_wrapper][fn:method][ln:139] - Skipping optional wandb call to 'finish' because wandb usage is disabled.
